subject,predicate,old_object,new_object
<https://id.analoggamemuseum.org/api/items/1342>,<http://omeka.org/s/vocabs/o#media>,,<https://id.analoggamemuseum.org/api/media/18946>
<https://id.analoggamemuseum.org/api/items/1342>,<http://omeka.org/s/vocabs/o#media>,,<https://id.analoggamemuseum.org/api/media/18947>
<https://id.analoggamemuseum.org/api/items/1342>,<http://omeka.org/s/vocabs/o#media>,,<https://id.analoggamemuseum.org/api/media/18948>
<https://id.analoggamemuseum.org/api/items/1343>,<http://omeka.org/s/vocabs/o#media>,,<https://id.analoggamemuseum.org/api/media/18951>
<https://id.analoggamemuseum.org/api/items/1343>,<http://omeka.org/s/vocabs/o#media>,,<https://id.analoggamemuseum.org/api/media/18952>
<https://id.analoggamemuseum.org/api/items/1344>,<http://omeka.org/s/vocabs/o#media>,,<https://id.analoggamemuseum.org/api/media/18944>
<https://id.analoggamemuseum.org/api/items/1344>,<http://omeka.org/s/vocabs/o#media>,,<https://id.analoggamemuseum.org/api/media/18945>
<https://id.analoggamemuseum.org/api/items/1345>,<http://omeka.org/s/vocabs/o#media>,,<https://id.analoggamemuseum.org/api/media/18921>
<https://id.analoggamemuseum.org/api/items/1345>,<http://omeka.org/s/vocabs/o#media>,,<https://id.analoggamemuseum.org/api/media/18922>
<https://id.analoggamemuseum.org/api/items/1347>,<http://omeka.org/s/vocabs/o#media>,,<https://id.analoggamemuseum.org/api/media/18911>
<https://id.analoggamemuseum.org/api/items/1347>,<http://omeka.org/s/vocabs/o#media>,,<https://id.analoggamemuseum.org/api/media/18912>
<https://id.analoggamemuseum.org/api/items/1348>,<http://omeka.org/s/vocabs/o#media>,,<https://id.analoggamemuseum.org/api/media/18909>
<https://id.analoggamemuseum.org/api/items/1348>,<http://omeka.org/s/vocabs/o#media>,,<https://id.analoggamemuseum.org/api/media/18910>
<https://id.analoggamemuseum.org/api/items/1350>,<http://omeka.org/s/vocabs/o#media>,,<https://id.analoggamemuseum.org/api/media/18949>
<https://id.analoggamemuseum.org/api/items/1350>,<http://omeka.org/s/vocabs/o#media>,,<https://id.analoggamemuseum.org/api/media/18950>
<https://id.analoggamemuseum.org/api/items/1351>,<http://omeka.org/s/vocabs/o#media>,,<https://id.analoggamemuseum.org/api/media/18925>
<https://id.analoggamemuseum.org/api/items/1351>,<http://omeka.org/s/vocabs/o#media>,,<https://id.analoggamemuseum.org/api/media/18926>
<https://id.analoggamemuseum.org/api/items/1351>,<http://omeka.org/s/vocabs/o#media>,,<https://id.analoggamemuseum.org/api/media/18927>
<https://id.analoggamemuseum.org/api/items/1353>,<http://omeka.org/s/vocabs/o#media>,,<https://id.analoggamemuseum.org/api/media/18882>
<https://id.analoggamemuseum.org/api/items/1353>,<http://omeka.org/s/vocabs/o#media>,,<https://id.analoggamemuseum.org/api/media/18883>
<https://id.analoggamemuseum.org/api/items/1354>,<http://omeka.org/s/vocabs/o#media>,,<https://id.analoggamemuseum.org/api/media/18923>
<https://id.analoggamemuseum.org/api/items/1354>,<http://omeka.org/s/vocabs/o#media>,,<https://id.analoggamemuseum.org/api/media/18924>
<https://id.analoggamemuseum.org/api/items/1355>,<http://omeka.org/s/vocabs/o#media>,,<https://id.analoggamemuseum.org/api/media/18942>
<https://id.analoggamemuseum.org/api/items/1355>,<http://omeka.org/s/vocabs/o#media>,,<https://id.analoggamemuseum.org/api/media/18943>
<https://id.analoggamemuseum.org/api/items/1357>,<http://omeka.org/s/vocabs/o#media>,,<https://id.analoggamemuseum.org/api/media/18981>
<https://id.analoggamemuseum.org/api/items/1357>,<http://omeka.org/s/vocabs/o#media>,,<https://id.analoggamemuseum.org/api/media/18982>
<https://id.analoggamemuseum.org/api/items/1363>,<http://omeka.org/s/vocabs/o#media>,,<https://id.analoggamemuseum.org/api/media/18930>
<https://id.analoggamemuseum.org/api/items/1363>,<http://omeka.org/s/vocabs/o#media>,,<https://id.analoggamemuseum.org/api/media/18931>
<https://id.analoggamemuseum.org/api/items/1364>,<http://omeka.org/s/vocabs/o#media>,,<https://id.analoggamemuseum.org/api/media/18932>
<https://id.analoggamemuseum.org/api/items/1364>,<http://omeka.org/s/vocabs/o#media>,,<https://id.analoggamemuseum.org/api/media/18933>
<https://id.analoggamemuseum.org/api/items/1366>,<http://omeka.org/s/vocabs/o#media>,,<https://id.analoggamemuseum.org/api/media/18953>
<https://id.analoggamemuseum.org/api/items/1366>,<http://omeka.org/s/vocabs/o#media>,,<https://id.analoggamemuseum.org/api/media/18954>
<https://id.analoggamemuseum.org/api/items/1367>,<http://omeka.org/s/vocabs/o#media>,,<https://id.analoggamemuseum.org/api/media/18928>
<https://id.analoggamemuseum.org/api/items/1367>,<http://omeka.org/s/vocabs/o#media>,,<https://id.analoggamemuseum.org/api/media/18929>
<https://id.analoggamemuseum.org/api/items/1370>,<http://omeka.org/s/vocabs/o#media>,,<https://id.analoggamemuseum.org/api/media/18917>
<https://id.analoggamemuseum.org/api/items/1370>,<http://omeka.org/s/vocabs/o#media>,,<https://id.analoggamemuseum.org/api/media/18918>
<https://id.analoggamemuseum.org/api/items/1371>,<http://omeka.org/s/vocabs/o#media>,,<https://id.analoggamemuseum.org/api/media/18913>
<https://id.analoggamemuseum.org/api/items/1371>,<http://omeka.org/s/vocabs/o#media>,,<https://id.analoggamemuseum.org/api/media/18914>
<https://id.analoggamemuseum.org/api/items/1373>,<http://omeka.org/s/vocabs/o#media>,,<https://id.analoggamemuseum.org/api/media/18940>
<https://id.analoggamemuseum.org/api/items/1373>,<http://omeka.org/s/vocabs/o#media>,,<https://id.analoggamemuseum.org/api/media/18941>
<https://id.analoggamemuseum.org/api/items/1378>,<http://omeka.org/s/vocabs/o#media>,,<https://id.analoggamemuseum.org/api/media/18915>
<https://id.analoggamemuseum.org/api/items/1378>,<http://omeka.org/s/vocabs/o#media>,,<https://id.analoggamemuseum.org/api/media/18916>
<https://id.analoggamemuseum.org/api/items/1379>,<http://omeka.org/s/vocabs/o#media>,,<https://id.analoggamemuseum.org/api/media/18934>
<https://id.analoggamemuseum.org/api/items/1379>,<http://omeka.org/s/vocabs/o#media>,,<https://id.analoggamemuseum.org/api/media/18935>
<https://id.analoggamemuseum.org/api/items/1380>,<http://omeka.org/s/vocabs/o#media>,,<https://id.analoggamemuseum.org/api/media/18936>
<https://id.analoggamemuseum.org/api/items/1380>,<http://omeka.org/s/vocabs/o#media>,,<https://id.analoggamemuseum.org/api/media/18937>
<https://id.analoggamemuseum.org/api/items/1381>,<http://omeka.org/s/vocabs/o#media>,,<https://id.analoggamemuseum.org/api/media/19798>
<https://id.analoggamemuseum.org/api/items/1381>,<http://omeka.org/s/vocabs/o#media>,,<https://id.analoggamemuseum.org/api/media/19799>
<https://id.analoggamemuseum.org/api/items/1383>,<http://omeka.org/s/vocabs/o#media>,,<https://id.analoggamemuseum.org/api/media/18938>
<https://id.analoggamemuseum.org/api/items/1383>,<http://omeka.org/s/vocabs/o#media>,,<https://id.analoggamemuseum.org/api/media/18939>
<https://id.analoggamemuseum.org/api/items/1384>,<http://omeka.org/s/vocabs/o#media>,,<https://id.analoggamemuseum.org/api/media/18959>
<https://id.analoggamemuseum.org/api/items/1384>,<http://omeka.org/s/vocabs/o#media>,,<https://id.analoggamemuseum.org/api/media/18960>
<https://id.analoggamemuseum.org/api/items/1385>,<http://omeka.org/s/vocabs/o#media>,,<https://id.analoggamemuseum.org/api/media/19787>
<https://id.analoggamemuseum.org/api/items/1385>,<http://omeka.org/s/vocabs/o#media>,,<https://id.analoggamemuseum.org/api/media/19788>
<https://id.analoggamemuseum.org/api/items/1386>,<http://omeka.org/s/vocabs/o#media>,,<https://id.analoggamemuseum.org/api/media/19574>
<https://id.analoggamemuseum.org/api/items/1386>,<http://omeka.org/s/vocabs/o#media>,,<https://id.analoggamemuseum.org/api/media/19575>
<https://id.analoggamemuseum.org/api/items/1386>,<http://omeka.org/s/vocabs/o#media>,,<https://id.analoggamemuseum.org/api/media/19576>
<https://id.analoggamemuseum.org/api/items/1388>,<http://omeka.org/s/vocabs/o#media>,,<https://id.analoggamemuseum.org/api/media/18904>
<https://id.analoggamemuseum.org/api/items/1388>,<http://omeka.org/s/vocabs/o#media>,,<https://id.analoggamemuseum.org/api/media/18905>
<https://id.analoggamemuseum.org/api/items/1388>,<http://omeka.org/s/vocabs/o#media>,,<https://id.analoggamemuseum.org/api/media/18906>
<https://id.analoggamemuseum.org/api/items/1391>,<http://omeka.org/s/vocabs/o#media>,,<https://id.analoggamemuseum.org/api/media/19427>
<https://id.analoggamemuseum.org/api/items/1391>,<http://omeka.org/s/vocabs/o#media>,,<https://id.analoggamemuseum.org/api/media/19428>
<https://id.analoggamemuseum.org/api/items/1392>,<http://omeka.org/s/vocabs/o#media>,,<https://id.analoggamemuseum.org/api/media/18919>
<https://id.analoggamemuseum.org/api/items/1392>,<http://omeka.org/s/vocabs/o#media>,,<https://id.analoggamemuseum.org/api/media/18920>
<https://id.analoggamemuseum.org/api/items/1394>,<http://omeka.org/s/vocabs/o#media>,,<https://id.analoggamemuseum.org/api/media/19800>
<https://id.analoggamemuseum.org/api/items/1394>,<http://omeka.org/s/vocabs/o#media>,,<https://id.analoggamemuseum.org/api/media/19801>
<https://id.analoggamemuseum.org/api/items/1398>,<http://omeka.org/s/vocabs/o#media>,,<https://id.analoggamemuseum.org/api/media/19212>
<https://id.analoggamemuseum.org/api/items/1398>,<http://omeka.org/s/vocabs/o#media>,,<https://id.analoggamemuseum.org/api/media/19213>
<https://id.analoggamemuseum.org/api/items/1406>,<http://omeka.org/s/vocabs/o#media>,,<https://id.analoggamemuseum.org/api/media/19407>
<https://id.analoggamemuseum.org/api/items/1406>,<http://omeka.org/s/vocabs/o#media>,,<https://id.analoggamemuseum.org/api/media/19408>
<https://id.analoggamemuseum.org/api/items/1421>,<http://omeka.org/s/vocabs/o#media>,,<https://id.analoggamemuseum.org/api/media/21498>
<https://id.analoggamemuseum.org/api/items/1421>,<http://omeka.org/s/vocabs/o#media>,,<https://id.analoggamemuseum.org/api/media/21499>
<https://id.analoggamemuseum.org/api/items/1421>,<http://omeka.org/s/vocabs/o#media>,,<https://id.analoggamemuseum.org/api/media/21500>
<https://id.analoggamemuseum.org/api/items/1422>,<http://omeka.org/s/vocabs/o#media>,,<https://id.analoggamemuseum.org/api/media/21377>
<https://id.analoggamemuseum.org/api/items/1422>,<http://omeka.org/s/vocabs/o#media>,,<https://id.analoggamemuseum.org/api/media/21378>
<https://id.analoggamemuseum.org/api/items/1480>,<http://omeka.org/s/vocabs/o#media>,,<https://id.analoggamemuseum.org/api/media/21777>
<https://id.analoggamemuseum.org/api/items/1480>,<http://omeka.org/s/vocabs/o#media>,,<https://id.analoggamemuseum.org/api/media/21778>
<https://id.analoggamemuseum.org/api/items/1493>,<http://omeka.org/s/vocabs/o#media>,,<https://id.analoggamemuseum.org/api/media/19922>
<https://id.analoggamemuseum.org/api/items/1493>,<http://omeka.org/s/vocabs/o#media>,,<https://id.analoggamemuseum.org/api/media/19923>
<https://id.analoggamemuseum.org/api/items/1495>,<http://omeka.org/s/vocabs/o#media>,,<https://id.analoggamemuseum.org/api/media/19075>
<https://id.analoggamemuseum.org/api/items/1495>,<http://omeka.org/s/vocabs/o#media>,,<https://id.analoggamemuseum.org/api/media/19076>
<https://id.analoggamemuseum.org/api/items/1496>,<http://omeka.org/s/vocabs/o#media>,,<https://id.analoggamemuseum.org/api/media/19363>
<https://id.analoggamemuseum.org/api/items/1496>,<http://omeka.org/s/vocabs/o#media>,,<https://id.analoggamemuseum.org/api/media/19364>
<https://id.analoggamemuseum.org/api/items/1501>,<http://omeka.org/s/vocabs/o#media>,,<https://id.analoggamemuseum.org/api/media/19387>
<https://id.analoggamemuseum.org/api/items/1501>,<http://omeka.org/s/vocabs/o#media>,,<https://id.analoggamemuseum.org/api/media/19388>
<https://id.analoggamemuseum.org/api/items/1502>,<http://omeka.org/s/vocabs/o#media>,,<https://id.analoggamemuseum.org/api/media/19095>
<https://id.analoggamemuseum.org/api/items/1502>,<http://omeka.org/s/vocabs/o#media>,,<https://id.analoggamemuseum.org/api/media/19096>
<https://id.analoggamemuseum.org/api/items/1505>,<http://omeka.org/s/vocabs/o#media>,,<https://id.analoggamemuseum.org/api/media/19238>
<https://id.analoggamemuseum.org/api/items/1505>,<http://omeka.org/s/vocabs/o#media>,,<https://id.analoggamemuseum.org/api/media/19239>
<https://id.analoggamemuseum.org/api/items/1506>,<http://omeka.org/s/vocabs/o#media>,,<https://id.analoggamemuseum.org/api/media/19214>
<https://id.analoggamemuseum.org/api/items/1506>,<http://omeka.org/s/vocabs/o#media>,,<https://id.analoggamemuseum.org/api/media/19215>
<https://id.analoggamemuseum.org/api/items/1507>,<http://omeka.org/s/vocabs/o#media>,,<https://id.analoggamemuseum.org/api/media/18983>
<https://id.analoggamemuseum.org/api/items/1507>,<http://omeka.org/s/vocabs/o#media>,,<https://id.analoggamemuseum.org/api/media/18984>
<https://id.analoggamemuseum.org/api/items/1509>,<http://omeka.org/s/vocabs/o#media>,,<https://id.analoggamemuseum.org/api/media/19030>
<https://id.analoggamemuseum.org/api/items/1509>,<http://omeka.org/s/vocabs/o#media>,,<https://id.analoggamemuseum.org/api/media/19031>
<https://id.analoggamemuseum.org/api/items/1509>,<http://omeka.org/s/vocabs/o#media>,,<https://id.analoggamemuseum.org/api/media/19032>
<https://id.analoggamemuseum.org/api/items/1510>,<http://omeka.org/s/vocabs/o#media>,,<https://id.analoggamemuseum.org/api/media/19324>
<https://id.analoggamemuseum.org/api/items/1510>,<http://omeka.org/s/vocabs/o#media>,,<https://id.analoggamemuseum.org/api/media/19325>
<https://id.analoggamemuseum.org/api/items/1510>,<http://omeka.org/s/vocabs/o#media>,,<https://id.analoggamemuseum.org/api/media/19326>
<https://id.analoggamemuseum.org/api/items/1512>,<http://omeka.org/s/vocabs/o#media>,,<https://id.analoggamemuseum.org/api/media/19260>
<https://id.analoggamemuseum.org/api/items/1512>,<http://omeka.org/s/vocabs/o#media>,,<https://id.analoggamemuseum.org/api/media/19261>
<https://id.analoggamemuseum.org/api/items/1513>,<http://omeka.org/s/vocabs/o#media>,,<https://id.analoggamemuseum.org/api/media/19007>
<https://id.analoggamemuseum.org/api/items/1513>,<http://omeka.org/s/vocabs/o#media>,,<https://id.analoggamemuseum.org/api/media/19008>
<https://id.analoggamemuseum.org/api/items/1514>,<http://omeka.org/s/vocabs/o#media>,,<https://id.analoggamemuseum.org/api/media/19306>
<https://id.analoggamemuseum.org/api/items/1514>,<http://omeka.org/s/vocabs/o#media>,,<https://id.analoggamemuseum.org/api/media/19307>
<https://id.analoggamemuseum.org/api/items/1515>,<http://omeka.org/s/vocabs/o#media>,,<https://id.analoggamemuseum.org/api/media/19118>
<https://id.analoggamemuseum.org/api/items/1515>,<http://omeka.org/s/vocabs/o#media>,,<https://id.analoggamemuseum.org/api/media/19119>
<https://id.analoggamemuseum.org/api/items/1522>,<http://omeka.org/s/vocabs/o#media>,,<https://id.analoggamemuseum.org/api/media/19054>
<https://id.analoggamemuseum.org/api/items/1522>,<http://omeka.org/s/vocabs/o#media>,,<https://id.analoggamemuseum.org/api/media/19055>
<https://id.analoggamemuseum.org/api/items/1525>,<http://omeka.org/s/vocabs/o#media>,,<https://id.analoggamemuseum.org/api/media/19140>
<https://id.analoggamemuseum.org/api/items/1525>,<http://omeka.org/s/vocabs/o#media>,,<https://id.analoggamemuseum.org/api/media/19141>
<https://id.analoggamemuseum.org/api/items/1526>,<http://omeka.org/s/vocabs/o#media>,,<https://id.analoggamemuseum.org/api/media/19343>
<https://id.analoggamemuseum.org/api/items/1526>,<http://omeka.org/s/vocabs/o#media>,,<https://id.analoggamemuseum.org/api/media/19344>
<https://id.analoggamemuseum.org/api/items/1527>,<http://omeka.org/s/vocabs/o#media>,,<https://id.analoggamemuseum.org/api/media/19284>
<https://id.analoggamemuseum.org/api/items/1527>,<http://omeka.org/s/vocabs/o#media>,,<https://id.analoggamemuseum.org/api/media/19285>
<https://id.analoggamemuseum.org/api/items/1528>,<http://omeka.org/s/vocabs/o#media>,,<https://id.analoggamemuseum.org/api/media/19187>
<https://id.analoggamemuseum.org/api/items/1528>,<http://omeka.org/s/vocabs/o#media>,,<https://id.analoggamemuseum.org/api/media/19188>
<https://id.analoggamemuseum.org/api/items/1529>,<http://omeka.org/s/vocabs/o#media>,,<https://id.analoggamemuseum.org/api/media/19163>
<https://id.analoggamemuseum.org/api/items/1529>,<http://omeka.org/s/vocabs/o#media>,,<https://id.analoggamemuseum.org/api/media/19164>
<https://id.analoggamemuseum.org/api/items/1531>,<http://omeka.org/s/vocabs/o#media>,,<https://id.analoggamemuseum.org/api/media/19101>
<https://id.analoggamemuseum.org/api/items/1531>,<http://omeka.org/s/vocabs/o#media>,,<https://id.analoggamemuseum.org/api/media/19102>
<https://id.analoggamemuseum.org/api/items/1531>,<http://omeka.org/s/vocabs/o#media>,,<https://id.analoggamemuseum.org/api/media/19103>
<https://id.analoggamemuseum.org/api/items/1533>,<http://omeka.org/s/vocabs/o#media>,,<https://id.analoggamemuseum.org/api/media/19099>
<https://id.analoggamemuseum.org/api/items/1533>,<http://omeka.org/s/vocabs/o#media>,,<https://id.analoggamemuseum.org/api/media/19100>
<https://id.analoggamemuseum.org/api/items/1534>,<http://omeka.org/s/vocabs/o#media>,,<https://id.analoggamemuseum.org/api/media/19429>
<https://id.analoggamemuseum.org/api/items/1534>,<http://omeka.org/s/vocabs/o#media>,,<https://id.analoggamemuseum.org/api/media/19430>
<https://id.analoggamemuseum.org/api/items/1539>,<http://omeka.org/s/vocabs/o#media>,,<https://id.analoggamemuseum.org/api/media/19491>
<https://id.analoggamemuseum.org/api/items/1539>,<http://omeka.org/s/vocabs/o#media>,,<https://id.analoggamemuseum.org/api/media/19492>
<https://id.analoggamemuseum.org/api/items/1539>,<http://omeka.org/s/vocabs/o#media>,,<https://id.analoggamemuseum.org/api/media/19493>
<https://id.analoggamemuseum.org/api/items/1540>,<http://omeka.org/s/vocabs/o#media>,,<https://id.analoggamemuseum.org/api/media/19469>
<https://id.analoggamemuseum.org/api/items/1540>,<http://omeka.org/s/vocabs/o#media>,,<https://id.analoggamemuseum.org/api/media/19470>
<https://id.analoggamemuseum.org/api/items/1543>,<http://omeka.org/s/vocabs/o#media>,,<https://id.analoggamemuseum.org/api/media/19538>
<https://id.analoggamemuseum.org/api/items/1543>,<http://omeka.org/s/vocabs/o#media>,,<https://id.analoggamemuseum.org/api/media/19539>
<https://id.analoggamemuseum.org/api/items/1544>,<http://omeka.org/s/vocabs/o#media>,,<https://id.analoggamemuseum.org/api/media/19518>
<https://id.analoggamemuseum.org/api/items/1544>,<http://omeka.org/s/vocabs/o#media>,,<https://id.analoggamemuseum.org/api/media/19519>
<https://id.analoggamemuseum.org/api/items/1546>,<http://omeka.org/s/vocabs/o#media>,,<https://id.analoggamemuseum.org/api/media/18790>
<https://id.analoggamemuseum.org/api/items/1546>,<http://omeka.org/s/vocabs/o#media>,,<https://id.analoggamemuseum.org/api/media/18791>
<https://id.analoggamemuseum.org/api/items/1548>,<http://omeka.org/s/vocabs/o#media>,,<https://id.analoggamemuseum.org/api/media/18961>
<https://id.analoggamemuseum.org/api/items/1548>,<http://omeka.org/s/vocabs/o#media>,,<https://id.analoggamemuseum.org/api/media/18962>
<https://id.analoggamemuseum.org/api/items/1549>,<http://omeka.org/s/vocabs/o#media>,,<https://id.analoggamemuseum.org/api/media/18884>
<https://id.analoggamemuseum.org/api/items/1549>,<http://omeka.org/s/vocabs/o#media>,,<https://id.analoggamemuseum.org/api/media/18885>
<https://id.analoggamemuseum.org/api/items/1550>,<http://omeka.org/s/vocabs/o#media>,,<https://id.analoggamemuseum.org/api/media/19512>
<https://id.analoggamemuseum.org/api/items/1550>,<http://omeka.org/s/vocabs/o#media>,,<https://id.analoggamemuseum.org/api/media/19513>
<https://id.analoggamemuseum.org/api/items/1550>,<http://omeka.org/s/vocabs/o#media>,,<https://id.analoggamemuseum.org/api/media/19514>
<https://id.analoggamemuseum.org/api/items/1551>,<http://omeka.org/s/vocabs/o#media>,,<https://id.analoggamemuseum.org/api/media/19530>
<https://id.analoggamemuseum.org/api/items/1551>,<http://omeka.org/s/vocabs/o#media>,,<https://id.analoggamemuseum.org/api/media/19531>
<https://id.analoggamemuseum.org/api/items/1552>,<http://omeka.org/s/vocabs/o#media>,,<https://id.analoggamemuseum.org/api/media/19126>
<https://id.analoggamemuseum.org/api/items/1552>,<http://omeka.org/s/vocabs/o#media>,,<https://id.analoggamemuseum.org/api/media/19127>
<https://id.analoggamemuseum.org/api/items/1553>,<http://omeka.org/s/vocabs/o#media>,,<https://id.analoggamemuseum.org/api/media/19120>
<https://id.analoggamemuseum.org/api/items/1553>,<http://omeka.org/s/vocabs/o#media>,,<https://id.analoggamemuseum.org/api/media/19121>
<https://id.analoggamemuseum.org/api/items/1554>,<http://omeka.org/s/vocabs/o#media>,,<https://id.analoggamemuseum.org/api/media/19116>
<https://id.analoggamemuseum.org/api/items/1554>,<http://omeka.org/s/vocabs/o#media>,,<https://id.analoggamemuseum.org/api/media/19117>
<https://id.analoggamemuseum.org/api/items/1555>,<http://omeka.org/s/vocabs/o#media>,,<https://id.analoggamemuseum.org/api/media/19506>
<https://id.analoggamemuseum.org/api/items/1555>,<http://omeka.org/s/vocabs/o#media>,,<https://id.analoggamemuseum.org/api/media/19507>
<https://id.analoggamemuseum.org/api/items/1556>,<http://omeka.org/s/vocabs/o#media>,,<https://id.analoggamemuseum.org/api/media/19124>
<https://id.analoggamemuseum.org/api/items/1556>,<http://omeka.org/s/vocabs/o#media>,,<https://id.analoggamemuseum.org/api/media/19125>
<https://id.analoggamemuseum.org/api/items/1557>,<http://omeka.org/s/vocabs/o#media>,,<https://id.analoggamemuseum.org/api/media/18888>
<https://id.analoggamemuseum.org/api/items/1557>,<http://omeka.org/s/vocabs/o#media>,,<https://id.analoggamemuseum.org/api/media/18889>
<https://id.analoggamemuseum.org/api/items/1558>,<http://omeka.org/s/vocabs/o#media>,,<https://id.analoggamemuseum.org/api/media/19789>
<https://id.analoggamemuseum.org/api/items/1558>,<http://omeka.org/s/vocabs/o#media>,,<https://id.analoggamemuseum.org/api/media/19790>
<https://id.analoggamemuseum.org/api/items/1559>,<http://omeka.org/s/vocabs/o#media>,,<https://id.analoggamemuseum.org/api/media/19741>
<https://id.analoggamemuseum.org/api/items/1559>,<http://omeka.org/s/vocabs/o#media>,,<https://id.analoggamemuseum.org/api/media/19742>
<https://id.analoggamemuseum.org/api/items/1562>,<http://omeka.org/s/vocabs/o#media>,,<https://id.analoggamemuseum.org/api/media/19451>
<https://id.analoggamemuseum.org/api/items/1562>,<http://omeka.org/s/vocabs/o#media>,,<https://id.analoggamemuseum.org/api/media/19452>
<https://id.analoggamemuseum.org/api/items/1563>,<http://omeka.org/s/vocabs/o#media>,,<https://id.analoggamemuseum.org/api/media/19114>
<https://id.analoggamemuseum.org/api/items/1563>,<http://omeka.org/s/vocabs/o#media>,,<https://id.analoggamemuseum.org/api/media/19115>
<https://id.analoggamemuseum.org/api/items/1564>,<http://omeka.org/s/vocabs/o#media>,,<https://id.analoggamemuseum.org/api/media/19122>
<https://id.analoggamemuseum.org/api/items/1564>,<http://omeka.org/s/vocabs/o#media>,,<https://id.analoggamemuseum.org/api/media/19123>
<https://id.analoggamemuseum.org/api/items/1565>,<http://omeka.org/s/vocabs/o#media>,,<https://id.analoggamemuseum.org/api/media/19108>
<https://id.analoggamemuseum.org/api/items/1565>,<http://omeka.org/s/vocabs/o#media>,,<https://id.analoggamemuseum.org/api/media/19109>
<https://id.analoggamemuseum.org/api/items/1566>,<http://omeka.org/s/vocabs/o#media>,,<https://id.analoggamemuseum.org/api/media/19674>
<https://id.analoggamemuseum.org/api/items/1566>,<http://omeka.org/s/vocabs/o#media>,,<https://id.analoggamemuseum.org/api/media/19675>
<https://id.analoggamemuseum.org/api/items/1567>,<http://omeka.org/s/vocabs/o#media>,,<https://id.analoggamemuseum.org/api/media/19104>
<https://id.analoggamemuseum.org/api/items/1567>,<http://omeka.org/s/vocabs/o#media>,,<https://id.analoggamemuseum.org/api/media/19105>
<https://id.analoggamemuseum.org/api/items/1568>,<http://omeka.org/s/vocabs/o#media>,,<https://id.analoggamemuseum.org/api/media/18828>
<https://id.analoggamemuseum.org/api/items/1568>,<http://omeka.org/s/vocabs/o#media>,,<https://id.analoggamemuseum.org/api/media/18829>
<https://id.analoggamemuseum.org/api/items/1569>,<http://omeka.org/s/vocabs/o#media>,,<https://id.analoggamemuseum.org/api/media/19276>
<https://id.analoggamemuseum.org/api/items/1569>,<http://omeka.org/s/vocabs/o#media>,,<https://id.analoggamemuseum.org/api/media/19277>
<https://id.analoggamemuseum.org/api/items/1570>,<http://omeka.org/s/vocabs/o#media>,,<https://id.analoggamemuseum.org/api/media/18876>
<https://id.analoggamemuseum.org/api/items/1570>,<http://omeka.org/s/vocabs/o#media>,,<https://id.analoggamemuseum.org/api/media/18877>
<https://id.analoggamemuseum.org/api/items/1571>,<http://omeka.org/s/vocabs/o#media>,,<https://id.analoggamemuseum.org/api/media/19554>
<https://id.analoggamemuseum.org/api/items/1571>,<http://omeka.org/s/vocabs/o#media>,,<https://id.analoggamemuseum.org/api/media/19555>
<https://id.analoggamemuseum.org/api/items/1572>,<http://omeka.org/s/vocabs/o#media>,,<https://id.analoggamemuseum.org/api/media/19696>
<https://id.analoggamemuseum.org/api/items/1572>,<http://omeka.org/s/vocabs/o#media>,,<https://id.analoggamemuseum.org/api/media/19697>
<https://id.analoggamemuseum.org/api/items/1574>,<http://omeka.org/s/vocabs/o#media>,,<https://id.analoggamemuseum.org/api/media/19597>
<https://id.analoggamemuseum.org/api/items/1574>,<http://omeka.org/s/vocabs/o#media>,,<https://id.analoggamemuseum.org/api/media/19598>
<https://id.analoggamemuseum.org/api/items/1575>,<http://omeka.org/s/vocabs/o#media>,,<https://id.analoggamemuseum.org/api/media/19577>
<https://id.analoggamemuseum.org/api/items/1575>,<http://omeka.org/s/vocabs/o#media>,,<https://id.analoggamemuseum.org/api/media/19578>
<https://id.analoggamemuseum.org/api/items/1576>,<http://omeka.org/s/vocabs/o#media>,,<https://id.analoggamemuseum.org/api/media/19763>
<https://id.analoggamemuseum.org/api/items/1576>,<http://omeka.org/s/vocabs/o#media>,,<https://id.analoggamemuseum.org/api/media/19764>
<https://id.analoggamemuseum.org/api/items/1577>,<http://omeka.org/s/vocabs/o#media>,,<https://id.analoggamemuseum.org/api/media/19718>
<https://id.analoggamemuseum.org/api/items/1577>,<http://omeka.org/s/vocabs/o#media>,,<https://id.analoggamemuseum.org/api/media/19719>
<https://id.analoggamemuseum.org/api/items/1578>,<http://omeka.org/s/vocabs/o#media>,,<https://id.analoggamemuseum.org/api/media/19106>
<https://id.analoggamemuseum.org/api/items/1578>,<http://omeka.org/s/vocabs/o#media>,,<https://id.analoggamemuseum.org/api/media/19107>
<https://id.analoggamemuseum.org/api/items/1579>,<http://omeka.org/s/vocabs/o#media>,,<https://id.analoggamemuseum.org/api/media/18957>
<https://id.analoggamemuseum.org/api/items/1579>,<http://omeka.org/s/vocabs/o#media>,,<https://id.analoggamemuseum.org/api/media/18958>
<https://id.analoggamemuseum.org/api/items/1580>,<http://omeka.org/s/vocabs/o#media>,,<https://id.analoggamemuseum.org/api/media/19112>
<https://id.analoggamemuseum.org/api/items/1580>,<http://omeka.org/s/vocabs/o#media>,,<https://id.analoggamemuseum.org/api/media/19113>
<https://id.analoggamemuseum.org/api/items/1581>,<http://omeka.org/s/vocabs/o#media>,,<https://id.analoggamemuseum.org/api/media/18896>
<https://id.analoggamemuseum.org/api/items/1581>,<http://omeka.org/s/vocabs/o#media>,,<https://id.analoggamemuseum.org/api/media/18897>
<https://id.analoggamemuseum.org/api/items/1582>,<http://omeka.org/s/vocabs/o#media>,,<https://id.analoggamemuseum.org/api/media/18955>
<https://id.analoggamemuseum.org/api/items/1582>,<http://omeka.org/s/vocabs/o#media>,,<https://id.analoggamemuseum.org/api/media/18956>
<https://id.analoggamemuseum.org/api/items/1583>,<http://omeka.org/s/vocabs/o#media>,,<https://id.analoggamemuseum.org/api/media/18886>
<https://id.analoggamemuseum.org/api/items/1583>,<http://omeka.org/s/vocabs/o#media>,,<https://id.analoggamemuseum.org/api/media/18887>
<https://id.analoggamemuseum.org/api/items/1584>,<http://omeka.org/s/vocabs/o#media>,,<https://id.analoggamemuseum.org/api/media/18894>
<https://id.analoggamemuseum.org/api/items/1584>,<http://omeka.org/s/vocabs/o#media>,,<https://id.analoggamemuseum.org/api/media/18895>
<https://id.analoggamemuseum.org/api/items/1585>,<http://omeka.org/s/vocabs/o#media>,,<https://id.analoggamemuseum.org/api/media/19652>
<https://id.analoggamemuseum.org/api/items/1585>,<http://omeka.org/s/vocabs/o#media>,,<https://id.analoggamemuseum.org/api/media/19653>
<https://id.analoggamemuseum.org/api/items/1586>,<http://omeka.org/s/vocabs/o#media>,,<https://id.analoggamemuseum.org/api/media/19294>
<https://id.analoggamemuseum.org/api/items/1586>,<http://omeka.org/s/vocabs/o#media>,,<https://id.analoggamemuseum.org/api/media/19295>
<https://id.analoggamemuseum.org/api/items/1587>,<http://omeka.org/s/vocabs/o#media>,,<https://id.analoggamemuseum.org/api/media/19633>
<https://id.analoggamemuseum.org/api/items/1587>,<http://omeka.org/s/vocabs/o#media>,,<https://id.analoggamemuseum.org/api/media/19634>
<https://id.analoggamemuseum.org/api/items/1588>,<http://omeka.org/s/vocabs/o#media>,,<https://id.analoggamemuseum.org/api/media/19159>
<https://id.analoggamemuseum.org/api/items/1588>,<http://omeka.org/s/vocabs/o#media>,,<https://id.analoggamemuseum.org/api/media/19160>
<https://id.analoggamemuseum.org/api/items/1589>,<http://omeka.org/s/vocabs/o#media>,,<https://id.analoggamemuseum.org/api/media/18969>
<https://id.analoggamemuseum.org/api/items/1589>,<http://omeka.org/s/vocabs/o#media>,,<https://id.analoggamemuseum.org/api/media/18970>
<https://id.analoggamemuseum.org/api/items/1590>,<http://omeka.org/s/vocabs/o#media>,,<https://id.analoggamemuseum.org/api/media/18965>
<https://id.analoggamemuseum.org/api/items/1590>,<http://omeka.org/s/vocabs/o#media>,,<https://id.analoggamemuseum.org/api/media/18966>
<https://id.analoggamemuseum.org/api/items/1591>,<http://omeka.org/s/vocabs/o#media>,,<https://id.analoggamemuseum.org/api/media/18963>
<https://id.analoggamemuseum.org/api/items/1591>,<http://omeka.org/s/vocabs/o#media>,,<https://id.analoggamemuseum.org/api/media/18964>
<https://id.analoggamemuseum.org/api/items/1592>,<http://omeka.org/s/vocabs/o#media>,,<https://id.analoggamemuseum.org/api/media/19271>
<https://id.analoggamemuseum.org/api/items/1592>,<http://omeka.org/s/vocabs/o#media>,,<https://id.analoggamemuseum.org/api/media/19272>
<https://id.analoggamemuseum.org/api/items/1593>,<http://omeka.org/s/vocabs/o#media>,,<https://id.analoggamemuseum.org/api/media/18971>
<https://id.analoggamemuseum.org/api/items/1593>,<http://omeka.org/s/vocabs/o#media>,,<https://id.analoggamemuseum.org/api/media/18972>
<https://id.analoggamemuseum.org/api/items/1594>,<http://omeka.org/s/vocabs/o#media>,,<https://id.analoggamemuseum.org/api/media/19150>
<https://id.analoggamemuseum.org/api/items/1594>,<http://omeka.org/s/vocabs/o#media>,,<https://id.analoggamemuseum.org/api/media/19151>
<https://id.analoggamemuseum.org/api/items/1595>,<http://omeka.org/s/vocabs/o#media>,,<https://id.analoggamemuseum.org/api/media/19290>
<https://id.analoggamemuseum.org/api/items/1595>,<http://omeka.org/s/vocabs/o#media>,,<https://id.analoggamemuseum.org/api/media/19291>
<https://id.analoggamemuseum.org/api/items/1596>,<http://omeka.org/s/vocabs/o#media>,,<https://id.analoggamemuseum.org/api/media/18907>
<https://id.analoggamemuseum.org/api/items/1596>,<http://omeka.org/s/vocabs/o#media>,,<https://id.analoggamemuseum.org/api/media/18908>
<https://id.analoggamemuseum.org/api/items/1597>,<http://omeka.org/s/vocabs/o#media>,,<https://id.analoggamemuseum.org/api/media/19152>
<https://id.analoggamemuseum.org/api/items/1597>,<http://omeka.org/s/vocabs/o#media>,,<https://id.analoggamemuseum.org/api/media/19153>
<https://id.analoggamemuseum.org/api/items/1597>,<http://omeka.org/s/vocabs/o#media>,,<https://id.analoggamemuseum.org/api/media/19154>
<https://id.analoggamemuseum.org/api/items/1598>,<http://omeka.org/s/vocabs/o#media>,,<https://id.analoggamemuseum.org/api/media/19611>
<https://id.analoggamemuseum.org/api/items/1598>,<http://omeka.org/s/vocabs/o#media>,,<https://id.analoggamemuseum.org/api/media/19612>
<https://id.analoggamemuseum.org/api/items/1599>,<http://omeka.org/s/vocabs/o#media>,,<https://id.analoggamemuseum.org/api/media/19288>
<https://id.analoggamemuseum.org/api/items/1599>,<http://omeka.org/s/vocabs/o#media>,,<https://id.analoggamemuseum.org/api/media/19289>
<https://id.analoggamemuseum.org/api/items/1600>,<http://omeka.org/s/vocabs/o#media>,,<https://id.analoggamemuseum.org/api/media/18898>
<https://id.analoggamemuseum.org/api/items/1600>,<http://omeka.org/s/vocabs/o#media>,,<https://id.analoggamemuseum.org/api/media/18899>
<https://id.analoggamemuseum.org/api/items/1601>,<http://omeka.org/s/vocabs/o#media>,,<https://id.analoggamemuseum.org/api/media/19264>
<https://id.analoggamemuseum.org/api/items/1601>,<http://omeka.org/s/vocabs/o#media>,,<https://id.analoggamemuseum.org/api/media/19265>
<https://id.analoggamemuseum.org/api/items/1601>,<http://omeka.org/s/vocabs/o#media>,,<https://id.analoggamemuseum.org/api/media/19266>
<https://id.analoggamemuseum.org/api/items/1602>,<http://omeka.org/s/vocabs/o#media>,,<https://id.analoggamemuseum.org/api/media/19161>
<https://id.analoggamemuseum.org/api/items/1602>,<http://omeka.org/s/vocabs/o#media>,,<https://id.analoggamemuseum.org/api/media/19162>
<https://id.analoggamemuseum.org/api/items/1603>,<http://omeka.org/s/vocabs/o#media>,,<https://id.analoggamemuseum.org/api/media/18967>
<https://id.analoggamemuseum.org/api/items/1603>,<http://omeka.org/s/vocabs/o#media>,,<https://id.analoggamemuseum.org/api/media/18968>
<https://id.analoggamemuseum.org/api/items/1604>,<http://omeka.org/s/vocabs/o#media>,,<https://id.analoggamemuseum.org/api/media/19269>
<https://id.analoggamemuseum.org/api/items/1604>,<http://omeka.org/s/vocabs/o#media>,,<https://id.analoggamemuseum.org/api/media/19270>
<https://id.analoggamemuseum.org/api/items/1605>,<http://omeka.org/s/vocabs/o#media>,,<https://id.analoggamemuseum.org/api/media/19300>
<https://id.analoggamemuseum.org/api/items/1605>,<http://omeka.org/s/vocabs/o#media>,,<https://id.analoggamemuseum.org/api/media/19301>
<https://id.analoggamemuseum.org/api/items/1606>,<http://omeka.org/s/vocabs/o#media>,,<https://id.analoggamemuseum.org/api/media/18892>
<https://id.analoggamemuseum.org/api/items/1606>,<http://omeka.org/s/vocabs/o#media>,,<https://id.analoggamemuseum.org/api/media/18893>
<https://id.analoggamemuseum.org/api/items/1607>,<http://omeka.org/s/vocabs/o#media>,,<https://id.analoggamemuseum.org/api/media/19128>
<https://id.analoggamemuseum.org/api/items/1607>,<http://omeka.org/s/vocabs/o#media>,,<https://id.analoggamemuseum.org/api/media/19129>
<https://id.analoggamemuseum.org/api/items/1608>,<http://omeka.org/s/vocabs/o#media>,,<https://id.analoggamemuseum.org/api/media/18900>
<https://id.analoggamemuseum.org/api/items/1608>,<http://omeka.org/s/vocabs/o#media>,,<https://id.analoggamemuseum.org/api/media/18901>
<https://id.analoggamemuseum.org/api/items/1609>,<http://omeka.org/s/vocabs/o#media>,,<https://id.analoggamemuseum.org/api/media/19132>
<https://id.analoggamemuseum.org/api/items/1609>,<http://omeka.org/s/vocabs/o#media>,,<https://id.analoggamemuseum.org/api/media/19133>
<https://id.analoggamemuseum.org/api/items/1610>,<http://omeka.org/s/vocabs/o#media>,,<https://id.analoggamemuseum.org/api/media/19144>
<https://id.analoggamemuseum.org/api/items/1610>,<http://omeka.org/s/vocabs/o#media>,,<https://id.analoggamemuseum.org/api/media/19145>
<https://id.analoggamemuseum.org/api/items/1611>,<http://omeka.org/s/vocabs/o#media>,,<https://id.analoggamemuseum.org/api/media/19157>
<https://id.analoggamemuseum.org/api/items/1611>,<http://omeka.org/s/vocabs/o#media>,,<https://id.analoggamemuseum.org/api/media/19158>
<https://id.analoggamemuseum.org/api/items/1612>,<http://omeka.org/s/vocabs/o#media>,,<https://id.analoggamemuseum.org/api/media/19146>
<https://id.analoggamemuseum.org/api/items/1612>,<http://omeka.org/s/vocabs/o#media>,,<https://id.analoggamemuseum.org/api/media/19147>
<https://id.analoggamemuseum.org/api/items/1613>,<http://omeka.org/s/vocabs/o#media>,,<https://id.analoggamemuseum.org/api/media/19169>
<https://id.analoggamemuseum.org/api/items/1613>,<http://omeka.org/s/vocabs/o#media>,,<https://id.analoggamemuseum.org/api/media/19170>
<https://id.analoggamemuseum.org/api/items/1614>,<http://omeka.org/s/vocabs/o#media>,,<https://id.analoggamemuseum.org/api/media/18850>
<https://id.analoggamemuseum.org/api/items/1614>,<http://omeka.org/s/vocabs/o#media>,,<https://id.analoggamemuseum.org/api/media/18851>
<https://id.analoggamemuseum.org/api/items/1615>,<http://omeka.org/s/vocabs/o#media>,,<https://id.analoggamemuseum.org/api/media/18812>
<https://id.analoggamemuseum.org/api/items/1615>,<http://omeka.org/s/vocabs/o#media>,,<https://id.analoggamemuseum.org/api/media/18813>
<https://id.analoggamemuseum.org/api/items/1616>,<http://omeka.org/s/vocabs/o#media>,,<https://id.analoggamemuseum.org/api/media/19282>
<https://id.analoggamemuseum.org/api/items/1616>,<http://omeka.org/s/vocabs/o#media>,,<https://id.analoggamemuseum.org/api/media/19283>
<https://id.analoggamemuseum.org/api/items/1617>,<http://omeka.org/s/vocabs/o#media>,,<https://id.analoggamemuseum.org/api/media/19110>
<https://id.analoggamemuseum.org/api/items/1617>,<http://omeka.org/s/vocabs/o#media>,,<https://id.analoggamemuseum.org/api/media/19111>
<https://id.analoggamemuseum.org/api/items/1618>,<http://omeka.org/s/vocabs/o#media>,,<https://id.analoggamemuseum.org/api/media/18878>
<https://id.analoggamemuseum.org/api/items/1618>,<http://omeka.org/s/vocabs/o#media>,,<https://id.analoggamemuseum.org/api/media/18879>
<https://id.analoggamemuseum.org/api/items/1619>,<http://omeka.org/s/vocabs/o#media>,,<https://id.analoggamemuseum.org/api/media/19165>
<https://id.analoggamemuseum.org/api/items/1619>,<http://omeka.org/s/vocabs/o#media>,,<https://id.analoggamemuseum.org/api/media/19166>
<https://id.analoggamemuseum.org/api/items/1620>,<http://omeka.org/s/vocabs/o#media>,,<https://id.analoggamemuseum.org/api/media/18880>
<https://id.analoggamemuseum.org/api/items/1620>,<http://omeka.org/s/vocabs/o#media>,,<https://id.analoggamemuseum.org/api/media/18881>
<https://id.analoggamemuseum.org/api/items/1621>,<http://omeka.org/s/vocabs/o#media>,,<https://id.analoggamemuseum.org/api/media/19278>
<https://id.analoggamemuseum.org/api/items/1621>,<http://omeka.org/s/vocabs/o#media>,,<https://id.analoggamemuseum.org/api/media/19279>
<https://id.analoggamemuseum.org/api/items/1622>,<http://omeka.org/s/vocabs/o#media>,,<https://id.analoggamemuseum.org/api/media/18973>
<https://id.analoggamemuseum.org/api/items/1622>,<http://omeka.org/s/vocabs/o#media>,,<https://id.analoggamemuseum.org/api/media/18974>
<https://id.analoggamemuseum.org/api/items/1623>,<http://omeka.org/s/vocabs/o#media>,,<https://id.analoggamemuseum.org/api/media/19273>
<https://id.analoggamemuseum.org/api/items/1623>,<http://omeka.org/s/vocabs/o#media>,,<https://id.analoggamemuseum.org/api/media/19274>
<https://id.analoggamemuseum.org/api/items/1623>,<http://omeka.org/s/vocabs/o#media>,,<https://id.analoggamemuseum.org/api/media/19275>
<https://id.analoggamemuseum.org/api/items/1624>,<http://omeka.org/s/vocabs/o#media>,,<https://id.analoggamemuseum.org/api/media/19267>
<https://id.analoggamemuseum.org/api/items/1624>,<http://omeka.org/s/vocabs/o#media>,,<https://id.analoggamemuseum.org/api/media/19268>
<https://id.analoggamemuseum.org/api/items/1625>,<http://omeka.org/s/vocabs/o#media>,,<https://id.analoggamemuseum.org/api/media/18890>
<https://id.analoggamemuseum.org/api/items/1625>,<http://omeka.org/s/vocabs/o#media>,,<https://id.analoggamemuseum.org/api/media/18891>
<https://id.analoggamemuseum.org/api/items/1626>,<http://omeka.org/s/vocabs/o#media>,,<https://id.analoggamemuseum.org/api/media/19280>
<https://id.analoggamemuseum.org/api/items/1626>,<http://omeka.org/s/vocabs/o#media>,,<https://id.analoggamemuseum.org/api/media/19281>
<https://id.analoggamemuseum.org/api/items/1627>,<http://omeka.org/s/vocabs/o#media>,,<https://id.analoggamemuseum.org/api/media/19298>
<https://id.analoggamemuseum.org/api/items/1627>,<http://omeka.org/s/vocabs/o#media>,,<https://id.analoggamemuseum.org/api/media/19299>
<https://id.analoggamemuseum.org/api/items/1628>,<http://omeka.org/s/vocabs/o#media>,,<https://id.analoggamemuseum.org/api/media/19304>
<https://id.analoggamemuseum.org/api/items/1628>,<http://omeka.org/s/vocabs/o#media>,,<https://id.analoggamemuseum.org/api/media/19305>
<https://id.analoggamemuseum.org/api/items/1629>,<http://omeka.org/s/vocabs/o#media>,,<https://id.analoggamemuseum.org/api/media/19302>
<https://id.analoggamemuseum.org/api/items/1629>,<http://omeka.org/s/vocabs/o#media>,,<https://id.analoggamemuseum.org/api/media/19303>
<https://id.analoggamemuseum.org/api/items/1630>,<http://omeka.org/s/vocabs/o#media>,,<https://id.analoggamemuseum.org/api/media/19155>
<https://id.analoggamemuseum.org/api/items/1630>,<http://omeka.org/s/vocabs/o#media>,,<https://id.analoggamemuseum.org/api/media/19156>
<https://id.analoggamemuseum.org/api/items/1631>,<http://omeka.org/s/vocabs/o#media>,,<https://id.analoggamemuseum.org/api/media/19148>
<https://id.analoggamemuseum.org/api/items/1631>,<http://omeka.org/s/vocabs/o#media>,,<https://id.analoggamemuseum.org/api/media/19149>
<https://id.analoggamemuseum.org/api/items/1632>,<http://omeka.org/s/vocabs/o#media>,,<https://id.analoggamemuseum.org/api/media/19167>
<https://id.analoggamemuseum.org/api/items/1632>,<http://omeka.org/s/vocabs/o#media>,,<https://id.analoggamemuseum.org/api/media/19168>
<https://id.analoggamemuseum.org/api/items/1633>,<http://omeka.org/s/vocabs/o#media>,,<https://id.analoggamemuseum.org/api/media/19134>
<https://id.analoggamemuseum.org/api/items/1633>,<http://omeka.org/s/vocabs/o#media>,,<https://id.analoggamemuseum.org/api/media/19135>
<https://id.analoggamemuseum.org/api/items/1634>,<http://omeka.org/s/vocabs/o#media>,,<https://id.analoggamemuseum.org/api/media/19138>
<https://id.analoggamemuseum.org/api/items/1634>,<http://omeka.org/s/vocabs/o#media>,,<https://id.analoggamemuseum.org/api/media/19139>
<https://id.analoggamemuseum.org/api/items/1635>,<http://omeka.org/s/vocabs/o#media>,,<https://id.analoggamemuseum.org/api/media/18902>
<https://id.analoggamemuseum.org/api/items/1635>,<http://omeka.org/s/vocabs/o#media>,,<https://id.analoggamemuseum.org/api/media/18903>
<https://id.analoggamemuseum.org/api/items/1636>,<http://omeka.org/s/vocabs/o#media>,,<https://id.analoggamemuseum.org/api/media/19136>
<https://id.analoggamemuseum.org/api/items/1636>,<http://omeka.org/s/vocabs/o#media>,,<https://id.analoggamemuseum.org/api/media/19137>
<https://id.analoggamemuseum.org/api/items/1637>,<http://omeka.org/s/vocabs/o#media>,,<https://id.analoggamemuseum.org/api/media/19142>
<https://id.analoggamemuseum.org/api/items/1637>,<http://omeka.org/s/vocabs/o#media>,,<https://id.analoggamemuseum.org/api/media/19143>
<https://id.analoggamemuseum.org/api/items/1638>,<http://omeka.org/s/vocabs/o#media>,,<https://id.analoggamemuseum.org/api/media/19296>
<https://id.analoggamemuseum.org/api/items/1638>,<http://omeka.org/s/vocabs/o#media>,,<https://id.analoggamemuseum.org/api/media/19297>
<https://id.analoggamemuseum.org/api/items/1639>,<http://omeka.org/s/vocabs/o#media>,,<https://id.analoggamemuseum.org/api/media/18872>
<https://id.analoggamemuseum.org/api/items/1639>,<http://omeka.org/s/vocabs/o#media>,,<https://id.analoggamemuseum.org/api/media/18873>
<https://id.analoggamemuseum.org/api/items/1640>,<http://omeka.org/s/vocabs/o#media>,,<https://id.analoggamemuseum.org/api/media/19308>
<https://id.analoggamemuseum.org/api/items/1640>,<http://omeka.org/s/vocabs/o#media>,,<https://id.analoggamemuseum.org/api/media/19309>
<https://id.analoggamemuseum.org/api/items/1641>,<http://omeka.org/s/vocabs/o#media>,,<https://id.analoggamemuseum.org/api/media/19130>
<https://id.analoggamemuseum.org/api/items/1641>,<http://omeka.org/s/vocabs/o#media>,,<https://id.analoggamemuseum.org/api/media/19131>
<https://id.analoggamemuseum.org/api/items/1642>,<http://omeka.org/s/vocabs/o#media>,,<https://id.analoggamemuseum.org/api/media/19286>
<https://id.analoggamemuseum.org/api/items/1642>,<http://omeka.org/s/vocabs/o#media>,,<https://id.analoggamemuseum.org/api/media/19287>
<https://id.analoggamemuseum.org/api/items/1643>,<http://omeka.org/s/vocabs/o#media>,,<https://id.analoggamemuseum.org/api/media/19292>
<https://id.analoggamemuseum.org/api/items/1643>,<http://omeka.org/s/vocabs/o#media>,,<https://id.analoggamemuseum.org/api/media/19293>
<https://id.analoggamemuseum.org/api/items/1644>,<http://omeka.org/s/vocabs/o#media>,,<https://id.analoggamemuseum.org/api/media/19000>
<https://id.analoggamemuseum.org/api/items/1644>,<http://omeka.org/s/vocabs/o#media>,,<https://id.analoggamemuseum.org/api/media/19001>
<https://id.analoggamemuseum.org/api/items/1645>,<http://omeka.org/s/vocabs/o#media>,,<https://id.analoggamemuseum.org/api/media/19002>
<https://id.analoggamemuseum.org/api/items/1645>,<http://omeka.org/s/vocabs/o#media>,,<https://id.analoggamemuseum.org/api/media/19003>
<https://id.analoggamemuseum.org/api/items/1645>,<http://omeka.org/s/vocabs/o#media>,,<https://id.analoggamemuseum.org/api/media/19004>
<https://id.analoggamemuseum.org/api/items/1646>,<http://omeka.org/s/vocabs/o#media>,,<https://id.analoggamemuseum.org/api/media/18998>
<https://id.analoggamemuseum.org/api/items/1646>,<http://omeka.org/s/vocabs/o#media>,,<https://id.analoggamemuseum.org/api/media/18999>
<https://id.analoggamemuseum.org/api/items/1647>,<http://omeka.org/s/vocabs/o#media>,,<https://id.analoggamemuseum.org/api/media/18992>
<https://id.analoggamemuseum.org/api/items/1647>,<http://omeka.org/s/vocabs/o#media>,,<https://id.analoggamemuseum.org/api/media/18993>
<https://id.analoggamemuseum.org/api/items/1648>,<http://omeka.org/s/vocabs/o#media>,,<https://id.analoggamemuseum.org/api/media/18985>
<https://id.analoggamemuseum.org/api/items/1648>,<http://omeka.org/s/vocabs/o#media>,,<https://id.analoggamemuseum.org/api/media/18986>
<https://id.analoggamemuseum.org/api/items/1649>,<http://omeka.org/s/vocabs/o#media>,,<https://id.analoggamemuseum.org/api/media/19019>
<https://id.analoggamemuseum.org/api/items/1649>,<http://omeka.org/s/vocabs/o#media>,,<https://id.analoggamemuseum.org/api/media/19020>
<https://id.analoggamemuseum.org/api/items/1650>,<http://omeka.org/s/vocabs/o#media>,,<https://id.analoggamemuseum.org/api/media/19017>
<https://id.analoggamemuseum.org/api/items/1650>,<http://omeka.org/s/vocabs/o#media>,,<https://id.analoggamemuseum.org/api/media/19018>
<https://id.analoggamemuseum.org/api/items/1651>,<http://omeka.org/s/vocabs/o#media>,,<https://id.analoggamemuseum.org/api/media/18994>
<https://id.analoggamemuseum.org/api/items/1651>,<http://omeka.org/s/vocabs/o#media>,,<https://id.analoggamemuseum.org/api/media/18995>
<https://id.analoggamemuseum.org/api/items/1652>,<http://omeka.org/s/vocabs/o#media>,,<https://id.analoggamemuseum.org/api/media/18989>
<https://id.analoggamemuseum.org/api/items/1652>,<http://omeka.org/s/vocabs/o#media>,,<https://id.analoggamemuseum.org/api/media/18990>
<https://id.analoggamemuseum.org/api/items/1652>,<http://omeka.org/s/vocabs/o#media>,,<https://id.analoggamemuseum.org/api/media/18991>
<https://id.analoggamemuseum.org/api/items/1653>,<http://omeka.org/s/vocabs/o#media>,,<https://id.analoggamemuseum.org/api/media/18987>
<https://id.analoggamemuseum.org/api/items/1653>,<http://omeka.org/s/vocabs/o#media>,,<https://id.analoggamemuseum.org/api/media/18988>
<https://id.analoggamemuseum.org/api/items/1654>,<http://omeka.org/s/vocabs/o#media>,,<https://id.analoggamemuseum.org/api/media/18977>
<https://id.analoggamemuseum.org/api/items/1654>,<http://omeka.org/s/vocabs/o#media>,,<https://id.analoggamemuseum.org/api/media/18978>
<https://id.analoggamemuseum.org/api/items/1655>,<http://omeka.org/s/vocabs/o#media>,,<https://id.analoggamemuseum.org/api/media/18979>
<https://id.analoggamemuseum.org/api/items/1655>,<http://omeka.org/s/vocabs/o#media>,,<https://id.analoggamemuseum.org/api/media/18980>
<https://id.analoggamemuseum.org/api/items/1656>,<http://omeka.org/s/vocabs/o#media>,,<https://id.analoggamemuseum.org/api/media/19005>
<https://id.analoggamemuseum.org/api/items/1656>,<http://omeka.org/s/vocabs/o#media>,,<https://id.analoggamemuseum.org/api/media/19006>
<https://id.analoggamemuseum.org/api/items/1657>,<http://omeka.org/s/vocabs/o#media>,,<https://id.analoggamemuseum.org/api/media/18996>
<https://id.analoggamemuseum.org/api/items/1657>,<http://omeka.org/s/vocabs/o#media>,,<https://id.analoggamemuseum.org/api/media/18997>
<https://id.analoggamemuseum.org/api/items/1658>,<http://omeka.org/s/vocabs/o#media>,,<https://id.analoggamemuseum.org/api/media/19322>
<https://id.analoggamemuseum.org/api/items/1658>,<http://omeka.org/s/vocabs/o#media>,,<https://id.analoggamemuseum.org/api/media/19323>
<https://id.analoggamemuseum.org/api/items/1659>,<http://omeka.org/s/vocabs/o#media>,,<https://id.analoggamemuseum.org/api/media/19201>
<https://id.analoggamemuseum.org/api/items/1659>,<http://omeka.org/s/vocabs/o#media>,,<https://id.analoggamemuseum.org/api/media/19202>
<https://id.analoggamemuseum.org/api/items/1660>,<http://omeka.org/s/vocabs/o#media>,,<https://id.analoggamemuseum.org/api/media/19180>
<https://id.analoggamemuseum.org/api/items/1660>,<http://omeka.org/s/vocabs/o#media>,,<https://id.analoggamemuseum.org/api/media/19181>
<https://id.analoggamemuseum.org/api/items/1661>,<http://omeka.org/s/vocabs/o#media>,,<https://id.analoggamemuseum.org/api/media/19197>
<https://id.analoggamemuseum.org/api/items/1661>,<http://omeka.org/s/vocabs/o#media>,,<https://id.analoggamemuseum.org/api/media/19198>
<https://id.analoggamemuseum.org/api/items/1662>,<http://omeka.org/s/vocabs/o#media>,,<https://id.analoggamemuseum.org/api/media/19199>
<https://id.analoggamemuseum.org/api/items/1662>,<http://omeka.org/s/vocabs/o#media>,,<https://id.analoggamemuseum.org/api/media/19200>
<https://id.analoggamemuseum.org/api/items/1663>,<http://omeka.org/s/vocabs/o#media>,,<https://id.analoggamemuseum.org/api/media/19184>
<https://id.analoggamemuseum.org/api/items/1663>,<http://omeka.org/s/vocabs/o#media>,,<https://id.analoggamemuseum.org/api/media/19185>
<https://id.analoggamemuseum.org/api/items/1663>,<http://omeka.org/s/vocabs/o#media>,,<https://id.analoggamemuseum.org/api/media/19186>
<https://id.analoggamemuseum.org/api/items/1664>,<http://omeka.org/s/vocabs/o#media>,,<https://id.analoggamemuseum.org/api/media/19189>
<https://id.analoggamemuseum.org/api/items/1664>,<http://omeka.org/s/vocabs/o#media>,,<https://id.analoggamemuseum.org/api/media/19190>
<https://id.analoggamemuseum.org/api/items/1664>,<http://omeka.org/s/vocabs/o#media>,,<https://id.analoggamemuseum.org/api/media/19191>
<https://id.analoggamemuseum.org/api/items/1665>,<http://omeka.org/s/vocabs/o#media>,,<https://id.analoggamemuseum.org/api/media/19194>
<https://id.analoggamemuseum.org/api/items/1665>,<http://omeka.org/s/vocabs/o#media>,,<https://id.analoggamemuseum.org/api/media/19195>
<https://id.analoggamemuseum.org/api/items/1665>,<http://omeka.org/s/vocabs/o#media>,,<https://id.analoggamemuseum.org/api/media/19196>
<https://id.analoggamemuseum.org/api/items/1666>,<http://omeka.org/s/vocabs/o#media>,,<https://id.analoggamemuseum.org/api/media/19175>
<https://id.analoggamemuseum.org/api/items/1666>,<http://omeka.org/s/vocabs/o#media>,,<https://id.analoggamemuseum.org/api/media/19176>
<https://id.analoggamemuseum.org/api/items/1666>,<http://omeka.org/s/vocabs/o#media>,,<https://id.analoggamemuseum.org/api/media/19177>
<https://id.analoggamemuseum.org/api/items/1667>,<http://omeka.org/s/vocabs/o#media>,,<https://id.analoggamemuseum.org/api/media/19203>
<https://id.analoggamemuseum.org/api/items/1667>,<http://omeka.org/s/vocabs/o#media>,,<https://id.analoggamemuseum.org/api/media/19204>
<https://id.analoggamemuseum.org/api/items/1667>,<http://omeka.org/s/vocabs/o#media>,,<https://id.analoggamemuseum.org/api/media/19205>
<https://id.analoggamemuseum.org/api/items/1668>,<http://omeka.org/s/vocabs/o#media>,,<https://id.analoggamemuseum.org/api/media/19320>
<https://id.analoggamemuseum.org/api/items/1668>,<http://omeka.org/s/vocabs/o#media>,,<https://id.analoggamemuseum.org/api/media/19321>
<https://id.analoggamemuseum.org/api/items/1669>,<http://omeka.org/s/vocabs/o#media>,,<https://id.analoggamemuseum.org/api/media/19192>
<https://id.analoggamemuseum.org/api/items/1669>,<http://omeka.org/s/vocabs/o#media>,,<https://id.analoggamemuseum.org/api/media/19193>
<https://id.analoggamemuseum.org/api/items/1670>,<http://omeka.org/s/vocabs/o#media>,,<https://id.analoggamemuseum.org/api/media/19171>
<https://id.analoggamemuseum.org/api/items/1670>,<http://omeka.org/s/vocabs/o#media>,,<https://id.analoggamemuseum.org/api/media/19172>
<https://id.analoggamemuseum.org/api/items/1671>,<http://omeka.org/s/vocabs/o#media>,,<https://id.analoggamemuseum.org/api/media/19178>
<https://id.analoggamemuseum.org/api/items/1671>,<http://omeka.org/s/vocabs/o#media>,,<https://id.analoggamemuseum.org/api/media/19179>
<https://id.analoggamemuseum.org/api/items/1672>,<http://omeka.org/s/vocabs/o#media>,,<https://id.analoggamemuseum.org/api/media/18975>
<https://id.analoggamemuseum.org/api/items/1672>,<http://omeka.org/s/vocabs/o#media>,,<https://id.analoggamemuseum.org/api/media/18976>
<https://id.analoggamemuseum.org/api/items/1673>,<http://omeka.org/s/vocabs/o#media>,,<https://id.analoggamemuseum.org/api/media/19318>
<https://id.analoggamemuseum.org/api/items/1673>,<http://omeka.org/s/vocabs/o#media>,,<https://id.analoggamemuseum.org/api/media/19319>
<https://id.analoggamemuseum.org/api/items/1674>,<http://omeka.org/s/vocabs/o#media>,,<https://id.analoggamemuseum.org/api/media/19314>
<https://id.analoggamemuseum.org/api/items/1674>,<http://omeka.org/s/vocabs/o#media>,,<https://id.analoggamemuseum.org/api/media/19315>
<https://id.analoggamemuseum.org/api/items/1675>,<http://omeka.org/s/vocabs/o#media>,,<https://id.analoggamemuseum.org/api/media/19312>
<https://id.analoggamemuseum.org/api/items/1675>,<http://omeka.org/s/vocabs/o#media>,,<https://id.analoggamemuseum.org/api/media/19313>
<https://id.analoggamemuseum.org/api/items/1676>,<http://omeka.org/s/vocabs/o#media>,,<https://id.analoggamemuseum.org/api/media/19173>
<https://id.analoggamemuseum.org/api/items/1676>,<http://omeka.org/s/vocabs/o#media>,,<https://id.analoggamemuseum.org/api/media/19174>
<https://id.analoggamemuseum.org/api/items/1677>,<http://omeka.org/s/vocabs/o#media>,,<https://id.analoggamemuseum.org/api/media/19182>
<https://id.analoggamemuseum.org/api/items/1677>,<http://omeka.org/s/vocabs/o#media>,,<https://id.analoggamemuseum.org/api/media/19183>
<https://id.analoggamemuseum.org/api/items/1678>,<http://omeka.org/s/vocabs/o#media>,,<https://id.analoggamemuseum.org/api/media/19310>
<https://id.analoggamemuseum.org/api/items/1678>,<http://omeka.org/s/vocabs/o#media>,,<https://id.analoggamemuseum.org/api/media/19311>
<https://id.analoggamemuseum.org/api/items/1679>,<http://omeka.org/s/vocabs/o#media>,,<https://id.analoggamemuseum.org/api/media/19316>
<https://id.analoggamemuseum.org/api/items/1679>,<http://omeka.org/s/vocabs/o#media>,,<https://id.analoggamemuseum.org/api/media/19317>
<https://id.analoggamemuseum.org/api/items/1680>,<http://omeka.org/s/vocabs/o#media>,,<https://id.analoggamemuseum.org/api/media/20488>
<https://id.analoggamemuseum.org/api/items/1680>,<http://omeka.org/s/vocabs/o#media>,,<https://id.analoggamemuseum.org/api/media/20489>
<https://id.analoggamemuseum.org/api/items/1680>,<http://omeka.org/s/vocabs/o#media>,,<https://id.analoggamemuseum.org/api/media/20490>
<https://id.analoggamemuseum.org/api/items/1681>,<http://omeka.org/s/vocabs/o#media>,,<https://id.analoggamemuseum.org/api/media/20606>
<https://id.analoggamemuseum.org/api/items/1681>,<http://omeka.org/s/vocabs/o#media>,,<https://id.analoggamemuseum.org/api/media/20607>
<https://id.analoggamemuseum.org/api/items/1682>,<http://omeka.org/s/vocabs/o#media>,,<https://id.analoggamemuseum.org/api/media/20483>
<https://id.analoggamemuseum.org/api/items/1682>,<http://omeka.org/s/vocabs/o#media>,,<https://id.analoggamemuseum.org/api/media/20484>
<https://id.analoggamemuseum.org/api/items/1683>,<http://omeka.org/s/vocabs/o#media>,,<https://id.analoggamemuseum.org/api/media/20596>
<https://id.analoggamemuseum.org/api/items/1683>,<http://omeka.org/s/vocabs/o#media>,,<https://id.analoggamemuseum.org/api/media/20597>
<https://id.analoggamemuseum.org/api/items/1684>,<http://omeka.org/s/vocabs/o#media>,,<https://id.analoggamemuseum.org/api/media/20478>
<https://id.analoggamemuseum.org/api/items/1684>,<http://omeka.org/s/vocabs/o#media>,,<https://id.analoggamemuseum.org/api/media/20479>
<https://id.analoggamemuseum.org/api/items/1684>,<http://omeka.org/s/vocabs/o#media>,,<https://id.analoggamemuseum.org/api/media/20480>
<https://id.analoggamemuseum.org/api/items/1685>,<http://omeka.org/s/vocabs/o#media>,,<https://id.analoggamemuseum.org/api/media/20622>
<https://id.analoggamemuseum.org/api/items/1685>,<http://omeka.org/s/vocabs/o#media>,,<https://id.analoggamemuseum.org/api/media/20623>
<https://id.analoggamemuseum.org/api/items/1686>,<http://omeka.org/s/vocabs/o#media>,,<https://id.analoggamemuseum.org/api/media/21052>
<https://id.analoggamemuseum.org/api/items/1686>,<http://omeka.org/s/vocabs/o#media>,,<https://id.analoggamemuseum.org/api/media/21053>
<https://id.analoggamemuseum.org/api/items/1687>,<http://omeka.org/s/vocabs/o#media>,,<https://id.analoggamemuseum.org/api/media/20458>
<https://id.analoggamemuseum.org/api/items/1687>,<http://omeka.org/s/vocabs/o#media>,,<https://id.analoggamemuseum.org/api/media/20459>
<https://id.analoggamemuseum.org/api/items/1688>,<http://omeka.org/s/vocabs/o#media>,,<https://id.analoggamemuseum.org/api/media/20456>
<https://id.analoggamemuseum.org/api/items/1688>,<http://omeka.org/s/vocabs/o#media>,,<https://id.analoggamemuseum.org/api/media/20457>
<https://id.analoggamemuseum.org/api/items/1689>,<http://omeka.org/s/vocabs/o#media>,,<https://id.analoggamemuseum.org/api/media/20624>
<https://id.analoggamemuseum.org/api/items/1689>,<http://omeka.org/s/vocabs/o#media>,,<https://id.analoggamemuseum.org/api/media/20625>
<https://id.analoggamemuseum.org/api/items/1689>,<http://omeka.org/s/vocabs/o#media>,,<https://id.analoggamemuseum.org/api/media/20626>
<https://id.analoggamemuseum.org/api/items/1690>,<http://omeka.org/s/vocabs/o#media>,,<https://id.analoggamemuseum.org/api/media/20636>
<https://id.analoggamemuseum.org/api/items/1690>,<http://omeka.org/s/vocabs/o#media>,,<https://id.analoggamemuseum.org/api/media/20637>
<https://id.analoggamemuseum.org/api/items/1690>,<http://omeka.org/s/vocabs/o#media>,,<https://id.analoggamemuseum.org/api/media/20638>
<https://id.analoggamemuseum.org/api/items/1691>,<http://omeka.org/s/vocabs/o#media>,,<https://id.analoggamemuseum.org/api/media/20632>
<https://id.analoggamemuseum.org/api/items/1691>,<http://omeka.org/s/vocabs/o#media>,,<https://id.analoggamemuseum.org/api/media/20633>
<https://id.analoggamemuseum.org/api/items/1692>,<http://omeka.org/s/vocabs/o#media>,,<https://id.analoggamemuseum.org/api/media/20629>
<https://id.analoggamemuseum.org/api/items/1692>,<http://omeka.org/s/vocabs/o#media>,,<https://id.analoggamemuseum.org/api/media/20630>
<https://id.analoggamemuseum.org/api/items/1692>,<http://omeka.org/s/vocabs/o#media>,,<https://id.analoggamemuseum.org/api/media/20631>
<https://id.analoggamemuseum.org/api/items/1693>,<http://omeka.org/s/vocabs/o#media>,,<https://id.analoggamemuseum.org/api/media/20655>
<https://id.analoggamemuseum.org/api/items/1693>,<http://omeka.org/s/vocabs/o#media>,,<https://id.analoggamemuseum.org/api/media/20656>
<https://id.analoggamemuseum.org/api/items/1694>,<http://omeka.org/s/vocabs/o#media>,,<https://id.analoggamemuseum.org/api/media/20580>
<https://id.analoggamemuseum.org/api/items/1694>,<http://omeka.org/s/vocabs/o#media>,,<https://id.analoggamemuseum.org/api/media/20581>
<https://id.analoggamemuseum.org/api/items/1695>,<http://omeka.org/s/vocabs/o#media>,,<https://id.analoggamemuseum.org/api/media/20167>
<https://id.analoggamemuseum.org/api/items/1695>,<http://omeka.org/s/vocabs/o#media>,,<https://id.analoggamemuseum.org/api/media/20168>
<https://id.analoggamemuseum.org/api/items/1696>,<http://omeka.org/s/vocabs/o#media>,,<https://id.analoggamemuseum.org/api/media/20120>
<https://id.analoggamemuseum.org/api/items/1696>,<http://omeka.org/s/vocabs/o#media>,,<https://id.analoggamemuseum.org/api/media/20121>
<https://id.analoggamemuseum.org/api/items/1697>,<http://omeka.org/s/vocabs/o#media>,,<https://id.analoggamemuseum.org/api/media/19975>
<https://id.analoggamemuseum.org/api/items/1697>,<http://omeka.org/s/vocabs/o#media>,,<https://id.analoggamemuseum.org/api/media/19976>
<https://id.analoggamemuseum.org/api/items/1698>,<http://omeka.org/s/vocabs/o#media>,,<https://id.analoggamemuseum.org/api/media/21242>
<https://id.analoggamemuseum.org/api/items/1698>,<http://omeka.org/s/vocabs/o#media>,,<https://id.analoggamemuseum.org/api/media/21243>
<https://id.analoggamemuseum.org/api/items/1699>,<http://omeka.org/s/vocabs/o#media>,,<https://id.analoggamemuseum.org/api/media/21147>
<https://id.analoggamemuseum.org/api/items/1699>,<http://omeka.org/s/vocabs/o#media>,,<https://id.analoggamemuseum.org/api/media/21148>
<https://id.analoggamemuseum.org/api/items/1700>,<http://omeka.org/s/vocabs/o#media>,,<https://id.analoggamemuseum.org/api/media/19015>
<https://id.analoggamemuseum.org/api/items/1700>,<http://omeka.org/s/vocabs/o#media>,,<https://id.analoggamemuseum.org/api/media/19016>
<https://id.analoggamemuseum.org/api/items/1701>,<http://omeka.org/s/vocabs/o#media>,,<https://id.analoggamemuseum.org/api/media/20639>
<https://id.analoggamemuseum.org/api/items/1701>,<http://omeka.org/s/vocabs/o#media>,,<https://id.analoggamemuseum.org/api/media/20640>
<https://id.analoggamemuseum.org/api/items/1702>,<http://omeka.org/s/vocabs/o#media>,,<https://id.analoggamemuseum.org/api/media/20641>
<https://id.analoggamemuseum.org/api/items/1702>,<http://omeka.org/s/vocabs/o#media>,,<https://id.analoggamemuseum.org/api/media/20642>
<https://id.analoggamemuseum.org/api/items/1703>,<http://omeka.org/s/vocabs/o#media>,,<https://id.analoggamemuseum.org/api/media/20620>
<https://id.analoggamemuseum.org/api/items/1703>,<http://omeka.org/s/vocabs/o#media>,,<https://id.analoggamemuseum.org/api/media/20621>
<https://id.analoggamemuseum.org/api/items/1704>,<http://omeka.org/s/vocabs/o#media>,,<https://id.analoggamemuseum.org/api/media/20481>
<https://id.analoggamemuseum.org/api/items/1704>,<http://omeka.org/s/vocabs/o#media>,,<https://id.analoggamemuseum.org/api/media/20482>
<https://id.analoggamemuseum.org/api/items/1705>,<http://omeka.org/s/vocabs/o#media>,,<https://id.analoggamemuseum.org/api/media/20467>
<https://id.analoggamemuseum.org/api/items/1705>,<http://omeka.org/s/vocabs/o#media>,,<https://id.analoggamemuseum.org/api/media/20468>
<https://id.analoggamemuseum.org/api/items/1706>,<http://omeka.org/s/vocabs/o#media>,,<https://id.analoggamemuseum.org/api/media/20465>
<https://id.analoggamemuseum.org/api/items/1706>,<http://omeka.org/s/vocabs/o#media>,,<https://id.analoggamemuseum.org/api/media/20466>
<https://id.analoggamemuseum.org/api/items/1707>,<http://omeka.org/s/vocabs/o#media>,,<https://id.analoggamemuseum.org/api/media/20462>
<https://id.analoggamemuseum.org/api/items/1707>,<http://omeka.org/s/vocabs/o#media>,,<https://id.analoggamemuseum.org/api/media/20463>
<https://id.analoggamemuseum.org/api/items/1707>,<http://omeka.org/s/vocabs/o#media>,,<https://id.analoggamemuseum.org/api/media/20464>
<https://id.analoggamemuseum.org/api/items/1708>,<http://omeka.org/s/vocabs/o#media>,,<https://id.analoggamemuseum.org/api/media/19998>
<https://id.analoggamemuseum.org/api/items/1708>,<http://omeka.org/s/vocabs/o#media>,,<https://id.analoggamemuseum.org/api/media/19999>
<https://id.analoggamemuseum.org/api/items/1708>,<http://omeka.org/s/vocabs/o#media>,,<https://id.analoggamemuseum.org/api/media/20000>
<https://id.analoggamemuseum.org/api/items/1709>,<http://omeka.org/s/vocabs/o#media>,,<https://id.analoggamemuseum.org/api/media/20073>
<https://id.analoggamemuseum.org/api/items/1709>,<http://omeka.org/s/vocabs/o#media>,,<https://id.analoggamemuseum.org/api/media/20074>
<https://id.analoggamemuseum.org/api/items/1709>,<http://omeka.org/s/vocabs/o#media>,,<https://id.analoggamemuseum.org/api/media/20075>
<https://id.analoggamemuseum.org/api/items/1710>,<http://omeka.org/s/vocabs/o#media>,,<https://id.analoggamemuseum.org/api/media/19926>
<https://id.analoggamemuseum.org/api/items/1710>,<http://omeka.org/s/vocabs/o#media>,,<https://id.analoggamemuseum.org/api/media/19927>
<https://id.analoggamemuseum.org/api/items/1711>,<http://omeka.org/s/vocabs/o#media>,,<https://id.analoggamemuseum.org/api/media/20485>
<https://id.analoggamemuseum.org/api/items/1711>,<http://omeka.org/s/vocabs/o#media>,,<https://id.analoggamemuseum.org/api/media/20486>
<https://id.analoggamemuseum.org/api/items/1711>,<http://omeka.org/s/vocabs/o#media>,,<https://id.analoggamemuseum.org/api/media/20487>
<https://id.analoggamemuseum.org/api/items/1712>,<http://omeka.org/s/vocabs/o#media>,,<https://id.analoggamemuseum.org/api/media/20600>
<https://id.analoggamemuseum.org/api/items/1712>,<http://omeka.org/s/vocabs/o#media>,,<https://id.analoggamemuseum.org/api/media/20601>
<https://id.analoggamemuseum.org/api/items/1713>,<http://omeka.org/s/vocabs/o#media>,,<https://id.analoggamemuseum.org/api/media/20142>
<https://id.analoggamemuseum.org/api/items/1713>,<http://omeka.org/s/vocabs/o#media>,,<https://id.analoggamemuseum.org/api/media/20143>
<https://id.analoggamemuseum.org/api/items/1714>,<http://omeka.org/s/vocabs/o#media>,,<https://id.analoggamemuseum.org/api/media/20491>
<https://id.analoggamemuseum.org/api/items/1714>,<http://omeka.org/s/vocabs/o#media>,,<https://id.analoggamemuseum.org/api/media/20492>
<https://id.analoggamemuseum.org/api/items/1715>,<http://omeka.org/s/vocabs/o#media>,,<https://id.analoggamemuseum.org/api/media/20602>
<https://id.analoggamemuseum.org/api/items/1715>,<http://omeka.org/s/vocabs/o#media>,,<https://id.analoggamemuseum.org/api/media/20603>
<https://id.analoggamemuseum.org/api/items/1716>,<http://omeka.org/s/vocabs/o#media>,,<https://id.analoggamemuseum.org/api/media/20604>
<https://id.analoggamemuseum.org/api/items/1716>,<http://omeka.org/s/vocabs/o#media>,,<https://id.analoggamemuseum.org/api/media/20605>
<https://id.analoggamemuseum.org/api/items/1717>,<http://omeka.org/s/vocabs/o#media>,,<https://id.analoggamemuseum.org/api/media/20613>
<https://id.analoggamemuseum.org/api/items/1717>,<http://omeka.org/s/vocabs/o#media>,,<https://id.analoggamemuseum.org/api/media/20614>
<https://id.analoggamemuseum.org/api/items/1718>,<http://omeka.org/s/vocabs/o#media>,,<https://id.analoggamemuseum.org/api/media/20756>
<https://id.analoggamemuseum.org/api/items/1718>,<http://omeka.org/s/vocabs/o#media>,,<https://id.analoggamemuseum.org/api/media/20757>
<https://id.analoggamemuseum.org/api/items/1719>,<http://omeka.org/s/vocabs/o#media>,,<https://id.analoggamemuseum.org/api/media/20473>
<https://id.analoggamemuseum.org/api/items/1719>,<http://omeka.org/s/vocabs/o#media>,,<https://id.analoggamemuseum.org/api/media/20474>
<https://id.analoggamemuseum.org/api/items/1719>,<http://omeka.org/s/vocabs/o#media>,,<https://id.analoggamemuseum.org/api/media/20475>
<https://id.analoggamemuseum.org/api/items/1720>,<http://omeka.org/s/vocabs/o#media>,,<https://id.analoggamemuseum.org/api/media/21054>
<https://id.analoggamemuseum.org/api/items/1720>,<http://omeka.org/s/vocabs/o#media>,,<https://id.analoggamemuseum.org/api/media/21055>
<https://id.analoggamemuseum.org/api/items/1721>,<http://omeka.org/s/vocabs/o#media>,,<https://id.analoggamemuseum.org/api/media/21068>
<https://id.analoggamemuseum.org/api/items/1721>,<http://omeka.org/s/vocabs/o#media>,,<https://id.analoggamemuseum.org/api/media/21069>
<https://id.analoggamemuseum.org/api/items/1722>,<http://omeka.org/s/vocabs/o#media>,,<https://id.analoggamemuseum.org/api/media/20460>
<https://id.analoggamemuseum.org/api/items/1722>,<http://omeka.org/s/vocabs/o#media>,,<https://id.analoggamemuseum.org/api/media/20461>
<https://id.analoggamemuseum.org/api/items/1724>,<http://omeka.org/s/vocabs/o#media>,,<https://id.analoggamemuseum.org/api/media/21070>
<https://id.analoggamemuseum.org/api/items/1724>,<http://omeka.org/s/vocabs/o#media>,,<https://id.analoggamemuseum.org/api/media/21071>
<https://id.analoggamemuseum.org/api/items/1725>,<http://omeka.org/s/vocabs/o#media>,,<https://id.analoggamemuseum.org/api/media/21048>
<https://id.analoggamemuseum.org/api/items/1725>,<http://omeka.org/s/vocabs/o#media>,,<https://id.analoggamemuseum.org/api/media/21049>
<https://id.analoggamemuseum.org/api/items/1726>,<http://omeka.org/s/vocabs/o#media>,,<https://id.analoggamemuseum.org/api/media/21046>
<https://id.analoggamemuseum.org/api/items/1726>,<http://omeka.org/s/vocabs/o#media>,,<https://id.analoggamemuseum.org/api/media/21047>
<https://id.analoggamemuseum.org/api/items/1727>,<http://omeka.org/s/vocabs/o#media>,,<https://id.analoggamemuseum.org/api/media/21044>
<https://id.analoggamemuseum.org/api/items/1727>,<http://omeka.org/s/vocabs/o#media>,,<https://id.analoggamemuseum.org/api/media/21045>
<https://id.analoggamemuseum.org/api/items/2477>,<http://omeka.org/s/vocabs/o#media>,,<https://id.analoggamemuseum.org/api/media/20689>
<https://id.analoggamemuseum.org/api/items/2477>,<http://omeka.org/s/vocabs/o#media>,,<https://id.analoggamemuseum.org/api/media/20690>
<https://id.analoggamemuseum.org/api/items/2478>,<http://omeka.org/s/vocabs/o#media>,,<https://id.analoggamemuseum.org/api/media/21040>
<https://id.analoggamemuseum.org/api/items/2478>,<http://omeka.org/s/vocabs/o#media>,,<https://id.analoggamemuseum.org/api/media/21041>
<https://id.analoggamemuseum.org/api/items/2479>,<http://omeka.org/s/vocabs/o#media>,,<https://id.analoggamemuseum.org/api/media/20584>
<https://id.analoggamemuseum.org/api/items/2479>,<http://omeka.org/s/vocabs/o#media>,,<https://id.analoggamemuseum.org/api/media/20585>
<https://id.analoggamemuseum.org/api/items/2479>,<http://omeka.org/s/vocabs/o#media>,,<https://id.analoggamemuseum.org/api/media/20586>
<https://id.analoggamemuseum.org/api/items/2480>,<http://omeka.org/s/vocabs/o#media>,,<https://id.analoggamemuseum.org/api/media/21072>
<https://id.analoggamemuseum.org/api/items/2480>,<http://omeka.org/s/vocabs/o#media>,,<https://id.analoggamemuseum.org/api/media/21073>
<https://id.analoggamemuseum.org/api/items/2480>,<http://omeka.org/s/vocabs/o#media>,,<https://id.analoggamemuseum.org/api/media/21074>
<https://id.analoggamemuseum.org/api/items/2481>,<http://omeka.org/s/vocabs/o#media>,,<https://id.analoggamemuseum.org/api/media/20952>
<https://id.analoggamemuseum.org/api/items/2481>,<http://omeka.org/s/vocabs/o#media>,,<https://id.analoggamemuseum.org/api/media/20953>
<https://id.analoggamemuseum.org/api/items/2483>,<http://omeka.org/s/vocabs/o#media>,,<https://id.analoggamemuseum.org/api/media/19954>
<https://id.analoggamemuseum.org/api/items/2483>,<http://omeka.org/s/vocabs/o#media>,,<https://id.analoggamemuseum.org/api/media/19955>
<https://id.analoggamemuseum.org/api/items/2485>,<http://omeka.org/s/vocabs/o#media>,,<https://id.analoggamemuseum.org/api/media/20627>
<https://id.analoggamemuseum.org/api/items/2485>,<http://omeka.org/s/vocabs/o#media>,,<https://id.analoggamemuseum.org/api/media/20628>
<https://id.analoggamemuseum.org/api/items/2486>,<http://omeka.org/s/vocabs/o#media>,,<https://id.analoggamemuseum.org/api/media/20617>
<https://id.analoggamemuseum.org/api/items/2486>,<http://omeka.org/s/vocabs/o#media>,,<https://id.analoggamemuseum.org/api/media/20618>
<https://id.analoggamemuseum.org/api/items/2486>,<http://omeka.org/s/vocabs/o#media>,,<https://id.analoggamemuseum.org/api/media/20619>
<https://id.analoggamemuseum.org/api/items/2487>,<http://omeka.org/s/vocabs/o#media>,,<https://id.analoggamemuseum.org/api/media/20469>
<https://id.analoggamemuseum.org/api/items/2487>,<http://omeka.org/s/vocabs/o#media>,,<https://id.analoggamemuseum.org/api/media/20470>
<https://id.analoggamemuseum.org/api/items/2488>,<http://omeka.org/s/vocabs/o#media>,,<https://id.analoggamemuseum.org/api/media/20608>
<https://id.analoggamemuseum.org/api/items/2488>,<http://omeka.org/s/vocabs/o#media>,,<https://id.analoggamemuseum.org/api/media/20609>
<https://id.analoggamemuseum.org/api/items/2488>,<http://omeka.org/s/vocabs/o#media>,,<https://id.analoggamemuseum.org/api/media/20610>
<https://id.analoggamemuseum.org/api/items/2490>,<http://omeka.org/s/vocabs/o#media>,,<https://id.analoggamemuseum.org/api/media/21099>
<https://id.analoggamemuseum.org/api/items/2490>,<http://omeka.org/s/vocabs/o#media>,,<https://id.analoggamemuseum.org/api/media/21100>
<https://id.analoggamemuseum.org/api/items/2491>,<http://omeka.org/s/vocabs/o#media>,,<https://id.analoggamemuseum.org/api/media/20824>
<https://id.analoggamemuseum.org/api/items/2491>,<http://omeka.org/s/vocabs/o#media>,,<https://id.analoggamemuseum.org/api/media/20825>
<https://id.analoggamemuseum.org/api/items/2492>,<http://omeka.org/s/vocabs/o#media>,,<https://id.analoggamemuseum.org/api/media/20234>
<https://id.analoggamemuseum.org/api/items/2492>,<http://omeka.org/s/vocabs/o#media>,,<https://id.analoggamemuseum.org/api/media/20235>
<https://id.analoggamemuseum.org/api/items/2493>,<http://omeka.org/s/vocabs/o#media>,,<https://id.analoggamemuseum.org/api/media/21196>
<https://id.analoggamemuseum.org/api/items/2493>,<http://omeka.org/s/vocabs/o#media>,,<https://id.analoggamemuseum.org/api/media/21197>
<https://id.analoggamemuseum.org/api/items/2494>,<http://omeka.org/s/vocabs/o#media>,,<https://id.analoggamemuseum.org/api/media/20369>
<https://id.analoggamemuseum.org/api/items/2494>,<http://omeka.org/s/vocabs/o#media>,,<https://id.analoggamemuseum.org/api/media/20370>
<https://id.analoggamemuseum.org/api/items/2496>,<http://omeka.org/s/vocabs/o#media>,,<https://id.analoggamemuseum.org/api/media/20347>
<https://id.analoggamemuseum.org/api/items/2496>,<http://omeka.org/s/vocabs/o#media>,,<https://id.analoggamemuseum.org/api/media/20348>
<https://id.analoggamemuseum.org/api/items/2497>,<http://omeka.org/s/vocabs/o#media>,,<https://id.analoggamemuseum.org/api/media/20587>
<https://id.analoggamemuseum.org/api/items/2497>,<http://omeka.org/s/vocabs/o#media>,,<https://id.analoggamemuseum.org/api/media/20588>
<https://id.analoggamemuseum.org/api/items/2499>,<http://omeka.org/s/vocabs/o#media>,,<https://id.analoggamemuseum.org/api/media/20976>
<https://id.analoggamemuseum.org/api/items/2499>,<http://omeka.org/s/vocabs/o#media>,,<https://id.analoggamemuseum.org/api/media/20977>
<https://id.analoggamemuseum.org/api/items/2500>,<http://omeka.org/s/vocabs/o#media>,,<https://id.analoggamemuseum.org/api/media/20452>
<https://id.analoggamemuseum.org/api/items/2500>,<http://omeka.org/s/vocabs/o#media>,,<https://id.analoggamemuseum.org/api/media/20453>
<https://id.analoggamemuseum.org/api/items/2503>,<http://omeka.org/s/vocabs/o#media>,,<https://id.analoggamemuseum.org/api/media/20454>
<https://id.analoggamemuseum.org/api/items/2503>,<http://omeka.org/s/vocabs/o#media>,,<https://id.analoggamemuseum.org/api/media/20455>
<https://id.analoggamemuseum.org/api/items/2504>,<http://omeka.org/s/vocabs/o#media>,,<https://id.analoggamemuseum.org/api/media/20212>
<https://id.analoggamemuseum.org/api/items/2504>,<http://omeka.org/s/vocabs/o#media>,,<https://id.analoggamemuseum.org/api/media/20213>
<https://id.analoggamemuseum.org/api/items/2505>,<http://omeka.org/s/vocabs/o#media>,,<https://id.analoggamemuseum.org/api/media/21002>
<https://id.analoggamemuseum.org/api/items/2505>,<http://omeka.org/s/vocabs/o#media>,,<https://id.analoggamemuseum.org/api/media/21003>
<https://id.analoggamemuseum.org/api/items/2505>,<http://omeka.org/s/vocabs/o#media>,,<https://id.analoggamemuseum.org/api/media/21004>
<https://id.analoggamemuseum.org/api/items/2506>,<http://omeka.org/s/vocabs/o#media>,,<https://id.analoggamemuseum.org/api/media/20634>
<https://id.analoggamemuseum.org/api/items/2506>,<http://omeka.org/s/vocabs/o#media>,,<https://id.analoggamemuseum.org/api/media/20635>
<https://id.analoggamemuseum.org/api/items/2507>,<http://omeka.org/s/vocabs/o#media>,,<https://id.analoggamemuseum.org/api/media/20598>
<https://id.analoggamemuseum.org/api/items/2507>,<http://omeka.org/s/vocabs/o#media>,,<https://id.analoggamemuseum.org/api/media/20599>
<https://id.analoggamemuseum.org/api/items/2508>,<http://omeka.org/s/vocabs/o#media>,,<https://id.analoggamemuseum.org/api/media/20471>
<https://id.analoggamemuseum.org/api/items/2508>,<http://omeka.org/s/vocabs/o#media>,,<https://id.analoggamemuseum.org/api/media/20472>
<https://id.analoggamemuseum.org/api/items/2510>,<http://omeka.org/s/vocabs/o#media>,,<https://id.analoggamemuseum.org/api/media/20050>
<https://id.analoggamemuseum.org/api/items/2510>,<http://omeka.org/s/vocabs/o#media>,,<https://id.analoggamemuseum.org/api/media/20051>
<https://id.analoggamemuseum.org/api/items/2510>,<http://omeka.org/s/vocabs/o#media>,,<https://id.analoggamemuseum.org/api/media/20052>
<https://id.analoggamemuseum.org/api/items/2513>,<http://omeka.org/s/vocabs/o#media>,,<https://id.analoggamemuseum.org/api/media/20615>
<https://id.analoggamemuseum.org/api/items/2513>,<http://omeka.org/s/vocabs/o#media>,,<https://id.analoggamemuseum.org/api/media/20616>
<https://id.analoggamemuseum.org/api/items/2515>,<http://omeka.org/s/vocabs/o#media>,,<https://id.analoggamemuseum.org/api/media/20866>
<https://id.analoggamemuseum.org/api/items/2515>,<http://omeka.org/s/vocabs/o#media>,,<https://id.analoggamemuseum.org/api/media/20867>
<https://id.analoggamemuseum.org/api/items/2517>,<http://omeka.org/s/vocabs/o#media>,,<https://id.analoggamemuseum.org/api/media/20577>
<https://id.analoggamemuseum.org/api/items/2517>,<http://omeka.org/s/vocabs/o#media>,,<https://id.analoggamemuseum.org/api/media/20578>
<https://id.analoggamemuseum.org/api/items/2517>,<http://omeka.org/s/vocabs/o#media>,,<https://id.analoggamemuseum.org/api/media/20579>
<https://id.analoggamemuseum.org/api/items/2518>,<http://omeka.org/s/vocabs/o#media>,,<https://id.analoggamemuseum.org/api/media/20575>
<https://id.analoggamemuseum.org/api/items/2518>,<http://omeka.org/s/vocabs/o#media>,,<https://id.analoggamemuseum.org/api/media/20576>
<https://id.analoggamemuseum.org/api/items/2522>,<http://omeka.org/s/vocabs/o#media>,,<https://id.analoggamemuseum.org/api/media/20594>
<https://id.analoggamemuseum.org/api/items/2522>,<http://omeka.org/s/vocabs/o#media>,,<https://id.analoggamemuseum.org/api/media/20595>
<https://id.analoggamemuseum.org/api/items/2524>,<http://omeka.org/s/vocabs/o#media>,,<https://id.analoggamemuseum.org/api/media/20558>
<https://id.analoggamemuseum.org/api/items/2524>,<http://omeka.org/s/vocabs/o#media>,,<https://id.analoggamemuseum.org/api/media/20559>
<https://id.analoggamemuseum.org/api/items/2533>,<http://omeka.org/s/vocabs/o#media>,,<https://id.analoggamemuseum.org/api/media/20645>
<https://id.analoggamemuseum.org/api/items/2533>,<http://omeka.org/s/vocabs/o#media>,,<https://id.analoggamemuseum.org/api/media/20646>
<https://id.analoggamemuseum.org/api/items/2535>,<http://omeka.org/s/vocabs/o#media>,,<https://id.analoggamemuseum.org/api/media/20676>
<https://id.analoggamemuseum.org/api/items/2535>,<http://omeka.org/s/vocabs/o#media>,,<https://id.analoggamemuseum.org/api/media/20677>
<https://id.analoggamemuseum.org/api/items/2536>,<http://omeka.org/s/vocabs/o#media>,,<https://id.analoggamemuseum.org/api/media/20683>
<https://id.analoggamemuseum.org/api/items/2536>,<http://omeka.org/s/vocabs/o#media>,,<https://id.analoggamemuseum.org/api/media/20684>
<https://id.analoggamemuseum.org/api/items/2537>,<http://omeka.org/s/vocabs/o#media>,,<https://id.analoggamemuseum.org/api/media/20750>
<https://id.analoggamemuseum.org/api/items/2537>,<http://omeka.org/s/vocabs/o#media>,,<https://id.analoggamemuseum.org/api/media/20751>
<https://id.analoggamemuseum.org/api/items/2537>,<http://omeka.org/s/vocabs/o#media>,,<https://id.analoggamemuseum.org/api/media/20752>
<https://id.analoggamemuseum.org/api/items/2539>,<http://omeka.org/s/vocabs/o#media>,,<https://id.analoggamemuseum.org/api/media/20685>
<https://id.analoggamemuseum.org/api/items/2539>,<http://omeka.org/s/vocabs/o#media>,,<https://id.analoggamemuseum.org/api/media/20686>
<https://id.analoggamemuseum.org/api/items/2540>,<http://omeka.org/s/vocabs/o#media>,,<https://id.analoggamemuseum.org/api/media/20525>
<https://id.analoggamemuseum.org/api/items/2540>,<http://omeka.org/s/vocabs/o#media>,,<https://id.analoggamemuseum.org/api/media/20526>
<https://id.analoggamemuseum.org/api/items/2544>,<http://omeka.org/s/vocabs/o#media>,,<https://id.analoggamemuseum.org/api/media/20883>
<https://id.analoggamemuseum.org/api/items/2544>,<http://omeka.org/s/vocabs/o#media>,,<https://id.analoggamemuseum.org/api/media/20884>
<https://id.analoggamemuseum.org/api/items/2546>,<http://omeka.org/s/vocabs/o#media>,,<https://id.analoggamemuseum.org/api/media/20670>
<https://id.analoggamemuseum.org/api/items/2546>,<http://omeka.org/s/vocabs/o#media>,,<https://id.analoggamemuseum.org/api/media/20671>
<https://id.analoggamemuseum.org/api/items/2549>,<http://omeka.org/s/vocabs/o#media>,,<https://id.analoggamemuseum.org/api/media/20515>
<https://id.analoggamemuseum.org/api/items/2549>,<http://omeka.org/s/vocabs/o#media>,,<https://id.analoggamemuseum.org/api/media/20516>
<https://id.analoggamemuseum.org/api/items/2550>,<http://omeka.org/s/vocabs/o#media>,,<https://id.analoggamemuseum.org/api/media/20571>
<https://id.analoggamemuseum.org/api/items/2550>,<http://omeka.org/s/vocabs/o#media>,,<https://id.analoggamemuseum.org/api/media/20572>
<https://id.analoggamemuseum.org/api/items/2551>,<http://omeka.org/s/vocabs/o#media>,,<https://id.analoggamemuseum.org/api/media/20668>
<https://id.analoggamemuseum.org/api/items/2551>,<http://omeka.org/s/vocabs/o#media>,,<https://id.analoggamemuseum.org/api/media/20669>
<https://id.analoggamemuseum.org/api/items/2553>,<http://omeka.org/s/vocabs/o#media>,,<https://id.analoggamemuseum.org/api/media/20560>
<https://id.analoggamemuseum.org/api/items/2553>,<http://omeka.org/s/vocabs/o#media>,,<https://id.analoggamemuseum.org/api/media/20561>
<https://id.analoggamemuseum.org/api/items/2554>,<http://omeka.org/s/vocabs/o#media>,,<https://id.analoggamemuseum.org/api/media/20567>
<https://id.analoggamemuseum.org/api/items/2554>,<http://omeka.org/s/vocabs/o#media>,,<https://id.analoggamemuseum.org/api/media/20568>
<https://id.analoggamemuseum.org/api/items/2555>,<http://omeka.org/s/vocabs/o#media>,,<https://id.analoggamemuseum.org/api/media/20565>
<https://id.analoggamemuseum.org/api/items/2555>,<http://omeka.org/s/vocabs/o#media>,,<https://id.analoggamemuseum.org/api/media/20566>
<https://id.analoggamemuseum.org/api/items/2556>,<http://omeka.org/s/vocabs/o#media>,,<https://id.analoggamemuseum.org/api/media/20541>
<https://id.analoggamemuseum.org/api/items/2556>,<http://omeka.org/s/vocabs/o#media>,,<https://id.analoggamemuseum.org/api/media/20542>
<https://id.analoggamemuseum.org/api/items/2557>,<http://omeka.org/s/vocabs/o#media>,,<https://id.analoggamemuseum.org/api/media/20533>
<https://id.analoggamemuseum.org/api/items/2557>,<http://omeka.org/s/vocabs/o#media>,,<https://id.analoggamemuseum.org/api/media/20534>
<https://id.analoggamemuseum.org/api/items/2557>,<http://omeka.org/s/vocabs/o#media>,,<https://id.analoggamemuseum.org/api/media/20535>
<https://id.analoggamemuseum.org/api/items/2558>,<http://omeka.org/s/vocabs/o#media>,,<https://id.analoggamemuseum.org/api/media/20555>
<https://id.analoggamemuseum.org/api/items/2558>,<http://omeka.org/s/vocabs/o#media>,,<https://id.analoggamemuseum.org/api/media/20556>
<https://id.analoggamemuseum.org/api/items/2558>,<http://omeka.org/s/vocabs/o#media>,,<https://id.analoggamemuseum.org/api/media/20557>
<https://id.analoggamemuseum.org/api/items/2559>,<http://omeka.org/s/vocabs/o#media>,,<https://id.analoggamemuseum.org/api/media/20552>
<https://id.analoggamemuseum.org/api/items/2559>,<http://omeka.org/s/vocabs/o#media>,,<https://id.analoggamemuseum.org/api/media/20553>
<https://id.analoggamemuseum.org/api/items/2559>,<http://omeka.org/s/vocabs/o#media>,,<https://id.analoggamemuseum.org/api/media/20554>
<https://id.analoggamemuseum.org/api/items/2560>,<http://omeka.org/s/vocabs/o#media>,,<https://id.analoggamemuseum.org/api/media/20550>
<https://id.analoggamemuseum.org/api/items/2560>,<http://omeka.org/s/vocabs/o#media>,,<https://id.analoggamemuseum.org/api/media/20551>
<https://id.analoggamemuseum.org/api/items/2561>,<http://omeka.org/s/vocabs/o#media>,,<https://id.analoggamemuseum.org/api/media/20509>
<https://id.analoggamemuseum.org/api/items/2561>,<http://omeka.org/s/vocabs/o#media>,,<https://id.analoggamemuseum.org/api/media/20510>
<https://id.analoggamemuseum.org/api/items/2562>,<http://omeka.org/s/vocabs/o#media>,,<https://id.analoggamemuseum.org/api/media/20569>
<https://id.analoggamemuseum.org/api/items/2562>,<http://omeka.org/s/vocabs/o#media>,,<https://id.analoggamemuseum.org/api/media/20570>
<https://id.analoggamemuseum.org/api/items/2563>,<http://omeka.org/s/vocabs/o#media>,,<https://id.analoggamemuseum.org/api/media/20543>
<https://id.analoggamemuseum.org/api/items/2563>,<http://omeka.org/s/vocabs/o#media>,,<https://id.analoggamemuseum.org/api/media/20544>
<https://id.analoggamemuseum.org/api/items/2564>,<http://omeka.org/s/vocabs/o#media>,,<https://id.analoggamemuseum.org/api/media/20531>
<https://id.analoggamemuseum.org/api/items/2564>,<http://omeka.org/s/vocabs/o#media>,,<https://id.analoggamemuseum.org/api/media/20532>
<https://id.analoggamemuseum.org/api/items/2565>,<http://omeka.org/s/vocabs/o#media>,,<https://id.analoggamemuseum.org/api/media/20539>
<https://id.analoggamemuseum.org/api/items/2565>,<http://omeka.org/s/vocabs/o#media>,,<https://id.analoggamemuseum.org/api/media/20540>
<https://id.analoggamemuseum.org/api/items/2567>,<http://omeka.org/s/vocabs/o#media>,,<https://id.analoggamemuseum.org/api/media/20573>
<https://id.analoggamemuseum.org/api/items/2567>,<http://omeka.org/s/vocabs/o#media>,,<https://id.analoggamemuseum.org/api/media/20574>
<https://id.analoggamemuseum.org/api/items/2568>,<http://omeka.org/s/vocabs/o#media>,,<https://id.analoggamemuseum.org/api/media/20562>
<https://id.analoggamemuseum.org/api/items/2568>,<http://omeka.org/s/vocabs/o#media>,,<https://id.analoggamemuseum.org/api/media/20563>
<https://id.analoggamemuseum.org/api/items/2568>,<http://omeka.org/s/vocabs/o#media>,,<https://id.analoggamemuseum.org/api/media/20564>
<https://id.analoggamemuseum.org/api/items/2569>,<http://omeka.org/s/vocabs/o#media>,,<https://id.analoggamemuseum.org/api/media/20545>
<https://id.analoggamemuseum.org/api/items/2569>,<http://omeka.org/s/vocabs/o#media>,,<https://id.analoggamemuseum.org/api/media/20546>
<https://id.analoggamemuseum.org/api/items/2572>,<http://omeka.org/s/vocabs/o#media>,,<https://id.analoggamemuseum.org/api/media/20592>
<https://id.analoggamemuseum.org/api/items/2572>,<http://omeka.org/s/vocabs/o#media>,,<https://id.analoggamemuseum.org/api/media/20593>
<https://id.analoggamemuseum.org/api/items/2573>,<http://omeka.org/s/vocabs/o#media>,,<https://id.analoggamemuseum.org/api/media/20529>
<https://id.analoggamemuseum.org/api/items/2573>,<http://omeka.org/s/vocabs/o#media>,,<https://id.analoggamemuseum.org/api/media/20530>
<https://id.analoggamemuseum.org/api/items/2574>,<http://omeka.org/s/vocabs/o#media>,,<https://id.analoggamemuseum.org/api/media/20536>
<https://id.analoggamemuseum.org/api/items/2574>,<http://omeka.org/s/vocabs/o#media>,,<https://id.analoggamemuseum.org/api/media/20537>
<https://id.analoggamemuseum.org/api/items/2574>,<http://omeka.org/s/vocabs/o#media>,,<https://id.analoggamemuseum.org/api/media/20538>
<https://id.analoggamemuseum.org/api/items/2575>,<http://omeka.org/s/vocabs/o#media>,,<https://id.analoggamemuseum.org/api/media/20505>
<https://id.analoggamemuseum.org/api/items/2575>,<http://omeka.org/s/vocabs/o#media>,,<https://id.analoggamemuseum.org/api/media/20506>
<https://id.analoggamemuseum.org/api/items/2579>,<http://omeka.org/s/vocabs/o#media>,,<https://id.analoggamemuseum.org/api/media/20681>
<https://id.analoggamemuseum.org/api/items/2579>,<http://omeka.org/s/vocabs/o#media>,,<https://id.analoggamemuseum.org/api/media/20682>
<https://id.analoggamemuseum.org/api/items/2581>,<http://omeka.org/s/vocabs/o#media>,,<https://id.analoggamemuseum.org/api/media/20758>
<https://id.analoggamemuseum.org/api/items/2581>,<http://omeka.org/s/vocabs/o#media>,,<https://id.analoggamemuseum.org/api/media/20759>
<https://id.analoggamemuseum.org/api/items/2583>,<http://omeka.org/s/vocabs/o#media>,,<https://id.analoggamemuseum.org/api/media/20547>
<https://id.analoggamemuseum.org/api/items/2583>,<http://omeka.org/s/vocabs/o#media>,,<https://id.analoggamemuseum.org/api/media/20548>
<https://id.analoggamemuseum.org/api/items/2583>,<http://omeka.org/s/vocabs/o#media>,,<https://id.analoggamemuseum.org/api/media/20549>
<https://id.analoggamemuseum.org/api/items/2584>,<http://omeka.org/s/vocabs/o#media>,,<https://id.analoggamemuseum.org/api/media/20503>
<https://id.analoggamemuseum.org/api/items/2584>,<http://omeka.org/s/vocabs/o#media>,,<https://id.analoggamemuseum.org/api/media/20504>
<https://id.analoggamemuseum.org/api/items/2585>,<http://omeka.org/s/vocabs/o#media>,,<https://id.analoggamemuseum.org/api/media/20513>
<https://id.analoggamemuseum.org/api/items/2585>,<http://omeka.org/s/vocabs/o#media>,,<https://id.analoggamemuseum.org/api/media/20514>
<https://id.analoggamemuseum.org/api/items/2586>,<http://omeka.org/s/vocabs/o#media>,,<https://id.analoggamemuseum.org/api/media/20589>
<https://id.analoggamemuseum.org/api/items/2586>,<http://omeka.org/s/vocabs/o#media>,,<https://id.analoggamemuseum.org/api/media/20590>
<https://id.analoggamemuseum.org/api/items/2586>,<http://omeka.org/s/vocabs/o#media>,,<https://id.analoggamemuseum.org/api/media/20591>
<https://id.analoggamemuseum.org/api/items/2588>,<http://omeka.org/s/vocabs/o#media>,,<https://id.analoggamemuseum.org/api/media/20753>
<https://id.analoggamemuseum.org/api/items/2588>,<http://omeka.org/s/vocabs/o#media>,,<https://id.analoggamemuseum.org/api/media/20754>
<https://id.analoggamemuseum.org/api/items/2588>,<http://omeka.org/s/vocabs/o#media>,,<https://id.analoggamemuseum.org/api/media/20755>
<https://id.analoggamemuseum.org/api/items/2589>,<http://omeka.org/s/vocabs/o#media>,,<https://id.analoggamemuseum.org/api/media/20523>
<https://id.analoggamemuseum.org/api/items/2589>,<http://omeka.org/s/vocabs/o#media>,,<https://id.analoggamemuseum.org/api/media/20524>
<https://id.analoggamemuseum.org/api/items/2591>,<http://omeka.org/s/vocabs/o#media>,,<https://id.analoggamemuseum.org/api/media/20760>
<https://id.analoggamemuseum.org/api/items/2591>,<http://omeka.org/s/vocabs/o#media>,,<https://id.analoggamemuseum.org/api/media/20761>
<https://id.analoggamemuseum.org/api/items/2592>,<http://omeka.org/s/vocabs/o#media>,,<https://id.analoggamemuseum.org/api/media/20517>
<https://id.analoggamemuseum.org/api/items/2592>,<http://omeka.org/s/vocabs/o#media>,,<https://id.analoggamemuseum.org/api/media/20518>
<https://id.analoggamemuseum.org/api/items/2592>,<http://omeka.org/s/vocabs/o#media>,,<https://id.analoggamemuseum.org/api/media/20519>
<https://id.analoggamemuseum.org/api/items/2593>,<http://omeka.org/s/vocabs/o#media>,,<https://id.analoggamemuseum.org/api/media/20495>
<https://id.analoggamemuseum.org/api/items/2593>,<http://omeka.org/s/vocabs/o#media>,,<https://id.analoggamemuseum.org/api/media/20496>
<https://id.analoggamemuseum.org/api/items/2594>,<http://omeka.org/s/vocabs/o#media>,,<https://id.analoggamemuseum.org/api/media/20499>
<https://id.analoggamemuseum.org/api/items/2594>,<http://omeka.org/s/vocabs/o#media>,,<https://id.analoggamemuseum.org/api/media/20500>
<https://id.analoggamemuseum.org/api/items/2595>,<http://omeka.org/s/vocabs/o#media>,,<https://id.analoggamemuseum.org/api/media/20493>
<https://id.analoggamemuseum.org/api/items/2595>,<http://omeka.org/s/vocabs/o#media>,,<https://id.analoggamemuseum.org/api/media/20494>
<https://id.analoggamemuseum.org/api/items/2596>,<http://omeka.org/s/vocabs/o#media>,,<https://id.analoggamemuseum.org/api/media/20643>
<https://id.analoggamemuseum.org/api/items/2596>,<http://omeka.org/s/vocabs/o#media>,,<https://id.analoggamemuseum.org/api/media/20644>
<https://id.analoggamemuseum.org/api/items/2597>,<http://omeka.org/s/vocabs/o#media>,,<https://id.analoggamemuseum.org/api/media/20653>
<https://id.analoggamemuseum.org/api/items/2597>,<http://omeka.org/s/vocabs/o#media>,,<https://id.analoggamemuseum.org/api/media/20654>
<https://id.analoggamemuseum.org/api/items/2598>,<http://omeka.org/s/vocabs/o#media>,,<https://id.analoggamemuseum.org/api/media/20651>
<https://id.analoggamemuseum.org/api/items/2598>,<http://omeka.org/s/vocabs/o#media>,,<https://id.analoggamemuseum.org/api/media/20652>
<https://id.analoggamemuseum.org/api/items/2599>,<http://omeka.org/s/vocabs/o#media>,,<https://id.analoggamemuseum.org/api/media/20649>
<https://id.analoggamemuseum.org/api/items/2599>,<http://omeka.org/s/vocabs/o#media>,,<https://id.analoggamemuseum.org/api/media/20650>
<https://id.analoggamemuseum.org/api/items/2600>,<http://omeka.org/s/vocabs/o#media>,,<https://id.analoggamemuseum.org/api/media/20647>
<https://id.analoggamemuseum.org/api/items/2600>,<http://omeka.org/s/vocabs/o#media>,,<https://id.analoggamemuseum.org/api/media/20648>
<https://id.analoggamemuseum.org/api/items/2601>,<http://omeka.org/s/vocabs/o#media>,,<https://id.analoggamemuseum.org/api/media/20520>
<https://id.analoggamemuseum.org/api/items/2601>,<http://omeka.org/s/vocabs/o#media>,,<https://id.analoggamemuseum.org/api/media/20521>
<https://id.analoggamemuseum.org/api/items/2601>,<http://omeka.org/s/vocabs/o#media>,,<https://id.analoggamemuseum.org/api/media/20522>
<https://id.analoggamemuseum.org/api/items/2602>,<http://omeka.org/s/vocabs/o#media>,,<https://id.analoggamemuseum.org/api/media/20527>
<https://id.analoggamemuseum.org/api/items/2602>,<http://omeka.org/s/vocabs/o#media>,,<https://id.analoggamemuseum.org/api/media/20528>
<https://id.analoggamemuseum.org/api/items/2603>,<http://omeka.org/s/vocabs/o#media>,,<https://id.analoggamemuseum.org/api/media/19421>
<https://id.analoggamemuseum.org/api/items/2603>,<http://omeka.org/s/vocabs/o#media>,,<https://id.analoggamemuseum.org/api/media/19422>
<https://id.analoggamemuseum.org/api/items/2604>,<http://omeka.org/s/vocabs/o#media>,,<https://id.analoggamemuseum.org/api/media/19419>
<https://id.analoggamemuseum.org/api/items/2604>,<http://omeka.org/s/vocabs/o#media>,,<https://id.analoggamemuseum.org/api/media/19420>
<https://id.analoggamemuseum.org/api/items/2606>,<http://omeka.org/s/vocabs/o#media>,,<https://id.analoggamemuseum.org/api/media/19345>
<https://id.analoggamemuseum.org/api/items/2606>,<http://omeka.org/s/vocabs/o#media>,,<https://id.analoggamemuseum.org/api/media/19346>
<https://id.analoggamemuseum.org/api/items/2607>,<http://omeka.org/s/vocabs/o#media>,,<https://id.analoggamemuseum.org/api/media/19631>
<https://id.analoggamemuseum.org/api/items/2607>,<http://omeka.org/s/vocabs/o#media>,,<https://id.analoggamemuseum.org/api/media/19632>
<https://id.analoggamemuseum.org/api/items/2608>,<http://omeka.org/s/vocabs/o#media>,,<https://id.analoggamemuseum.org/api/media/19079>
<https://id.analoggamemuseum.org/api/items/2608>,<http://omeka.org/s/vocabs/o#media>,,<https://id.analoggamemuseum.org/api/media/19080>
<https://id.analoggamemuseum.org/api/items/2609>,<http://omeka.org/s/vocabs/o#media>,,<https://id.analoggamemuseum.org/api/media/19615>
<https://id.analoggamemuseum.org/api/items/2609>,<http://omeka.org/s/vocabs/o#media>,,<https://id.analoggamemuseum.org/api/media/19616>
<https://id.analoggamemuseum.org/api/items/2609>,<http://omeka.org/s/vocabs/o#media>,,<https://id.analoggamemuseum.org/api/media/19617>
<https://id.analoggamemuseum.org/api/items/2610>,<http://omeka.org/s/vocabs/o#media>,,<https://id.analoggamemuseum.org/api/media/19077>
<https://id.analoggamemuseum.org/api/items/2610>,<http://omeka.org/s/vocabs/o#media>,,<https://id.analoggamemuseum.org/api/media/19078>
<https://id.analoggamemuseum.org/api/items/2611>,<http://omeka.org/s/vocabs/o#media>,,<https://id.analoggamemuseum.org/api/media/19347>
<https://id.analoggamemuseum.org/api/items/2611>,<http://omeka.org/s/vocabs/o#media>,,<https://id.analoggamemuseum.org/api/media/19348>
<https://id.analoggamemuseum.org/api/items/2612>,<http://omeka.org/s/vocabs/o#media>,,<https://id.analoggamemuseum.org/api/media/19613>
<https://id.analoggamemuseum.org/api/items/2612>,<http://omeka.org/s/vocabs/o#media>,,<https://id.analoggamemuseum.org/api/media/19614>
<https://id.analoggamemuseum.org/api/items/2613>,<http://omeka.org/s/vocabs/o#media>,,<https://id.analoggamemuseum.org/api/media/19341>
<https://id.analoggamemuseum.org/api/items/2613>,<http://omeka.org/s/vocabs/o#media>,,<https://id.analoggamemuseum.org/api/media/19342>
<https://id.analoggamemuseum.org/api/items/2614>,<http://omeka.org/s/vocabs/o#media>,,<https://id.analoggamemuseum.org/api/media/19522>
<https://id.analoggamemuseum.org/api/items/2614>,<http://omeka.org/s/vocabs/o#media>,,<https://id.analoggamemuseum.org/api/media/19523>
<https://id.analoggamemuseum.org/api/items/2615>,<http://omeka.org/s/vocabs/o#media>,,<https://id.analoggamemuseum.org/api/media/19258>
<https://id.analoggamemuseum.org/api/items/2615>,<http://omeka.org/s/vocabs/o#media>,,<https://id.analoggamemuseum.org/api/media/19259>
<https://id.analoggamemuseum.org/api/items/2616>,<http://omeka.org/s/vocabs/o#media>,,<https://id.analoggamemuseum.org/api/media/19415>
<https://id.analoggamemuseum.org/api/items/2616>,<http://omeka.org/s/vocabs/o#media>,,<https://id.analoggamemuseum.org/api/media/19416>
<https://id.analoggamemuseum.org/api/items/2617>,<http://omeka.org/s/vocabs/o#media>,,<https://id.analoggamemuseum.org/api/media/19256>
<https://id.analoggamemuseum.org/api/items/2617>,<http://omeka.org/s/vocabs/o#media>,,<https://id.analoggamemuseum.org/api/media/19257>
<https://id.analoggamemuseum.org/api/items/2618>,<http://omeka.org/s/vocabs/o#media>,,<https://id.analoggamemuseum.org/api/media/19073>
<https://id.analoggamemuseum.org/api/items/2618>,<http://omeka.org/s/vocabs/o#media>,,<https://id.analoggamemuseum.org/api/media/19074>
<https://id.analoggamemuseum.org/api/items/2619>,<http://omeka.org/s/vocabs/o#media>,,<https://id.analoggamemuseum.org/api/media/19262>
<https://id.analoggamemuseum.org/api/items/2619>,<http://omeka.org/s/vocabs/o#media>,,<https://id.analoggamemuseum.org/api/media/19263>
<https://id.analoggamemuseum.org/api/items/2620>,<http://omeka.org/s/vocabs/o#media>,,<https://id.analoggamemuseum.org/api/media/19411>
<https://id.analoggamemuseum.org/api/items/2620>,<http://omeka.org/s/vocabs/o#media>,,<https://id.analoggamemuseum.org/api/media/19412>
<https://id.analoggamemuseum.org/api/items/2621>,<http://omeka.org/s/vocabs/o#media>,,<https://id.analoggamemuseum.org/api/media/19629>
<https://id.analoggamemuseum.org/api/items/2621>,<http://omeka.org/s/vocabs/o#media>,,<https://id.analoggamemuseum.org/api/media/19630>
<https://id.analoggamemuseum.org/api/items/2622>,<http://omeka.org/s/vocabs/o#media>,,<https://id.analoggamemuseum.org/api/media/19417>
<https://id.analoggamemuseum.org/api/items/2622>,<http://omeka.org/s/vocabs/o#media>,,<https://id.analoggamemuseum.org/api/media/19418>
<https://id.analoggamemuseum.org/api/items/2623>,<http://omeka.org/s/vocabs/o#media>,,<https://id.analoggamemuseum.org/api/media/19622>
<https://id.analoggamemuseum.org/api/items/2623>,<http://omeka.org/s/vocabs/o#media>,,<https://id.analoggamemuseum.org/api/media/19623>
<https://id.analoggamemuseum.org/api/items/2624>,<http://omeka.org/s/vocabs/o#media>,,<https://id.analoggamemuseum.org/api/media/19089>
<https://id.analoggamemuseum.org/api/items/2624>,<http://omeka.org/s/vocabs/o#media>,,<https://id.analoggamemuseum.org/api/media/19090>
<https://id.analoggamemuseum.org/api/items/2625>,<http://omeka.org/s/vocabs/o#media>,,<https://id.analoggamemuseum.org/api/media/19091>
<https://id.analoggamemuseum.org/api/items/2625>,<http://omeka.org/s/vocabs/o#media>,,<https://id.analoggamemuseum.org/api/media/19092>
<https://id.analoggamemuseum.org/api/items/2627>,<http://omeka.org/s/vocabs/o#media>,,<https://id.analoggamemuseum.org/api/media/19423>
<https://id.analoggamemuseum.org/api/items/2627>,<http://omeka.org/s/vocabs/o#media>,,<https://id.analoggamemuseum.org/api/media/19424>
<https://id.analoggamemuseum.org/api/items/2628>,<http://omeka.org/s/vocabs/o#media>,,<https://id.analoggamemuseum.org/api/media/19353>
<https://id.analoggamemuseum.org/api/items/2628>,<http://omeka.org/s/vocabs/o#media>,,<https://id.analoggamemuseum.org/api/media/19354>
<https://id.analoggamemuseum.org/api/items/2629>,<http://omeka.org/s/vocabs/o#media>,,<https://id.analoggamemuseum.org/api/media/19083>
<https://id.analoggamemuseum.org/api/items/2629>,<http://omeka.org/s/vocabs/o#media>,,<https://id.analoggamemuseum.org/api/media/19084>
<https://id.analoggamemuseum.org/api/items/2630>,<http://omeka.org/s/vocabs/o#media>,,<https://id.analoggamemuseum.org/api/media/19085>
<https://id.analoggamemuseum.org/api/items/2630>,<http://omeka.org/s/vocabs/o#media>,,<https://id.analoggamemuseum.org/api/media/19086>
<https://id.analoggamemuseum.org/api/items/2631>,<http://omeka.org/s/vocabs/o#media>,,<https://id.analoggamemuseum.org/api/media/19087>
<https://id.analoggamemuseum.org/api/items/2631>,<http://omeka.org/s/vocabs/o#media>,,<https://id.analoggamemuseum.org/api/media/19088>
<https://id.analoggamemuseum.org/api/items/2632>,<http://omeka.org/s/vocabs/o#media>,,<https://id.analoggamemuseum.org/api/media/19620>
<https://id.analoggamemuseum.org/api/items/2632>,<http://omeka.org/s/vocabs/o#media>,,<https://id.analoggamemuseum.org/api/media/19621>
<https://id.analoggamemuseum.org/api/items/2634>,<http://omeka.org/s/vocabs/o#media>,,<https://id.analoggamemuseum.org/api/media/19624>
<https://id.analoggamemuseum.org/api/items/2634>,<http://omeka.org/s/vocabs/o#media>,,<https://id.analoggamemuseum.org/api/media/19625>
<https://id.analoggamemuseum.org/api/items/2634>,<http://omeka.org/s/vocabs/o#media>,,<https://id.analoggamemuseum.org/api/media/19626>
<https://id.analoggamemuseum.org/api/items/2635>,<http://omeka.org/s/vocabs/o#media>,,<https://id.analoggamemuseum.org/api/media/19627>
<https://id.analoggamemuseum.org/api/items/2635>,<http://omeka.org/s/vocabs/o#media>,,<https://id.analoggamemuseum.org/api/media/19628>
<https://id.analoggamemuseum.org/api/items/2636>,<http://omeka.org/s/vocabs/o#media>,,<https://id.analoggamemuseum.org/api/media/19378>
<https://id.analoggamemuseum.org/api/items/2636>,<http://omeka.org/s/vocabs/o#media>,,<https://id.analoggamemuseum.org/api/media/19379>
<https://id.analoggamemuseum.org/api/items/2637>,<http://omeka.org/s/vocabs/o#media>,,<https://id.analoggamemuseum.org/api/media/19369>
<https://id.analoggamemuseum.org/api/items/2637>,<http://omeka.org/s/vocabs/o#media>,,<https://id.analoggamemuseum.org/api/media/19370>
<https://id.analoggamemuseum.org/api/items/2638>,<http://omeka.org/s/vocabs/o#media>,,<https://id.analoggamemuseum.org/api/media/19399>
<https://id.analoggamemuseum.org/api/items/2638>,<http://omeka.org/s/vocabs/o#media>,,<https://id.analoggamemuseum.org/api/media/19400>
<https://id.analoggamemuseum.org/api/items/2639>,<http://omeka.org/s/vocabs/o#media>,,<https://id.analoggamemuseum.org/api/media/19401>
<https://id.analoggamemuseum.org/api/items/2639>,<http://omeka.org/s/vocabs/o#media>,,<https://id.analoggamemuseum.org/api/media/19402>
<https://id.analoggamemuseum.org/api/items/2640>,<http://omeka.org/s/vocabs/o#media>,,<https://id.analoggamemuseum.org/api/media/19403>
<https://id.analoggamemuseum.org/api/items/2640>,<http://omeka.org/s/vocabs/o#media>,,<https://id.analoggamemuseum.org/api/media/19404>
<https://id.analoggamemuseum.org/api/items/2641>,<http://omeka.org/s/vocabs/o#media>,,<https://id.analoggamemuseum.org/api/media/19395>
<https://id.analoggamemuseum.org/api/items/2641>,<http://omeka.org/s/vocabs/o#media>,,<https://id.analoggamemuseum.org/api/media/19396>
<https://id.analoggamemuseum.org/api/items/2642>,<http://omeka.org/s/vocabs/o#media>,,<https://id.analoggamemuseum.org/api/media/19382>
<https://id.analoggamemuseum.org/api/items/2642>,<http://omeka.org/s/vocabs/o#media>,,<https://id.analoggamemuseum.org/api/media/19383>
<https://id.analoggamemuseum.org/api/items/2642>,<http://omeka.org/s/vocabs/o#media>,,<https://id.analoggamemuseum.org/api/media/19384>
<https://id.analoggamemuseum.org/api/items/2643>,<http://omeka.org/s/vocabs/o#media>,,<https://id.analoggamemuseum.org/api/media/19397>
<https://id.analoggamemuseum.org/api/items/2643>,<http://omeka.org/s/vocabs/o#media>,,<https://id.analoggamemuseum.org/api/media/19398>
<https://id.analoggamemuseum.org/api/items/2644>,<http://omeka.org/s/vocabs/o#media>,,<https://id.analoggamemuseum.org/api/media/19393>
<https://id.analoggamemuseum.org/api/items/2644>,<http://omeka.org/s/vocabs/o#media>,,<https://id.analoggamemuseum.org/api/media/19394>
<https://id.analoggamemuseum.org/api/items/2645>,<http://omeka.org/s/vocabs/o#media>,,<https://id.analoggamemuseum.org/api/media/19391>
<https://id.analoggamemuseum.org/api/items/2645>,<http://omeka.org/s/vocabs/o#media>,,<https://id.analoggamemuseum.org/api/media/19392>
<https://id.analoggamemuseum.org/api/items/2646>,<http://omeka.org/s/vocabs/o#media>,,<https://id.analoggamemuseum.org/api/media/19380>
<https://id.analoggamemuseum.org/api/items/2646>,<http://omeka.org/s/vocabs/o#media>,,<https://id.analoggamemuseum.org/api/media/19381>
<https://id.analoggamemuseum.org/api/items/2647>,<http://omeka.org/s/vocabs/o#media>,,<https://id.analoggamemuseum.org/api/media/19361>
<https://id.analoggamemuseum.org/api/items/2647>,<http://omeka.org/s/vocabs/o#media>,,<https://id.analoggamemuseum.org/api/media/19362>
<https://id.analoggamemuseum.org/api/items/2648>,<http://omeka.org/s/vocabs/o#media>,,<https://id.analoggamemuseum.org/api/media/19365>
<https://id.analoggamemuseum.org/api/items/2648>,<http://omeka.org/s/vocabs/o#media>,,<https://id.analoggamemuseum.org/api/media/19366>
<https://id.analoggamemuseum.org/api/items/2649>,<http://omeka.org/s/vocabs/o#media>,,<https://id.analoggamemuseum.org/api/media/19371>
<https://id.analoggamemuseum.org/api/items/2649>,<http://omeka.org/s/vocabs/o#media>,,<https://id.analoggamemuseum.org/api/media/19372>
<https://id.analoggamemuseum.org/api/items/2649>,<http://omeka.org/s/vocabs/o#media>,,<https://id.analoggamemuseum.org/api/media/19373>
<https://id.analoggamemuseum.org/api/items/2650>,<http://omeka.org/s/vocabs/o#media>,,<https://id.analoggamemuseum.org/api/media/19367>
<https://id.analoggamemuseum.org/api/items/2650>,<http://omeka.org/s/vocabs/o#media>,,<https://id.analoggamemuseum.org/api/media/19368>
<https://id.analoggamemuseum.org/api/items/2651>,<http://omeka.org/s/vocabs/o#media>,,<https://id.analoggamemuseum.org/api/media/19097>
<https://id.analoggamemuseum.org/api/items/2651>,<http://omeka.org/s/vocabs/o#media>,,<https://id.analoggamemuseum.org/api/media/19098>
<https://id.analoggamemuseum.org/api/items/2652>,<http://omeka.org/s/vocabs/o#media>,,<https://id.analoggamemuseum.org/api/media/19093>
<https://id.analoggamemuseum.org/api/items/2652>,<http://omeka.org/s/vocabs/o#media>,,<https://id.analoggamemuseum.org/api/media/19094>
<https://id.analoggamemuseum.org/api/items/2653>,<http://omeka.org/s/vocabs/o#media>,,<https://id.analoggamemuseum.org/api/media/20816>
<https://id.analoggamemuseum.org/api/items/2653>,<http://omeka.org/s/vocabs/o#media>,,<https://id.analoggamemuseum.org/api/media/20817>
<https://id.analoggamemuseum.org/api/items/2653>,<http://omeka.org/s/vocabs/o#media>,,<https://id.analoggamemuseum.org/api/media/20818>
<https://id.analoggamemuseum.org/api/items/2654>,<http://omeka.org/s/vocabs/o#media>,,<https://id.analoggamemuseum.org/api/media/21032>
<https://id.analoggamemuseum.org/api/items/2654>,<http://omeka.org/s/vocabs/o#media>,,<https://id.analoggamemuseum.org/api/media/21033>
<https://id.analoggamemuseum.org/api/items/2655>,<http://omeka.org/s/vocabs/o#media>,,<https://id.analoggamemuseum.org/api/media/20830>
<https://id.analoggamemuseum.org/api/items/2655>,<http://omeka.org/s/vocabs/o#media>,,<https://id.analoggamemuseum.org/api/media/20831>
<https://id.analoggamemuseum.org/api/items/2655>,<http://omeka.org/s/vocabs/o#media>,,<https://id.analoggamemuseum.org/api/media/20832>
<https://id.analoggamemuseum.org/api/items/2656>,<http://omeka.org/s/vocabs/o#media>,,<https://id.analoggamemuseum.org/api/media/20819>
<https://id.analoggamemuseum.org/api/items/2656>,<http://omeka.org/s/vocabs/o#media>,,<https://id.analoggamemuseum.org/api/media/20820>
<https://id.analoggamemuseum.org/api/items/2657>,<http://omeka.org/s/vocabs/o#media>,,<https://id.analoggamemuseum.org/api/media/20789>
<https://id.analoggamemuseum.org/api/items/2657>,<http://omeka.org/s/vocabs/o#media>,,<https://id.analoggamemuseum.org/api/media/20790>
<https://id.analoggamemuseum.org/api/items/2658>,<http://omeka.org/s/vocabs/o#media>,,<https://id.analoggamemuseum.org/api/media/20801>
<https://id.analoggamemuseum.org/api/items/2658>,<http://omeka.org/s/vocabs/o#media>,,<https://id.analoggamemuseum.org/api/media/20802>
<https://id.analoggamemuseum.org/api/items/2660>,<http://omeka.org/s/vocabs/o#media>,,<https://id.analoggamemuseum.org/api/media/21028>
<https://id.analoggamemuseum.org/api/items/2660>,<http://omeka.org/s/vocabs/o#media>,,<https://id.analoggamemuseum.org/api/media/21029>
<https://id.analoggamemuseum.org/api/items/2662>,<http://omeka.org/s/vocabs/o#media>,,<https://id.analoggamemuseum.org/api/media/20775>
<https://id.analoggamemuseum.org/api/items/2662>,<http://omeka.org/s/vocabs/o#media>,,<https://id.analoggamemuseum.org/api/media/20776>
<https://id.analoggamemuseum.org/api/items/2663>,<http://omeka.org/s/vocabs/o#media>,,<https://id.analoggamemuseum.org/api/media/21042>
<https://id.analoggamemuseum.org/api/items/2663>,<http://omeka.org/s/vocabs/o#media>,,<https://id.analoggamemuseum.org/api/media/21043>
<https://id.analoggamemuseum.org/api/items/2664>,<http://omeka.org/s/vocabs/o#media>,,<https://id.analoggamemuseum.org/api/media/20796>
<https://id.analoggamemuseum.org/api/items/2664>,<http://omeka.org/s/vocabs/o#media>,,<https://id.analoggamemuseum.org/api/media/20797>
<https://id.analoggamemuseum.org/api/items/2665>,<http://omeka.org/s/vocabs/o#media>,,<https://id.analoggamemuseum.org/api/media/20843>
<https://id.analoggamemuseum.org/api/items/2665>,<http://omeka.org/s/vocabs/o#media>,,<https://id.analoggamemuseum.org/api/media/20844>
<https://id.analoggamemuseum.org/api/items/2666>,<http://omeka.org/s/vocabs/o#media>,,<https://id.analoggamemuseum.org/api/media/20712>
<https://id.analoggamemuseum.org/api/items/2666>,<http://omeka.org/s/vocabs/o#media>,,<https://id.analoggamemuseum.org/api/media/20713>
<https://id.analoggamemuseum.org/api/items/2667>,<http://omeka.org/s/vocabs/o#media>,,<https://id.analoggamemuseum.org/api/media/20907>
<https://id.analoggamemuseum.org/api/items/2667>,<http://omeka.org/s/vocabs/o#media>,,<https://id.analoggamemuseum.org/api/media/20908>
<https://id.analoggamemuseum.org/api/items/2668>,<http://omeka.org/s/vocabs/o#media>,,<https://id.analoggamemuseum.org/api/media/21010>
<https://id.analoggamemuseum.org/api/items/2668>,<http://omeka.org/s/vocabs/o#media>,,<https://id.analoggamemuseum.org/api/media/21011>
<https://id.analoggamemuseum.org/api/items/2669>,<http://omeka.org/s/vocabs/o#media>,,<https://id.analoggamemuseum.org/api/media/21007>
<https://id.analoggamemuseum.org/api/items/2669>,<http://omeka.org/s/vocabs/o#media>,,<https://id.analoggamemuseum.org/api/media/21008>
<https://id.analoggamemuseum.org/api/items/2669>,<http://omeka.org/s/vocabs/o#media>,,<https://id.analoggamemuseum.org/api/media/21009>
<https://id.analoggamemuseum.org/api/items/2670>,<http://omeka.org/s/vocabs/o#media>,,<https://id.analoggamemuseum.org/api/media/21020>
<https://id.analoggamemuseum.org/api/items/2670>,<http://omeka.org/s/vocabs/o#media>,,<https://id.analoggamemuseum.org/api/media/21021>
<https://id.analoggamemuseum.org/api/items/2671>,<http://omeka.org/s/vocabs/o#media>,,<https://id.analoggamemuseum.org/api/media/20814>
<https://id.analoggamemuseum.org/api/items/2671>,<http://omeka.org/s/vocabs/o#media>,,<https://id.analoggamemuseum.org/api/media/20815>
<https://id.analoggamemuseum.org/api/items/2672>,<http://omeka.org/s/vocabs/o#media>,,<https://id.analoggamemuseum.org/api/media/20770>
<https://id.analoggamemuseum.org/api/items/2672>,<http://omeka.org/s/vocabs/o#media>,,<https://id.analoggamemuseum.org/api/media/20771>
<https://id.analoggamemuseum.org/api/items/2672>,<http://omeka.org/s/vocabs/o#media>,,<https://id.analoggamemuseum.org/api/media/20772>
<https://id.analoggamemuseum.org/api/items/2673>,<http://omeka.org/s/vocabs/o#media>,,<https://id.analoggamemuseum.org/api/media/20806>
<https://id.analoggamemuseum.org/api/items/2673>,<http://omeka.org/s/vocabs/o#media>,,<https://id.analoggamemuseum.org/api/media/20807>
<https://id.analoggamemuseum.org/api/items/2675>,<http://omeka.org/s/vocabs/o#media>,,<https://id.analoggamemuseum.org/api/media/20798>
<https://id.analoggamemuseum.org/api/items/2675>,<http://omeka.org/s/vocabs/o#media>,,<https://id.analoggamemuseum.org/api/media/20799>
<https://id.analoggamemuseum.org/api/items/2675>,<http://omeka.org/s/vocabs/o#media>,,<https://id.analoggamemuseum.org/api/media/20800>
<https://id.analoggamemuseum.org/api/items/2676>,<http://omeka.org/s/vocabs/o#media>,,<https://id.analoggamemuseum.org/api/media/20777>
<https://id.analoggamemuseum.org/api/items/2676>,<http://omeka.org/s/vocabs/o#media>,,<https://id.analoggamemuseum.org/api/media/20778>
<https://id.analoggamemuseum.org/api/items/2677>,<http://omeka.org/s/vocabs/o#media>,,<https://id.analoggamemuseum.org/api/media/20828>
<https://id.analoggamemuseum.org/api/items/2677>,<http://omeka.org/s/vocabs/o#media>,,<https://id.analoggamemuseum.org/api/media/20829>
<https://id.analoggamemuseum.org/api/items/2679>,<http://omeka.org/s/vocabs/o#media>,,<https://id.analoggamemuseum.org/api/media/20912>
<https://id.analoggamemuseum.org/api/items/2679>,<http://omeka.org/s/vocabs/o#media>,,<https://id.analoggamemuseum.org/api/media/20913>
<https://id.analoggamemuseum.org/api/items/2680>,<http://omeka.org/s/vocabs/o#media>,,<https://id.analoggamemuseum.org/api/media/20716>
<https://id.analoggamemuseum.org/api/items/2680>,<http://omeka.org/s/vocabs/o#media>,,<https://id.analoggamemuseum.org/api/media/20717>
<https://id.analoggamemuseum.org/api/items/2682>,<http://omeka.org/s/vocabs/o#media>,,<https://id.analoggamemuseum.org/api/media/20785>
<https://id.analoggamemuseum.org/api/items/2682>,<http://omeka.org/s/vocabs/o#media>,,<https://id.analoggamemuseum.org/api/media/20786>
<https://id.analoggamemuseum.org/api/items/2683>,<http://omeka.org/s/vocabs/o#media>,,<https://id.analoggamemuseum.org/api/media/20803>
<https://id.analoggamemuseum.org/api/items/2683>,<http://omeka.org/s/vocabs/o#media>,,<https://id.analoggamemuseum.org/api/media/20804>
<https://id.analoggamemuseum.org/api/items/2683>,<http://omeka.org/s/vocabs/o#media>,,<https://id.analoggamemuseum.org/api/media/20805>
<https://id.analoggamemuseum.org/api/items/2684>,<http://omeka.org/s/vocabs/o#media>,,<https://id.analoggamemuseum.org/api/media/20793>
<https://id.analoggamemuseum.org/api/items/2684>,<http://omeka.org/s/vocabs/o#media>,,<https://id.analoggamemuseum.org/api/media/20794>
<https://id.analoggamemuseum.org/api/items/2684>,<http://omeka.org/s/vocabs/o#media>,,<https://id.analoggamemuseum.org/api/media/20795>
<https://id.analoggamemuseum.org/api/items/2685>,<http://omeka.org/s/vocabs/o#media>,,<https://id.analoggamemuseum.org/api/media/21005>
<https://id.analoggamemuseum.org/api/items/2685>,<http://omeka.org/s/vocabs/o#media>,,<https://id.analoggamemuseum.org/api/media/21006>
<https://id.analoggamemuseum.org/api/items/2686>,<http://omeka.org/s/vocabs/o#media>,,<https://id.analoggamemuseum.org/api/media/20821>
<https://id.analoggamemuseum.org/api/items/2686>,<http://omeka.org/s/vocabs/o#media>,,<https://id.analoggamemuseum.org/api/media/20822>
<https://id.analoggamemuseum.org/api/items/2686>,<http://omeka.org/s/vocabs/o#media>,,<https://id.analoggamemuseum.org/api/media/20823>
<https://id.analoggamemuseum.org/api/items/2687>,<http://omeka.org/s/vocabs/o#media>,,<https://id.analoggamemuseum.org/api/media/20710>
<https://id.analoggamemuseum.org/api/items/2687>,<http://omeka.org/s/vocabs/o#media>,,<https://id.analoggamemuseum.org/api/media/20711>
<https://id.analoggamemuseum.org/api/items/2688>,<http://omeka.org/s/vocabs/o#media>,,<https://id.analoggamemuseum.org/api/media/20773>
<https://id.analoggamemuseum.org/api/items/2688>,<http://omeka.org/s/vocabs/o#media>,,<https://id.analoggamemuseum.org/api/media/20774>
<https://id.analoggamemuseum.org/api/items/2691>,<http://omeka.org/s/vocabs/o#media>,,<https://id.analoggamemuseum.org/api/media/20707>
<https://id.analoggamemuseum.org/api/items/2691>,<http://omeka.org/s/vocabs/o#media>,,<https://id.analoggamemuseum.org/api/media/20708>
<https://id.analoggamemuseum.org/api/items/2691>,<http://omeka.org/s/vocabs/o#media>,,<https://id.analoggamemuseum.org/api/media/20709>
<https://id.analoggamemuseum.org/api/items/2692>,<http://omeka.org/s/vocabs/o#media>,,<https://id.analoggamemuseum.org/api/media/21012>
<https://id.analoggamemuseum.org/api/items/2692>,<http://omeka.org/s/vocabs/o#media>,,<https://id.analoggamemuseum.org/api/media/21013>
<https://id.analoggamemuseum.org/api/items/2693>,<http://omeka.org/s/vocabs/o#media>,,<https://id.analoggamemuseum.org/api/media/20826>
<https://id.analoggamemuseum.org/api/items/2693>,<http://omeka.org/s/vocabs/o#media>,,<https://id.analoggamemuseum.org/api/media/20827>
<https://id.analoggamemuseum.org/api/items/2694>,<http://omeka.org/s/vocabs/o#media>,,<https://id.analoggamemuseum.org/api/media/20808>
<https://id.analoggamemuseum.org/api/items/2694>,<http://omeka.org/s/vocabs/o#media>,,<https://id.analoggamemuseum.org/api/media/20809>
<https://id.analoggamemuseum.org/api/items/2696>,<http://omeka.org/s/vocabs/o#media>,,<https://id.analoggamemuseum.org/api/media/20891>
<https://id.analoggamemuseum.org/api/items/2696>,<http://omeka.org/s/vocabs/o#media>,,<https://id.analoggamemuseum.org/api/media/20892>
<https://id.analoggamemuseum.org/api/items/2697>,<http://omeka.org/s/vocabs/o#media>,,<https://id.analoggamemuseum.org/api/media/20696>
<https://id.analoggamemuseum.org/api/items/2697>,<http://omeka.org/s/vocabs/o#media>,,<https://id.analoggamemuseum.org/api/media/20697>
<https://id.analoggamemuseum.org/api/items/2697>,<http://omeka.org/s/vocabs/o#media>,,<https://id.analoggamemuseum.org/api/media/20698>
<https://id.analoggamemuseum.org/api/items/2698>,<http://omeka.org/s/vocabs/o#media>,,<https://id.analoggamemuseum.org/api/media/20898>
<https://id.analoggamemuseum.org/api/items/2698>,<http://omeka.org/s/vocabs/o#media>,,<https://id.analoggamemuseum.org/api/media/20899>
<https://id.analoggamemuseum.org/api/items/2699>,<http://omeka.org/s/vocabs/o#media>,,<https://id.analoggamemuseum.org/api/media/20324>
<https://id.analoggamemuseum.org/api/items/2699>,<http://omeka.org/s/vocabs/o#media>,,<https://id.analoggamemuseum.org/api/media/20325>
<https://id.analoggamemuseum.org/api/items/2700>,<http://omeka.org/s/vocabs/o#media>,,<https://id.analoggamemuseum.org/api/media/20694>
<https://id.analoggamemuseum.org/api/items/2700>,<http://omeka.org/s/vocabs/o#media>,,<https://id.analoggamemuseum.org/api/media/20695>
<https://id.analoggamemuseum.org/api/items/2701>,<http://omeka.org/s/vocabs/o#media>,,<https://id.analoggamemuseum.org/api/media/20779>
<https://id.analoggamemuseum.org/api/items/2701>,<http://omeka.org/s/vocabs/o#media>,,<https://id.analoggamemuseum.org/api/media/20780>
<https://id.analoggamemuseum.org/api/items/2702>,<http://omeka.org/s/vocabs/o#media>,,<https://id.analoggamemuseum.org/api/media/20783>
<https://id.analoggamemuseum.org/api/items/2702>,<http://omeka.org/s/vocabs/o#media>,,<https://id.analoggamemuseum.org/api/media/20784>
<https://id.analoggamemuseum.org/api/items/2703>,<http://omeka.org/s/vocabs/o#media>,,<https://id.analoggamemuseum.org/api/media/20787>
<https://id.analoggamemuseum.org/api/items/2703>,<http://omeka.org/s/vocabs/o#media>,,<https://id.analoggamemuseum.org/api/media/20788>
<https://id.analoggamemuseum.org/api/items/2704>,<http://omeka.org/s/vocabs/o#media>,,<https://id.analoggamemuseum.org/api/media/20900>
<https://id.analoggamemuseum.org/api/items/2704>,<http://omeka.org/s/vocabs/o#media>,,<https://id.analoggamemuseum.org/api/media/20901>
<https://id.analoggamemuseum.org/api/items/2705>,<http://omeka.org/s/vocabs/o#media>,,<https://id.analoggamemuseum.org/api/media/19047>
<https://id.analoggamemuseum.org/api/items/2705>,<http://omeka.org/s/vocabs/o#media>,,<https://id.analoggamemuseum.org/api/media/19048>
<https://id.analoggamemuseum.org/api/items/2706>,<http://omeka.org/s/vocabs/o#media>,,<https://id.analoggamemuseum.org/api/media/19058>
<https://id.analoggamemuseum.org/api/items/2706>,<http://omeka.org/s/vocabs/o#media>,,<https://id.analoggamemuseum.org/api/media/19059>
<https://id.analoggamemuseum.org/api/items/2707>,<http://omeka.org/s/vocabs/o#media>,,<https://id.analoggamemuseum.org/api/media/19039>
<https://id.analoggamemuseum.org/api/items/2707>,<http://omeka.org/s/vocabs/o#media>,,<https://id.analoggamemuseum.org/api/media/19040>
<https://id.analoggamemuseum.org/api/items/2708>,<http://omeka.org/s/vocabs/o#media>,,<https://id.analoggamemuseum.org/api/media/19339>
<https://id.analoggamemuseum.org/api/items/2708>,<http://omeka.org/s/vocabs/o#media>,,<https://id.analoggamemuseum.org/api/media/19340>
<https://id.analoggamemuseum.org/api/items/2709>,<http://omeka.org/s/vocabs/o#media>,,<https://id.analoggamemuseum.org/api/media/19250>
<https://id.analoggamemuseum.org/api/items/2709>,<http://omeka.org/s/vocabs/o#media>,,<https://id.analoggamemuseum.org/api/media/19251>
<https://id.analoggamemuseum.org/api/items/2710>,<http://omeka.org/s/vocabs/o#media>,,<https://id.analoggamemuseum.org/api/media/19056>
<https://id.analoggamemuseum.org/api/items/2710>,<http://omeka.org/s/vocabs/o#media>,,<https://id.analoggamemuseum.org/api/media/19057>
<https://id.analoggamemuseum.org/api/items/2711>,<http://omeka.org/s/vocabs/o#media>,,<https://id.analoggamemuseum.org/api/media/19329>
<https://id.analoggamemuseum.org/api/items/2711>,<http://omeka.org/s/vocabs/o#media>,,<https://id.analoggamemuseum.org/api/media/19330>
<https://id.analoggamemuseum.org/api/items/2712>,<http://omeka.org/s/vocabs/o#media>,,<https://id.analoggamemuseum.org/api/media/19028>
<https://id.analoggamemuseum.org/api/items/2712>,<http://omeka.org/s/vocabs/o#media>,,<https://id.analoggamemuseum.org/api/media/19029>
<https://id.analoggamemuseum.org/api/items/2713>,<http://omeka.org/s/vocabs/o#media>,,<https://id.analoggamemuseum.org/api/media/19052>
<https://id.analoggamemuseum.org/api/items/2713>,<http://omeka.org/s/vocabs/o#media>,,<https://id.analoggamemuseum.org/api/media/19053>
<https://id.analoggamemuseum.org/api/items/2714>,<http://omeka.org/s/vocabs/o#media>,,<https://id.analoggamemuseum.org/api/media/19035>
<https://id.analoggamemuseum.org/api/items/2714>,<http://omeka.org/s/vocabs/o#media>,,<https://id.analoggamemuseum.org/api/media/19036>
<https://id.analoggamemuseum.org/api/items/2715>,<http://omeka.org/s/vocabs/o#media>,,<https://id.analoggamemuseum.org/api/media/19337>
<https://id.analoggamemuseum.org/api/items/2715>,<http://omeka.org/s/vocabs/o#media>,,<https://id.analoggamemuseum.org/api/media/19338>
<https://id.analoggamemuseum.org/api/items/2716>,<http://omeka.org/s/vocabs/o#media>,,<https://id.analoggamemuseum.org/api/media/19331>
<https://id.analoggamemuseum.org/api/items/2716>,<http://omeka.org/s/vocabs/o#media>,,<https://id.analoggamemuseum.org/api/media/19332>
<https://id.analoggamemuseum.org/api/items/2717>,<http://omeka.org/s/vocabs/o#media>,,<https://id.analoggamemuseum.org/api/media/19011>
<https://id.analoggamemuseum.org/api/items/2717>,<http://omeka.org/s/vocabs/o#media>,,<https://id.analoggamemuseum.org/api/media/19012>
<https://id.analoggamemuseum.org/api/items/2719>,<http://omeka.org/s/vocabs/o#media>,,<https://id.analoggamemuseum.org/api/media/19033>
<https://id.analoggamemuseum.org/api/items/2719>,<http://omeka.org/s/vocabs/o#media>,,<https://id.analoggamemuseum.org/api/media/19034>
<https://id.analoggamemuseum.org/api/items/2720>,<http://omeka.org/s/vocabs/o#media>,,<https://id.analoggamemuseum.org/api/media/19206>
<https://id.analoggamemuseum.org/api/items/2720>,<http://omeka.org/s/vocabs/o#media>,,<https://id.analoggamemuseum.org/api/media/19207>
<https://id.analoggamemuseum.org/api/items/2721>,<http://omeka.org/s/vocabs/o#media>,,<https://id.analoggamemuseum.org/api/media/19220>
<https://id.analoggamemuseum.org/api/items/2721>,<http://omeka.org/s/vocabs/o#media>,,<https://id.analoggamemuseum.org/api/media/19221>
<https://id.analoggamemuseum.org/api/items/2721>,<http://omeka.org/s/vocabs/o#media>,,<https://id.analoggamemuseum.org/api/media/19222>
<https://id.analoggamemuseum.org/api/items/2722>,<http://omeka.org/s/vocabs/o#media>,,<https://id.analoggamemuseum.org/api/media/19244>
<https://id.analoggamemuseum.org/api/items/2722>,<http://omeka.org/s/vocabs/o#media>,,<https://id.analoggamemuseum.org/api/media/19245>
<https://id.analoggamemuseum.org/api/items/2723>,<http://omeka.org/s/vocabs/o#media>,,<https://id.analoggamemuseum.org/api/media/19240>
<https://id.analoggamemuseum.org/api/items/2723>,<http://omeka.org/s/vocabs/o#media>,,<https://id.analoggamemuseum.org/api/media/19241>
<https://id.analoggamemuseum.org/api/items/2724>,<http://omeka.org/s/vocabs/o#media>,,<https://id.analoggamemuseum.org/api/media/19242>
<https://id.analoggamemuseum.org/api/items/2724>,<http://omeka.org/s/vocabs/o#media>,,<https://id.analoggamemuseum.org/api/media/19243>
<https://id.analoggamemuseum.org/api/items/2725>,<http://omeka.org/s/vocabs/o#media>,,<https://id.analoggamemuseum.org/api/media/19248>
<https://id.analoggamemuseum.org/api/items/2725>,<http://omeka.org/s/vocabs/o#media>,,<https://id.analoggamemuseum.org/api/media/19249>
<https://id.analoggamemuseum.org/api/items/2726>,<http://omeka.org/s/vocabs/o#media>,,<https://id.analoggamemuseum.org/api/media/19252>
<https://id.analoggamemuseum.org/api/items/2726>,<http://omeka.org/s/vocabs/o#media>,,<https://id.analoggamemuseum.org/api/media/19253>
<https://id.analoggamemuseum.org/api/items/2727>,<http://omeka.org/s/vocabs/o#media>,,<https://id.analoggamemuseum.org/api/media/19023>
<https://id.analoggamemuseum.org/api/items/2727>,<http://omeka.org/s/vocabs/o#media>,,<https://id.analoggamemuseum.org/api/media/19024>
<https://id.analoggamemuseum.org/api/items/2727>,<http://omeka.org/s/vocabs/o#media>,,<https://id.analoggamemuseum.org/api/media/19025>
<https://id.analoggamemuseum.org/api/items/2728>,<http://omeka.org/s/vocabs/o#media>,,<https://id.analoggamemuseum.org/api/media/19226>
<https://id.analoggamemuseum.org/api/items/2728>,<http://omeka.org/s/vocabs/o#media>,,<https://id.analoggamemuseum.org/api/media/19227>
<https://id.analoggamemuseum.org/api/items/2729>,<http://omeka.org/s/vocabs/o#media>,,<https://id.analoggamemuseum.org/api/media/19228>
<https://id.analoggamemuseum.org/api/items/2729>,<http://omeka.org/s/vocabs/o#media>,,<https://id.analoggamemuseum.org/api/media/19229>
<https://id.analoggamemuseum.org/api/items/2730>,<http://omeka.org/s/vocabs/o#media>,,<https://id.analoggamemuseum.org/api/media/19216>
<https://id.analoggamemuseum.org/api/items/2730>,<http://omeka.org/s/vocabs/o#media>,,<https://id.analoggamemuseum.org/api/media/19217>
<https://id.analoggamemuseum.org/api/items/2731>,<http://omeka.org/s/vocabs/o#media>,,<https://id.analoggamemuseum.org/api/media/19223>
<https://id.analoggamemuseum.org/api/items/2731>,<http://omeka.org/s/vocabs/o#media>,,<https://id.analoggamemuseum.org/api/media/19224>
<https://id.analoggamemuseum.org/api/items/2731>,<http://omeka.org/s/vocabs/o#media>,,<https://id.analoggamemuseum.org/api/media/19225>
<https://id.analoggamemuseum.org/api/items/2732>,<http://omeka.org/s/vocabs/o#media>,,<https://id.analoggamemuseum.org/api/media/19236>
<https://id.analoggamemuseum.org/api/items/2732>,<http://omeka.org/s/vocabs/o#media>,,<https://id.analoggamemuseum.org/api/media/19237>
<https://id.analoggamemuseum.org/api/items/2733>,<http://omeka.org/s/vocabs/o#media>,,<https://id.analoggamemuseum.org/api/media/19208>
<https://id.analoggamemuseum.org/api/items/2733>,<http://omeka.org/s/vocabs/o#media>,,<https://id.analoggamemuseum.org/api/media/19209>
<https://id.analoggamemuseum.org/api/items/2734>,<http://omeka.org/s/vocabs/o#media>,,<https://id.analoggamemuseum.org/api/media/19230>
<https://id.analoggamemuseum.org/api/items/2734>,<http://omeka.org/s/vocabs/o#media>,,<https://id.analoggamemuseum.org/api/media/19231>
<https://id.analoggamemuseum.org/api/items/2736>,<http://omeka.org/s/vocabs/o#media>,,<https://id.analoggamemuseum.org/api/media/20738>
<https://id.analoggamemuseum.org/api/items/2736>,<http://omeka.org/s/vocabs/o#media>,,<https://id.analoggamemuseum.org/api/media/20739>
<https://id.analoggamemuseum.org/api/items/2737>,<http://omeka.org/s/vocabs/o#media>,,<https://id.analoggamemuseum.org/api/media/20725>
<https://id.analoggamemuseum.org/api/items/2737>,<http://omeka.org/s/vocabs/o#media>,,<https://id.analoggamemuseum.org/api/media/20726>
<https://id.analoggamemuseum.org/api/items/2737>,<http://omeka.org/s/vocabs/o#media>,,<https://id.analoggamemuseum.org/api/media/20727>
<https://id.analoggamemuseum.org/api/items/2738>,<http://omeka.org/s/vocabs/o#media>,,<https://id.analoggamemuseum.org/api/media/20870>
<https://id.analoggamemuseum.org/api/items/2738>,<http://omeka.org/s/vocabs/o#media>,,<https://id.analoggamemuseum.org/api/media/20871>
<https://id.analoggamemuseum.org/api/items/2739>,<http://omeka.org/s/vocabs/o#media>,,<https://id.analoggamemuseum.org/api/media/20974>
<https://id.analoggamemuseum.org/api/items/2739>,<http://omeka.org/s/vocabs/o#media>,,<https://id.analoggamemuseum.org/api/media/20975>
<https://id.analoggamemuseum.org/api/items/2740>,<http://omeka.org/s/vocabs/o#media>,,<https://id.analoggamemuseum.org/api/media/20723>
<https://id.analoggamemuseum.org/api/items/2740>,<http://omeka.org/s/vocabs/o#media>,,<https://id.analoggamemuseum.org/api/media/20724>
<https://id.analoggamemuseum.org/api/items/2741>,<http://omeka.org/s/vocabs/o#media>,,<https://id.analoggamemuseum.org/api/media/20748>
<https://id.analoggamemuseum.org/api/items/2741>,<http://omeka.org/s/vocabs/o#media>,,<https://id.analoggamemuseum.org/api/media/20749>
<https://id.analoggamemuseum.org/api/items/2742>,<http://omeka.org/s/vocabs/o#media>,,<https://id.analoggamemuseum.org/api/media/20919>
<https://id.analoggamemuseum.org/api/items/2742>,<http://omeka.org/s/vocabs/o#media>,,<https://id.analoggamemuseum.org/api/media/20920>
<https://id.analoggamemuseum.org/api/items/2742>,<http://omeka.org/s/vocabs/o#media>,,<https://id.analoggamemuseum.org/api/media/20921>
<https://id.analoggamemuseum.org/api/items/2743>,<http://omeka.org/s/vocabs/o#media>,,<https://id.analoggamemuseum.org/api/media/20721>
<https://id.analoggamemuseum.org/api/items/2743>,<http://omeka.org/s/vocabs/o#media>,,<https://id.analoggamemuseum.org/api/media/20722>
<https://id.analoggamemuseum.org/api/items/2745>,<http://omeka.org/s/vocabs/o#media>,,<https://id.analoggamemuseum.org/api/media/20991>
<https://id.analoggamemuseum.org/api/items/2745>,<http://omeka.org/s/vocabs/o#media>,,<https://id.analoggamemuseum.org/api/media/20992>
<https://id.analoggamemuseum.org/api/items/2746>,<http://omeka.org/s/vocabs/o#media>,,<https://id.analoggamemuseum.org/api/media/20995>
<https://id.analoggamemuseum.org/api/items/2746>,<http://omeka.org/s/vocabs/o#media>,,<https://id.analoggamemuseum.org/api/media/20996>
<https://id.analoggamemuseum.org/api/items/2747>,<http://omeka.org/s/vocabs/o#media>,,<https://id.analoggamemuseum.org/api/media/20933>
<https://id.analoggamemuseum.org/api/items/2747>,<http://omeka.org/s/vocabs/o#media>,,<https://id.analoggamemuseum.org/api/media/20934>
<https://id.analoggamemuseum.org/api/items/2748>,<http://omeka.org/s/vocabs/o#media>,,<https://id.analoggamemuseum.org/api/media/20914>
<https://id.analoggamemuseum.org/api/items/2748>,<http://omeka.org/s/vocabs/o#media>,,<https://id.analoggamemuseum.org/api/media/20915>
<https://id.analoggamemuseum.org/api/items/2749>,<http://omeka.org/s/vocabs/o#media>,,<https://id.analoggamemuseum.org/api/media/20924>
<https://id.analoggamemuseum.org/api/items/2749>,<http://omeka.org/s/vocabs/o#media>,,<https://id.analoggamemuseum.org/api/media/20925>
<https://id.analoggamemuseum.org/api/items/2750>,<http://omeka.org/s/vocabs/o#media>,,<https://id.analoggamemuseum.org/api/media/20956>
<https://id.analoggamemuseum.org/api/items/2750>,<http://omeka.org/s/vocabs/o#media>,,<https://id.analoggamemuseum.org/api/media/20957>
<https://id.analoggamemuseum.org/api/items/2750>,<http://omeka.org/s/vocabs/o#media>,,<https://id.analoggamemuseum.org/api/media/20958>
<https://id.analoggamemuseum.org/api/items/2751>,<http://omeka.org/s/vocabs/o#media>,,<https://id.analoggamemuseum.org/api/media/20948>
<https://id.analoggamemuseum.org/api/items/2751>,<http://omeka.org/s/vocabs/o#media>,,<https://id.analoggamemuseum.org/api/media/20949>
<https://id.analoggamemuseum.org/api/items/2752>,<http://omeka.org/s/vocabs/o#media>,,<https://id.analoggamemuseum.org/api/media/20916>
<https://id.analoggamemuseum.org/api/items/2752>,<http://omeka.org/s/vocabs/o#media>,,<https://id.analoggamemuseum.org/api/media/20917>
<https://id.analoggamemuseum.org/api/items/2752>,<http://omeka.org/s/vocabs/o#media>,,<https://id.analoggamemuseum.org/api/media/20918>
<https://id.analoggamemuseum.org/api/items/2753>,<http://omeka.org/s/vocabs/o#media>,,<https://id.analoggamemuseum.org/api/media/20746>
<https://id.analoggamemuseum.org/api/items/2753>,<http://omeka.org/s/vocabs/o#media>,,<https://id.analoggamemuseum.org/api/media/20747>
<https://id.analoggamemuseum.org/api/items/2754>,<http://omeka.org/s/vocabs/o#media>,,<https://id.analoggamemuseum.org/api/media/20740>
<https://id.analoggamemuseum.org/api/items/2754>,<http://omeka.org/s/vocabs/o#media>,,<https://id.analoggamemuseum.org/api/media/20741>
<https://id.analoggamemuseum.org/api/items/2755>,<http://omeka.org/s/vocabs/o#media>,,<https://id.analoggamemuseum.org/api/media/20742>
<https://id.analoggamemuseum.org/api/items/2755>,<http://omeka.org/s/vocabs/o#media>,,<https://id.analoggamemuseum.org/api/media/20743>
<https://id.analoggamemuseum.org/api/items/2756>,<http://omeka.org/s/vocabs/o#media>,,<https://id.analoggamemuseum.org/api/media/20941>
<https://id.analoggamemuseum.org/api/items/2756>,<http://omeka.org/s/vocabs/o#media>,,<https://id.analoggamemuseum.org/api/media/20942>
<https://id.analoggamemuseum.org/api/items/2756>,<http://omeka.org/s/vocabs/o#media>,,<https://id.analoggamemuseum.org/api/media/20943>
<https://id.analoggamemuseum.org/api/items/2757>,<http://omeka.org/s/vocabs/o#media>,,<https://id.analoggamemuseum.org/api/media/20970>
<https://id.analoggamemuseum.org/api/items/2757>,<http://omeka.org/s/vocabs/o#media>,,<https://id.analoggamemuseum.org/api/media/20971>
<https://id.analoggamemuseum.org/api/items/2758>,<http://omeka.org/s/vocabs/o#media>,,<https://id.analoggamemuseum.org/api/media/20950>
<https://id.analoggamemuseum.org/api/items/2758>,<http://omeka.org/s/vocabs/o#media>,,<https://id.analoggamemuseum.org/api/media/20951>
<https://id.analoggamemuseum.org/api/items/2759>,<http://omeka.org/s/vocabs/o#media>,,<https://id.analoggamemuseum.org/api/media/20926>
<https://id.analoggamemuseum.org/api/items/2759>,<http://omeka.org/s/vocabs/o#media>,,<https://id.analoggamemuseum.org/api/media/20927>
<https://id.analoggamemuseum.org/api/items/2760>,<http://omeka.org/s/vocabs/o#media>,,<https://id.analoggamemuseum.org/api/media/20836>
<https://id.analoggamemuseum.org/api/items/2760>,<http://omeka.org/s/vocabs/o#media>,,<https://id.analoggamemuseum.org/api/media/20837>
<https://id.analoggamemuseum.org/api/items/2761>,<http://omeka.org/s/vocabs/o#media>,,<https://id.analoggamemuseum.org/api/media/20937>
<https://id.analoggamemuseum.org/api/items/2761>,<http://omeka.org/s/vocabs/o#media>,,<https://id.analoggamemuseum.org/api/media/20938>
<https://id.analoggamemuseum.org/api/items/2762>,<http://omeka.org/s/vocabs/o#media>,,<https://id.analoggamemuseum.org/api/media/20954>
<https://id.analoggamemuseum.org/api/items/2762>,<http://omeka.org/s/vocabs/o#media>,,<https://id.analoggamemuseum.org/api/media/20955>
<https://id.analoggamemuseum.org/api/items/2763>,<http://omeka.org/s/vocabs/o#media>,,<https://id.analoggamemuseum.org/api/media/20944>
<https://id.analoggamemuseum.org/api/items/2763>,<http://omeka.org/s/vocabs/o#media>,,<https://id.analoggamemuseum.org/api/media/20945>
<https://id.analoggamemuseum.org/api/items/2764>,<http://omeka.org/s/vocabs/o#media>,,<https://id.analoggamemuseum.org/api/media/20736>
<https://id.analoggamemuseum.org/api/items/2764>,<http://omeka.org/s/vocabs/o#media>,,<https://id.analoggamemuseum.org/api/media/20737>
<https://id.analoggamemuseum.org/api/items/2765>,<http://omeka.org/s/vocabs/o#media>,,<https://id.analoggamemuseum.org/api/media/20838>
<https://id.analoggamemuseum.org/api/items/2765>,<http://omeka.org/s/vocabs/o#media>,,<https://id.analoggamemuseum.org/api/media/20839>
<https://id.analoggamemuseum.org/api/items/2766>,<http://omeka.org/s/vocabs/o#media>,,<https://id.analoggamemuseum.org/api/media/20744>
<https://id.analoggamemuseum.org/api/items/2766>,<http://omeka.org/s/vocabs/o#media>,,<https://id.analoggamemuseum.org/api/media/20745>
<https://id.analoggamemuseum.org/api/items/2767>,<http://omeka.org/s/vocabs/o#media>,,<https://id.analoggamemuseum.org/api/media/20985>
<https://id.analoggamemuseum.org/api/items/2767>,<http://omeka.org/s/vocabs/o#media>,,<https://id.analoggamemuseum.org/api/media/20986>
<https://id.analoggamemuseum.org/api/items/2767>,<http://omeka.org/s/vocabs/o#media>,,<https://id.analoggamemuseum.org/api/media/20987>
<https://id.analoggamemuseum.org/api/items/2768>,<http://omeka.org/s/vocabs/o#media>,,<https://id.analoggamemuseum.org/api/media/20964>
<https://id.analoggamemuseum.org/api/items/2768>,<http://omeka.org/s/vocabs/o#media>,,<https://id.analoggamemuseum.org/api/media/20965>
<https://id.analoggamemuseum.org/api/items/2768>,<http://omeka.org/s/vocabs/o#media>,,<https://id.analoggamemuseum.org/api/media/20966>
<https://id.analoggamemuseum.org/api/items/2770>,<http://omeka.org/s/vocabs/o#media>,,<https://id.analoggamemuseum.org/api/media/20859>
<https://id.analoggamemuseum.org/api/items/2770>,<http://omeka.org/s/vocabs/o#media>,,<https://id.analoggamemuseum.org/api/media/20860>
<https://id.analoggamemuseum.org/api/items/2771>,<http://omeka.org/s/vocabs/o#media>,,<https://id.analoggamemuseum.org/api/media/20993>
<https://id.analoggamemuseum.org/api/items/2771>,<http://omeka.org/s/vocabs/o#media>,,<https://id.analoggamemuseum.org/api/media/20994>
<https://id.analoggamemuseum.org/api/items/2772>,<http://omeka.org/s/vocabs/o#media>,,<https://id.analoggamemuseum.org/api/media/20928>
<https://id.analoggamemuseum.org/api/items/2772>,<http://omeka.org/s/vocabs/o#media>,,<https://id.analoggamemuseum.org/api/media/20929>
<https://id.analoggamemuseum.org/api/items/2772>,<http://omeka.org/s/vocabs/o#media>,,<https://id.analoggamemuseum.org/api/media/20930>
<https://id.analoggamemuseum.org/api/items/2773>,<http://omeka.org/s/vocabs/o#media>,,<https://id.analoggamemuseum.org/api/media/21016>
<https://id.analoggamemuseum.org/api/items/2773>,<http://omeka.org/s/vocabs/o#media>,,<https://id.analoggamemuseum.org/api/media/21017>
<https://id.analoggamemuseum.org/api/items/2817>,<http://omeka.org/s/vocabs/o#media>,,<https://id.analoggamemuseum.org/api/media/19461>
<https://id.analoggamemuseum.org/api/items/2817>,<http://omeka.org/s/vocabs/o#media>,,<https://id.analoggamemuseum.org/api/media/19462>
<https://id.analoggamemuseum.org/api/items/2818>,<http://omeka.org/s/vocabs/o#media>,,<https://id.analoggamemuseum.org/api/media/19455>
<https://id.analoggamemuseum.org/api/items/2818>,<http://omeka.org/s/vocabs/o#media>,,<https://id.analoggamemuseum.org/api/media/19456>
<https://id.analoggamemuseum.org/api/items/2819>,<http://omeka.org/s/vocabs/o#media>,,<https://id.analoggamemuseum.org/api/media/19453>
<https://id.analoggamemuseum.org/api/items/2819>,<http://omeka.org/s/vocabs/o#media>,,<https://id.analoggamemuseum.org/api/media/19454>
<https://id.analoggamemuseum.org/api/items/2820>,<http://omeka.org/s/vocabs/o#media>,,<https://id.analoggamemuseum.org/api/media/19471>
<https://id.analoggamemuseum.org/api/items/2820>,<http://omeka.org/s/vocabs/o#media>,,<https://id.analoggamemuseum.org/api/media/19472>
<https://id.analoggamemuseum.org/api/items/2821>,<http://omeka.org/s/vocabs/o#media>,,<https://id.analoggamemuseum.org/api/media/19467>
<https://id.analoggamemuseum.org/api/items/2821>,<http://omeka.org/s/vocabs/o#media>,,<https://id.analoggamemuseum.org/api/media/19468>
<https://id.analoggamemuseum.org/api/items/2822>,<http://omeka.org/s/vocabs/o#media>,,<https://id.analoggamemuseum.org/api/media/19463>
<https://id.analoggamemuseum.org/api/items/2822>,<http://omeka.org/s/vocabs/o#media>,,<https://id.analoggamemuseum.org/api/media/19464>
<https://id.analoggamemuseum.org/api/items/2823>,<http://omeka.org/s/vocabs/o#media>,,<https://id.analoggamemuseum.org/api/media/19483>
<https://id.analoggamemuseum.org/api/items/2823>,<http://omeka.org/s/vocabs/o#media>,,<https://id.analoggamemuseum.org/api/media/19484>
<https://id.analoggamemuseum.org/api/items/2824>,<http://omeka.org/s/vocabs/o#media>,,<https://id.analoggamemuseum.org/api/media/19477>
<https://id.analoggamemuseum.org/api/items/2824>,<http://omeka.org/s/vocabs/o#media>,,<https://id.analoggamemuseum.org/api/media/19478>
<https://id.analoggamemuseum.org/api/items/2825>,<http://omeka.org/s/vocabs/o#media>,,<https://id.analoggamemuseum.org/api/media/19496>
<https://id.analoggamemuseum.org/api/items/2825>,<http://omeka.org/s/vocabs/o#media>,,<https://id.analoggamemuseum.org/api/media/19497>
<https://id.analoggamemuseum.org/api/items/2826>,<http://omeka.org/s/vocabs/o#media>,,<https://id.analoggamemuseum.org/api/media/19487>
<https://id.analoggamemuseum.org/api/items/2826>,<http://omeka.org/s/vocabs/o#media>,,<https://id.analoggamemuseum.org/api/media/19488>
<https://id.analoggamemuseum.org/api/items/2827>,<http://omeka.org/s/vocabs/o#media>,,<https://id.analoggamemuseum.org/api/media/19489>
<https://id.analoggamemuseum.org/api/items/2827>,<http://omeka.org/s/vocabs/o#media>,,<https://id.analoggamemuseum.org/api/media/19490>
<https://id.analoggamemuseum.org/api/items/2827>,<http://omeka.org/s/vocabs/o#modified>,"""2026-01-08T18:24:23+00:00""^^<http://www.w3.org/2001/XMLSchema#dateTime>","""2026-02-15T02:20:10+00:00""^^<http://www.w3.org/2001/XMLSchema#dateTime>"
<https://id.analoggamemuseum.org/api/items/2827>,<http://omeka.org/s/vocabs/o#title>,"""A529""","""E132"""
<https://id.analoggamemuseum.org/api/items/2827>,<http://purl.org/dc/terms/title>,"""A529""","""E132"""
<https://id.analoggamemuseum.org/api/items/2827>,<https://www.analoggamemuseum.org/ontology/identifier>,"""A529""","""E132"""
<https://id.analoggamemuseum.org/api/items/2829>,<http://omeka.org/s/vocabs/o#media>,,<https://id.analoggamemuseum.org/api/media/19498>
<https://id.analoggamemuseum.org/api/items/2829>,<http://omeka.org/s/vocabs/o#media>,,<https://id.analoggamemuseum.org/api/media/19499>
<https://id.analoggamemuseum.org/api/items/2830>,<http://omeka.org/s/vocabs/o#media>,,<https://id.analoggamemuseum.org/api/media/19485>
<https://id.analoggamemuseum.org/api/items/2830>,<http://omeka.org/s/vocabs/o#media>,,<https://id.analoggamemuseum.org/api/media/19486>
<https://id.analoggamemuseum.org/api/items/2833>,<http://omeka.org/s/vocabs/o#media>,,<https://id.analoggamemuseum.org/api/media/19508>
<https://id.analoggamemuseum.org/api/items/2833>,<http://omeka.org/s/vocabs/o#media>,,<https://id.analoggamemuseum.org/api/media/19509>
<https://id.analoggamemuseum.org/api/items/2838>,<http://omeka.org/s/vocabs/o#media>,,<https://id.analoggamemuseum.org/api/media/19510>
<https://id.analoggamemuseum.org/api/items/2838>,<http://omeka.org/s/vocabs/o#media>,,<https://id.analoggamemuseum.org/api/media/19511>
<https://id.analoggamemuseum.org/api/items/2843>,<http://omeka.org/s/vocabs/o#media>,,<https://id.analoggamemuseum.org/api/media/19534>
<https://id.analoggamemuseum.org/api/items/2843>,<http://omeka.org/s/vocabs/o#media>,,<https://id.analoggamemuseum.org/api/media/19535>
<https://id.analoggamemuseum.org/api/items/2847>,<http://omeka.org/s/vocabs/o#media>,,<https://id.analoggamemuseum.org/api/media/19532>
<https://id.analoggamemuseum.org/api/items/2847>,<http://omeka.org/s/vocabs/o#media>,,<https://id.analoggamemuseum.org/api/media/19533>
<https://id.analoggamemuseum.org/api/items/2847>,<http://omeka.org/s/vocabs/o#modified>,"""2026-01-08T18:24:23+00:00""^^<http://www.w3.org/2001/XMLSchema#dateTime>","""2026-02-15T02:22:35+00:00""^^<http://www.w3.org/2001/XMLSchema#dateTime>"
<https://id.analoggamemuseum.org/api/items/2847>,<http://omeka.org/s/vocabs/o#title>,"""A570""","""E134"""
<https://id.analoggamemuseum.org/api/items/2847>,<http://purl.org/dc/terms/title>,"""A570""","""E134"""
<https://id.analoggamemuseum.org/api/items/2847>,<https://www.analoggamemuseum.org/ontology/identifier>,"""A570""","""E134"""
<https://id.analoggamemuseum.org/api/items/2849>,<http://omeka.org/s/vocabs/o#media>,,<https://id.analoggamemuseum.org/api/media/19540>
<https://id.analoggamemuseum.org/api/items/2849>,<http://omeka.org/s/vocabs/o#media>,,<https://id.analoggamemuseum.org/api/media/19541>
<https://id.analoggamemuseum.org/api/items/2849>,<http://omeka.org/s/vocabs/o#media>,,<https://id.analoggamemuseum.org/api/media/19542>
<https://id.analoggamemuseum.org/api/items/2850>,<http://omeka.org/s/vocabs/o#media>,,<https://id.analoggamemuseum.org/api/media/19601>
<https://id.analoggamemuseum.org/api/items/2850>,<http://omeka.org/s/vocabs/o#media>,,<https://id.analoggamemuseum.org/api/media/19602>
<https://id.analoggamemuseum.org/api/items/2855>,<http://omeka.org/s/vocabs/o#media>,,<https://id.analoggamemuseum.org/api/media/19599>
<https://id.analoggamemuseum.org/api/items/2855>,<http://omeka.org/s/vocabs/o#media>,,<https://id.analoggamemuseum.org/api/media/19600>
<https://id.analoggamemuseum.org/api/items/2856>,<http://omeka.org/s/vocabs/o#media>,,<https://id.analoggamemuseum.org/api/media/19543>
<https://id.analoggamemuseum.org/api/items/2856>,<http://omeka.org/s/vocabs/o#media>,,<https://id.analoggamemuseum.org/api/media/19544>
<https://id.analoggamemuseum.org/api/items/2857>,<http://omeka.org/s/vocabs/o#media>,,<https://id.analoggamemuseum.org/api/media/19582>
<https://id.analoggamemuseum.org/api/items/2857>,<http://omeka.org/s/vocabs/o#media>,,<https://id.analoggamemuseum.org/api/media/19583>
<https://id.analoggamemuseum.org/api/items/2858>,<http://omeka.org/s/vocabs/o#media>,,<https://id.analoggamemuseum.org/api/media/19605>
<https://id.analoggamemuseum.org/api/items/2858>,<http://omeka.org/s/vocabs/o#media>,,<https://id.analoggamemuseum.org/api/media/19606>
<https://id.analoggamemuseum.org/api/items/2859>,<http://omeka.org/s/vocabs/o#media>,,<https://id.analoggamemuseum.org/api/media/19593>
<https://id.analoggamemuseum.org/api/items/2859>,<http://omeka.org/s/vocabs/o#media>,,<https://id.analoggamemuseum.org/api/media/19594>
<https://id.analoggamemuseum.org/api/items/2860>,<http://omeka.org/s/vocabs/o#media>,,<https://id.analoggamemuseum.org/api/media/19595>
<https://id.analoggamemuseum.org/api/items/2860>,<http://omeka.org/s/vocabs/o#media>,,<https://id.analoggamemuseum.org/api/media/19596>
<https://id.analoggamemuseum.org/api/items/2862>,<http://omeka.org/s/vocabs/o#media>,,<https://id.analoggamemuseum.org/api/media/19603>
<https://id.analoggamemuseum.org/api/items/2862>,<http://omeka.org/s/vocabs/o#media>,,<https://id.analoggamemuseum.org/api/media/19604>
<https://id.analoggamemuseum.org/api/items/2863>,<http://omeka.org/s/vocabs/o#media>,,<https://id.analoggamemuseum.org/api/media/19639>
<https://id.analoggamemuseum.org/api/items/2863>,<http://omeka.org/s/vocabs/o#media>,,<https://id.analoggamemuseum.org/api/media/19640>
<https://id.analoggamemuseum.org/api/items/2863>,<http://omeka.org/s/vocabs/o#media>,,<https://id.analoggamemuseum.org/api/media/19641>
<https://id.analoggamemuseum.org/api/items/2864>,<http://omeka.org/s/vocabs/o#media>,,<https://id.analoggamemuseum.org/api/media/19647>
<https://id.analoggamemuseum.org/api/items/2864>,<http://omeka.org/s/vocabs/o#media>,,<https://id.analoggamemuseum.org/api/media/19648>
<https://id.analoggamemuseum.org/api/items/2865>,<http://omeka.org/s/vocabs/o#media>,,<https://id.analoggamemuseum.org/api/media/19774>
<https://id.analoggamemuseum.org/api/items/2865>,<http://omeka.org/s/vocabs/o#media>,,<https://id.analoggamemuseum.org/api/media/19775>
<https://id.analoggamemuseum.org/api/items/2866>,<http://omeka.org/s/vocabs/o#media>,,<https://id.analoggamemuseum.org/api/media/19772>
<https://id.analoggamemuseum.org/api/items/2866>,<http://omeka.org/s/vocabs/o#media>,,<https://id.analoggamemuseum.org/api/media/19773>
<https://id.analoggamemuseum.org/api/items/2867>,<http://omeka.org/s/vocabs/o#media>,,<https://id.analoggamemuseum.org/api/media/19768>
<https://id.analoggamemuseum.org/api/items/2867>,<http://omeka.org/s/vocabs/o#media>,,<https://id.analoggamemuseum.org/api/media/19769>
<https://id.analoggamemuseum.org/api/items/2868>,<http://omeka.org/s/vocabs/o#media>,,<https://id.analoggamemuseum.org/api/media/19770>
<https://id.analoggamemuseum.org/api/items/2868>,<http://omeka.org/s/vocabs/o#media>,,<https://id.analoggamemuseum.org/api/media/19771>
<https://id.analoggamemuseum.org/api/items/2869>,<http://omeka.org/s/vocabs/o#media>,,<https://id.analoggamemuseum.org/api/media/19761>
<https://id.analoggamemuseum.org/api/items/2869>,<http://omeka.org/s/vocabs/o#media>,,<https://id.analoggamemuseum.org/api/media/19762>
<https://id.analoggamemuseum.org/api/items/2871>,<http://omeka.org/s/vocabs/o#media>,,<https://id.analoggamemuseum.org/api/media/20582>
<https://id.analoggamemuseum.org/api/items/2871>,<http://omeka.org/s/vocabs/o#media>,,<https://id.analoggamemuseum.org/api/media/20583>
<https://id.analoggamemuseum.org/api/items/2873>,<http://omeka.org/s/vocabs/o#media>,,<https://id.analoggamemuseum.org/api/media/20440>
<https://id.analoggamemuseum.org/api/items/2873>,<http://omeka.org/s/vocabs/o#media>,,<https://id.analoggamemuseum.org/api/media/20441>
<https://id.analoggamemuseum.org/api/items/2874>,<http://omeka.org/s/vocabs/o#media>,,<https://id.analoggamemuseum.org/api/media/20448>
<https://id.analoggamemuseum.org/api/items/2874>,<http://omeka.org/s/vocabs/o#media>,,<https://id.analoggamemuseum.org/api/media/20449>
<https://id.analoggamemuseum.org/api/items/2875>,<http://omeka.org/s/vocabs/o#media>,,<https://id.analoggamemuseum.org/api/media/20450>
<https://id.analoggamemuseum.org/api/items/2875>,<http://omeka.org/s/vocabs/o#media>,,<https://id.analoggamemuseum.org/api/media/20451>
<https://id.analoggamemuseum.org/api/items/2876>,<http://omeka.org/s/vocabs/o#media>,,<https://id.analoggamemuseum.org/api/media/20418>
<https://id.analoggamemuseum.org/api/items/2876>,<http://omeka.org/s/vocabs/o#media>,,<https://id.analoggamemuseum.org/api/media/20419>
<https://id.analoggamemuseum.org/api/items/2877>,<http://omeka.org/s/vocabs/o#media>,,<https://id.analoggamemuseum.org/api/media/20395>
<https://id.analoggamemuseum.org/api/items/2877>,<http://omeka.org/s/vocabs/o#media>,,<https://id.analoggamemuseum.org/api/media/20396>
<https://id.analoggamemuseum.org/api/items/2878>,<http://omeka.org/s/vocabs/o#media>,,<https://id.analoggamemuseum.org/api/media/21169>
<https://id.analoggamemuseum.org/api/items/2878>,<http://omeka.org/s/vocabs/o#media>,,<https://id.analoggamemuseum.org/api/media/21170>
<https://id.analoggamemuseum.org/api/items/2879>,<http://omeka.org/s/vocabs/o#media>,,<https://id.analoggamemuseum.org/api/media/20024>
<https://id.analoggamemuseum.org/api/items/2879>,<http://omeka.org/s/vocabs/o#media>,,<https://id.analoggamemuseum.org/api/media/20025>
<https://id.analoggamemuseum.org/api/items/2881>,<http://omeka.org/s/vocabs/o#media>,,<https://id.analoggamemuseum.org/api/media/20096>
<https://id.analoggamemuseum.org/api/items/2881>,<http://omeka.org/s/vocabs/o#media>,,<https://id.analoggamemuseum.org/api/media/20097>
<https://id.analoggamemuseum.org/api/items/2882>,<http://omeka.org/s/vocabs/o#media>,,<https://id.analoggamemuseum.org/api/media/20281>
<https://id.analoggamemuseum.org/api/items/2882>,<http://omeka.org/s/vocabs/o#media>,,<https://id.analoggamemuseum.org/api/media/20282>
<https://id.analoggamemuseum.org/api/items/2883>,<http://omeka.org/s/vocabs/o#media>,,<https://id.analoggamemuseum.org/api/media/20256>
<https://id.analoggamemuseum.org/api/items/2883>,<http://omeka.org/s/vocabs/o#media>,,<https://id.analoggamemuseum.org/api/media/20257>
<https://id.analoggamemuseum.org/api/items/2883>,<http://omeka.org/s/vocabs/o#media>,,<https://id.analoggamemuseum.org/api/media/20258>
<https://id.analoggamemuseum.org/api/items/2884>,<http://omeka.org/s/vocabs/o#media>,,<https://id.analoggamemuseum.org/api/media/20476>
<https://id.analoggamemuseum.org/api/items/2884>,<http://omeka.org/s/vocabs/o#media>,,<https://id.analoggamemuseum.org/api/media/20477>
<https://id.analoggamemuseum.org/api/items/2888>,<http://omeka.org/s/vocabs/o#media>,,<https://id.analoggamemuseum.org/api/media/20768>
<https://id.analoggamemuseum.org/api/items/2888>,<http://omeka.org/s/vocabs/o#media>,,<https://id.analoggamemuseum.org/api/media/20769>
<https://id.analoggamemuseum.org/api/items/2889>,<http://omeka.org/s/vocabs/o#media>,,<https://id.analoggamemuseum.org/api/media/19928>
<https://id.analoggamemuseum.org/api/items/2889>,<http://omeka.org/s/vocabs/o#media>,,<https://id.analoggamemuseum.org/api/media/19929>
<https://id.analoggamemuseum.org/api/items/2889>,<http://omeka.org/s/vocabs/o#media>,,<https://id.analoggamemuseum.org/api/media/19930>
<https://id.analoggamemuseum.org/api/items/2892>,<http://omeka.org/s/vocabs/o#media>,,<https://id.analoggamemuseum.org/api/media/20765>
<https://id.analoggamemuseum.org/api/items/2892>,<http://omeka.org/s/vocabs/o#media>,,<https://id.analoggamemuseum.org/api/media/20766>
<https://id.analoggamemuseum.org/api/items/2892>,<http://omeka.org/s/vocabs/o#media>,,<https://id.analoggamemuseum.org/api/media/20767>
<https://id.analoggamemuseum.org/api/items/2893>,<http://omeka.org/s/vocabs/o#media>,,<https://id.analoggamemuseum.org/api/media/20762>
<https://id.analoggamemuseum.org/api/items/2893>,<http://omeka.org/s/vocabs/o#media>,,<https://id.analoggamemuseum.org/api/media/20763>
<https://id.analoggamemuseum.org/api/items/2893>,<http://omeka.org/s/vocabs/o#media>,,<https://id.analoggamemuseum.org/api/media/20764>
<https://id.analoggamemuseum.org/api/items/2896>,<http://omeka.org/s/vocabs/o#media>,,<https://id.analoggamemuseum.org/api/media/20497>
<https://id.analoggamemuseum.org/api/items/2896>,<http://omeka.org/s/vocabs/o#media>,,<https://id.analoggamemuseum.org/api/media/20498>
<https://id.analoggamemuseum.org/api/items/2897>,<http://omeka.org/s/vocabs/o#media>,,<https://id.analoggamemuseum.org/api/media/20905>
<https://id.analoggamemuseum.org/api/items/2897>,<http://omeka.org/s/vocabs/o#media>,,<https://id.analoggamemuseum.org/api/media/20906>
<https://id.analoggamemuseum.org/api/items/2899>,<http://omeka.org/s/vocabs/o#media>,,<https://id.analoggamemuseum.org/api/media/20672>
<https://id.analoggamemuseum.org/api/items/2899>,<http://omeka.org/s/vocabs/o#media>,,<https://id.analoggamemuseum.org/api/media/20673>
<https://id.analoggamemuseum.org/api/items/2900>,<http://omeka.org/s/vocabs/o#media>,,<https://id.analoggamemuseum.org/api/media/20678>
<https://id.analoggamemuseum.org/api/items/2900>,<http://omeka.org/s/vocabs/o#media>,,<https://id.analoggamemuseum.org/api/media/20679>
<https://id.analoggamemuseum.org/api/items/2900>,<http://omeka.org/s/vocabs/o#media>,,<https://id.analoggamemuseum.org/api/media/20680>
<https://id.analoggamemuseum.org/api/items/2903>,<http://omeka.org/s/vocabs/o#media>,,<https://id.analoggamemuseum.org/api/media/20663>
<https://id.analoggamemuseum.org/api/items/2903>,<http://omeka.org/s/vocabs/o#media>,,<https://id.analoggamemuseum.org/api/media/20664>
<https://id.analoggamemuseum.org/api/items/2904>,<http://omeka.org/s/vocabs/o#media>,,<https://id.analoggamemuseum.org/api/media/20687>
<https://id.analoggamemuseum.org/api/items/2904>,<http://omeka.org/s/vocabs/o#media>,,<https://id.analoggamemuseum.org/api/media/20688>
<https://id.analoggamemuseum.org/api/items/2906>,<http://omeka.org/s/vocabs/o#media>,,<https://id.analoggamemuseum.org/api/media/20660>
<https://id.analoggamemuseum.org/api/items/2906>,<http://omeka.org/s/vocabs/o#media>,,<https://id.analoggamemuseum.org/api/media/20661>
<https://id.analoggamemuseum.org/api/items/2906>,<http://omeka.org/s/vocabs/o#media>,,<https://id.analoggamemuseum.org/api/media/20662>
<https://id.analoggamemuseum.org/api/items/2907>,<http://omeka.org/s/vocabs/o#media>,,<https://id.analoggamemuseum.org/api/media/20511>
<https://id.analoggamemuseum.org/api/items/2907>,<http://omeka.org/s/vocabs/o#media>,,<https://id.analoggamemuseum.org/api/media/20512>
<https://id.analoggamemuseum.org/api/items/2908>,<http://omeka.org/s/vocabs/o#media>,,<https://id.analoggamemuseum.org/api/media/20507>
<https://id.analoggamemuseum.org/api/items/2908>,<http://omeka.org/s/vocabs/o#media>,,<https://id.analoggamemuseum.org/api/media/20508>
<https://id.analoggamemuseum.org/api/items/2910>,<http://omeka.org/s/vocabs/o#media>,,<https://id.analoggamemuseum.org/api/media/20674>
<https://id.analoggamemuseum.org/api/items/2910>,<http://omeka.org/s/vocabs/o#media>,,<https://id.analoggamemuseum.org/api/media/20675>
<https://id.analoggamemuseum.org/api/items/2911>,<http://omeka.org/s/vocabs/o#media>,,<https://id.analoggamemuseum.org/api/media/20657>
<https://id.analoggamemuseum.org/api/items/2911>,<http://omeka.org/s/vocabs/o#media>,,<https://id.analoggamemuseum.org/api/media/20658>
<https://id.analoggamemuseum.org/api/items/2911>,<http://omeka.org/s/vocabs/o#media>,,<https://id.analoggamemuseum.org/api/media/20659>
<https://id.analoggamemuseum.org/api/items/2913>,<http://omeka.org/s/vocabs/o#media>,,<https://id.analoggamemuseum.org/api/media/20501>
<https://id.analoggamemuseum.org/api/items/2913>,<http://omeka.org/s/vocabs/o#media>,,<https://id.analoggamemuseum.org/api/media/20502>
<https://id.analoggamemuseum.org/api/items/2914>,<http://omeka.org/s/vocabs/o#media>,,<https://id.analoggamemuseum.org/api/media/20665>
<https://id.analoggamemuseum.org/api/items/2914>,<http://omeka.org/s/vocabs/o#media>,,<https://id.analoggamemuseum.org/api/media/20666>
<https://id.analoggamemuseum.org/api/items/2914>,<http://omeka.org/s/vocabs/o#media>,,<https://id.analoggamemuseum.org/api/media/20667>
<https://id.analoggamemuseum.org/api/items/2915>,<http://omeka.org/s/vocabs/o#media>,,<https://id.analoggamemuseum.org/api/media/19413>
<https://id.analoggamemuseum.org/api/items/2915>,<http://omeka.org/s/vocabs/o#media>,,<https://id.analoggamemuseum.org/api/media/19414>
<https://id.analoggamemuseum.org/api/items/2917>,<http://omeka.org/s/vocabs/o#media>,,<https://id.analoggamemuseum.org/api/media/19254>
<https://id.analoggamemuseum.org/api/items/2917>,<http://omeka.org/s/vocabs/o#media>,,<https://id.analoggamemuseum.org/api/media/19255>
<https://id.analoggamemuseum.org/api/items/2918>,<http://omeka.org/s/vocabs/o#media>,,<https://id.analoggamemuseum.org/api/media/19524>
<https://id.analoggamemuseum.org/api/items/2918>,<http://omeka.org/s/vocabs/o#media>,,<https://id.analoggamemuseum.org/api/media/19525>
<https://id.analoggamemuseum.org/api/items/2919>,<http://omeka.org/s/vocabs/o#media>,,<https://id.analoggamemuseum.org/api/media/19357>
<https://id.analoggamemuseum.org/api/items/2919>,<http://omeka.org/s/vocabs/o#media>,,<https://id.analoggamemuseum.org/api/media/19358>
<https://id.analoggamemuseum.org/api/items/2920>,<http://omeka.org/s/vocabs/o#media>,,<https://id.analoggamemuseum.org/api/media/19526>
<https://id.analoggamemuseum.org/api/items/2920>,<http://omeka.org/s/vocabs/o#media>,,<https://id.analoggamemuseum.org/api/media/19527>
<https://id.analoggamemuseum.org/api/items/2921>,<http://omeka.org/s/vocabs/o#media>,,<https://id.analoggamemuseum.org/api/media/19081>
<https://id.analoggamemuseum.org/api/items/2921>,<http://omeka.org/s/vocabs/o#media>,,<https://id.analoggamemuseum.org/api/media/19082>
<https://id.analoggamemuseum.org/api/items/2922>,<http://omeka.org/s/vocabs/o#media>,,<https://id.analoggamemuseum.org/api/media/19425>
<https://id.analoggamemuseum.org/api/items/2922>,<http://omeka.org/s/vocabs/o#media>,,<https://id.analoggamemuseum.org/api/media/19426>
<https://id.analoggamemuseum.org/api/items/2923>,<http://omeka.org/s/vocabs/o#media>,,<https://id.analoggamemuseum.org/api/media/19618>
<https://id.analoggamemuseum.org/api/items/2923>,<http://omeka.org/s/vocabs/o#media>,,<https://id.analoggamemuseum.org/api/media/19619>
<https://id.analoggamemuseum.org/api/items/2924>,<http://omeka.org/s/vocabs/o#media>,,<https://id.analoggamemuseum.org/api/media/19351>
<https://id.analoggamemuseum.org/api/items/2924>,<http://omeka.org/s/vocabs/o#media>,,<https://id.analoggamemuseum.org/api/media/19352>
<https://id.analoggamemuseum.org/api/items/2925>,<http://omeka.org/s/vocabs/o#media>,,<https://id.analoggamemuseum.org/api/media/19355>
<https://id.analoggamemuseum.org/api/items/2925>,<http://omeka.org/s/vocabs/o#media>,,<https://id.analoggamemuseum.org/api/media/19356>
<https://id.analoggamemuseum.org/api/items/2926>,<http://omeka.org/s/vocabs/o#media>,,<https://id.analoggamemuseum.org/api/media/19349>
<https://id.analoggamemuseum.org/api/items/2926>,<http://omeka.org/s/vocabs/o#media>,,<https://id.analoggamemuseum.org/api/media/19350>
<https://id.analoggamemuseum.org/api/items/2927>,<http://omeka.org/s/vocabs/o#media>,,<https://id.analoggamemuseum.org/api/media/19359>
<https://id.analoggamemuseum.org/api/items/2927>,<http://omeka.org/s/vocabs/o#media>,,<https://id.analoggamemuseum.org/api/media/19360>
<https://id.analoggamemuseum.org/api/items/2928>,<http://omeka.org/s/vocabs/o#media>,,<https://id.analoggamemuseum.org/api/media/19409>
<https://id.analoggamemuseum.org/api/items/2928>,<http://omeka.org/s/vocabs/o#media>,,<https://id.analoggamemuseum.org/api/media/19410>
<https://id.analoggamemuseum.org/api/items/2929>,<http://omeka.org/s/vocabs/o#media>,,<https://id.analoggamemuseum.org/api/media/19376>
<https://id.analoggamemuseum.org/api/items/2929>,<http://omeka.org/s/vocabs/o#media>,,<https://id.analoggamemuseum.org/api/media/19377>
<https://id.analoggamemuseum.org/api/items/2930>,<http://omeka.org/s/vocabs/o#media>,,<https://id.analoggamemuseum.org/api/media/19389>
<https://id.analoggamemuseum.org/api/items/2930>,<http://omeka.org/s/vocabs/o#media>,,<https://id.analoggamemuseum.org/api/media/19390>
<https://id.analoggamemuseum.org/api/items/2931>,<http://omeka.org/s/vocabs/o#media>,,<https://id.analoggamemuseum.org/api/media/19405>
<https://id.analoggamemuseum.org/api/items/2931>,<http://omeka.org/s/vocabs/o#media>,,<https://id.analoggamemuseum.org/api/media/19406>
<https://id.analoggamemuseum.org/api/items/2932>,<http://omeka.org/s/vocabs/o#media>,,<https://id.analoggamemuseum.org/api/media/19374>
<https://id.analoggamemuseum.org/api/items/2932>,<http://omeka.org/s/vocabs/o#media>,,<https://id.analoggamemuseum.org/api/media/19375>
<https://id.analoggamemuseum.org/api/items/2933>,<http://omeka.org/s/vocabs/o#media>,,<https://id.analoggamemuseum.org/api/media/19385>
<https://id.analoggamemuseum.org/api/items/2933>,<http://omeka.org/s/vocabs/o#media>,,<https://id.analoggamemuseum.org/api/media/19386>
<https://id.analoggamemuseum.org/api/items/2938>,<http://omeka.org/s/vocabs/o#media>,,<https://id.analoggamemuseum.org/api/media/21030>
<https://id.analoggamemuseum.org/api/items/2938>,<http://omeka.org/s/vocabs/o#media>,,<https://id.analoggamemuseum.org/api/media/21031>
<https://id.analoggamemuseum.org/api/items/2939>,<http://omeka.org/s/vocabs/o#media>,,<https://id.analoggamemuseum.org/api/media/21026>
<https://id.analoggamemuseum.org/api/items/2939>,<http://omeka.org/s/vocabs/o#media>,,<https://id.analoggamemuseum.org/api/media/21027>
<https://id.analoggamemuseum.org/api/items/2940>,<http://omeka.org/s/vocabs/o#media>,,<https://id.analoggamemuseum.org/api/media/20703>
<https://id.analoggamemuseum.org/api/items/2940>,<http://omeka.org/s/vocabs/o#media>,,<https://id.analoggamemuseum.org/api/media/20704>
<https://id.analoggamemuseum.org/api/items/2946>,<http://omeka.org/s/vocabs/o#media>,,<https://id.analoggamemuseum.org/api/media/21034>
<https://id.analoggamemuseum.org/api/items/2946>,<http://omeka.org/s/vocabs/o#media>,,<https://id.analoggamemuseum.org/api/media/21035>
<https://id.analoggamemuseum.org/api/items/2947>,<http://omeka.org/s/vocabs/o#media>,,<https://id.analoggamemuseum.org/api/media/21036>
<https://id.analoggamemuseum.org/api/items/2947>,<http://omeka.org/s/vocabs/o#media>,,<https://id.analoggamemuseum.org/api/media/21037>
<https://id.analoggamemuseum.org/api/items/2949>,<http://omeka.org/s/vocabs/o#media>,,<https://id.analoggamemuseum.org/api/media/20887>
<https://id.analoggamemuseum.org/api/items/2949>,<http://omeka.org/s/vocabs/o#media>,,<https://id.analoggamemuseum.org/api/media/20888>
<https://id.analoggamemuseum.org/api/items/2951>,<http://omeka.org/s/vocabs/o#media>,,<https://id.analoggamemuseum.org/api/media/20701>
<https://id.analoggamemuseum.org/api/items/2951>,<http://omeka.org/s/vocabs/o#media>,,<https://id.analoggamemuseum.org/api/media/20702>
<https://id.analoggamemuseum.org/api/items/2954>,<http://omeka.org/s/vocabs/o#media>,,<https://id.analoggamemuseum.org/api/media/20810>
<https://id.analoggamemuseum.org/api/items/2954>,<http://omeka.org/s/vocabs/o#media>,,<https://id.analoggamemuseum.org/api/media/20811>
<https://id.analoggamemuseum.org/api/items/2955>,<http://omeka.org/s/vocabs/o#media>,,<https://id.analoggamemuseum.org/api/media/20812>
<https://id.analoggamemuseum.org/api/items/2955>,<http://omeka.org/s/vocabs/o#media>,,<https://id.analoggamemuseum.org/api/media/20813>
<https://id.analoggamemuseum.org/api/items/2956>,<http://omeka.org/s/vocabs/o#media>,,<https://id.analoggamemuseum.org/api/media/20791>
<https://id.analoggamemuseum.org/api/items/2956>,<http://omeka.org/s/vocabs/o#media>,,<https://id.analoggamemuseum.org/api/media/20792>
<https://id.analoggamemuseum.org/api/items/2958>,<http://omeka.org/s/vocabs/o#media>,,<https://id.analoggamemuseum.org/api/media/20718>
<https://id.analoggamemuseum.org/api/items/2958>,<http://omeka.org/s/vocabs/o#media>,,<https://id.analoggamemuseum.org/api/media/20719>
<https://id.analoggamemuseum.org/api/items/2958>,<http://omeka.org/s/vocabs/o#media>,,<https://id.analoggamemuseum.org/api/media/20720>
<https://id.analoggamemuseum.org/api/items/2959>,<http://omeka.org/s/vocabs/o#media>,,<https://id.analoggamemuseum.org/api/media/20909>
<https://id.analoggamemuseum.org/api/items/2959>,<http://omeka.org/s/vocabs/o#media>,,<https://id.analoggamemuseum.org/api/media/20910>
<https://id.analoggamemuseum.org/api/items/2959>,<http://omeka.org/s/vocabs/o#media>,,<https://id.analoggamemuseum.org/api/media/20911>
<https://id.analoggamemuseum.org/api/items/2960>,<http://omeka.org/s/vocabs/o#media>,,<https://id.analoggamemuseum.org/api/media/21038>
<https://id.analoggamemuseum.org/api/items/2960>,<http://omeka.org/s/vocabs/o#media>,,<https://id.analoggamemuseum.org/api/media/21039>
<https://id.analoggamemuseum.org/api/items/2961>,<http://omeka.org/s/vocabs/o#media>,,<https://id.analoggamemuseum.org/api/media/20895>
<https://id.analoggamemuseum.org/api/items/2961>,<http://omeka.org/s/vocabs/o#media>,,<https://id.analoggamemuseum.org/api/media/20896>
<https://id.analoggamemuseum.org/api/items/2961>,<http://omeka.org/s/vocabs/o#media>,,<https://id.analoggamemuseum.org/api/media/20897>
<https://id.analoggamemuseum.org/api/items/2962>,<http://omeka.org/s/vocabs/o#media>,,<https://id.analoggamemuseum.org/api/media/20983>
<https://id.analoggamemuseum.org/api/items/2962>,<http://omeka.org/s/vocabs/o#media>,,<https://id.analoggamemuseum.org/api/media/20984>
<https://id.analoggamemuseum.org/api/items/2963>,<http://omeka.org/s/vocabs/o#media>,,<https://id.analoggamemuseum.org/api/media/20781>
<https://id.analoggamemuseum.org/api/items/2963>,<http://omeka.org/s/vocabs/o#media>,,<https://id.analoggamemuseum.org/api/media/20782>
<https://id.analoggamemuseum.org/api/items/2965>,<http://omeka.org/s/vocabs/o#media>,,<https://id.analoggamemuseum.org/api/media/20902>
<https://id.analoggamemuseum.org/api/items/2965>,<http://omeka.org/s/vocabs/o#media>,,<https://id.analoggamemuseum.org/api/media/20903>
<https://id.analoggamemuseum.org/api/items/2965>,<http://omeka.org/s/vocabs/o#media>,,<https://id.analoggamemuseum.org/api/media/20904>
<https://id.analoggamemuseum.org/api/items/2966>,<http://omeka.org/s/vocabs/o#media>,,<https://id.analoggamemuseum.org/api/media/20889>
<https://id.analoggamemuseum.org/api/items/2966>,<http://omeka.org/s/vocabs/o#media>,,<https://id.analoggamemuseum.org/api/media/20890>
<https://id.analoggamemuseum.org/api/items/2967>,<http://omeka.org/s/vocabs/o#media>,,<https://id.analoggamemuseum.org/api/media/20691>
<https://id.analoggamemuseum.org/api/items/2967>,<http://omeka.org/s/vocabs/o#media>,,<https://id.analoggamemuseum.org/api/media/20692>
<https://id.analoggamemuseum.org/api/items/2967>,<http://omeka.org/s/vocabs/o#media>,,<https://id.analoggamemuseum.org/api/media/20693>
<https://id.analoggamemuseum.org/api/items/2968>,<http://omeka.org/s/vocabs/o#media>,,<https://id.analoggamemuseum.org/api/media/20611>
<https://id.analoggamemuseum.org/api/items/2968>,<http://omeka.org/s/vocabs/o#media>,,<https://id.analoggamemuseum.org/api/media/20612>
<https://id.analoggamemuseum.org/api/items/2970>,<http://omeka.org/s/vocabs/o#media>,,<https://id.analoggamemuseum.org/api/media/20699>
<https://id.analoggamemuseum.org/api/items/2970>,<http://omeka.org/s/vocabs/o#media>,,<https://id.analoggamemuseum.org/api/media/20700>
<https://id.analoggamemuseum.org/api/items/2972>,<http://omeka.org/s/vocabs/o#media>,,<https://id.analoggamemuseum.org/api/media/20705>
<https://id.analoggamemuseum.org/api/items/2972>,<http://omeka.org/s/vocabs/o#media>,,<https://id.analoggamemuseum.org/api/media/20706>
<https://id.analoggamemuseum.org/api/items/2973>,<http://omeka.org/s/vocabs/o#media>,,<https://id.analoggamemuseum.org/api/media/21024>
<https://id.analoggamemuseum.org/api/items/2973>,<http://omeka.org/s/vocabs/o#media>,,<https://id.analoggamemuseum.org/api/media/21025>
<https://id.analoggamemuseum.org/api/items/2974>,<http://omeka.org/s/vocabs/o#media>,,<https://id.analoggamemuseum.org/api/media/21022>
<https://id.analoggamemuseum.org/api/items/2974>,<http://omeka.org/s/vocabs/o#media>,,<https://id.analoggamemuseum.org/api/media/21023>
<https://id.analoggamemuseum.org/api/items/2975>,<http://omeka.org/s/vocabs/o#media>,,<https://id.analoggamemuseum.org/api/media/21018>
<https://id.analoggamemuseum.org/api/items/2975>,<http://omeka.org/s/vocabs/o#media>,,<https://id.analoggamemuseum.org/api/media/21019>
<https://id.analoggamemuseum.org/api/items/2976>,<http://omeka.org/s/vocabs/o#media>,,<https://id.analoggamemuseum.org/api/media/20893>
<https://id.analoggamemuseum.org/api/items/2976>,<http://omeka.org/s/vocabs/o#media>,,<https://id.analoggamemuseum.org/api/media/20894>
<https://id.analoggamemuseum.org/api/items/2977>,<http://omeka.org/s/vocabs/o#media>,,<https://id.analoggamemuseum.org/api/media/19049>
<https://id.analoggamemuseum.org/api/items/2977>,<http://omeka.org/s/vocabs/o#media>,,<https://id.analoggamemuseum.org/api/media/19050>
<https://id.analoggamemuseum.org/api/items/2977>,<http://omeka.org/s/vocabs/o#media>,,<https://id.analoggamemuseum.org/api/media/19051>
<https://id.analoggamemuseum.org/api/items/2978>,<http://omeka.org/s/vocabs/o#media>,,<https://id.analoggamemuseum.org/api/media/19333>
<https://id.analoggamemuseum.org/api/items/2978>,<http://omeka.org/s/vocabs/o#media>,,<https://id.analoggamemuseum.org/api/media/19334>
<https://id.analoggamemuseum.org/api/items/2979>,<http://omeka.org/s/vocabs/o#media>,,<https://id.analoggamemuseum.org/api/media/19069>
<https://id.analoggamemuseum.org/api/items/2979>,<http://omeka.org/s/vocabs/o#media>,,<https://id.analoggamemuseum.org/api/media/19070>
<https://id.analoggamemuseum.org/api/items/2980>,<http://omeka.org/s/vocabs/o#media>,,<https://id.analoggamemuseum.org/api/media/19335>
<https://id.analoggamemuseum.org/api/items/2980>,<http://omeka.org/s/vocabs/o#media>,,<https://id.analoggamemuseum.org/api/media/19336>
<https://id.analoggamemuseum.org/api/items/2982>,<http://omeka.org/s/vocabs/o#media>,,<https://id.analoggamemuseum.org/api/media/19071>
<https://id.analoggamemuseum.org/api/items/2982>,<http://omeka.org/s/vocabs/o#media>,,<https://id.analoggamemuseum.org/api/media/19072>
<https://id.analoggamemuseum.org/api/items/2983>,<http://omeka.org/s/vocabs/o#media>,,<https://id.analoggamemuseum.org/api/media/19067>
<https://id.analoggamemuseum.org/api/items/2983>,<http://omeka.org/s/vocabs/o#media>,,<https://id.analoggamemuseum.org/api/media/19068>
<https://id.analoggamemuseum.org/api/items/2984>,<http://omeka.org/s/vocabs/o#media>,,<https://id.analoggamemuseum.org/api/media/19062>
<https://id.analoggamemuseum.org/api/items/2984>,<http://omeka.org/s/vocabs/o#media>,,<https://id.analoggamemuseum.org/api/media/19063>
<https://id.analoggamemuseum.org/api/items/2985>,<http://omeka.org/s/vocabs/o#media>,,<https://id.analoggamemuseum.org/api/media/19064>
<https://id.analoggamemuseum.org/api/items/2985>,<http://omeka.org/s/vocabs/o#media>,,<https://id.analoggamemuseum.org/api/media/19065>
<https://id.analoggamemuseum.org/api/items/2985>,<http://omeka.org/s/vocabs/o#media>,,<https://id.analoggamemuseum.org/api/media/19066>
<https://id.analoggamemuseum.org/api/items/2986>,<http://omeka.org/s/vocabs/o#media>,,<https://id.analoggamemuseum.org/api/media/19060>
<https://id.analoggamemuseum.org/api/items/2986>,<http://omeka.org/s/vocabs/o#media>,,<https://id.analoggamemuseum.org/api/media/19061>
<https://id.analoggamemuseum.org/api/items/2987>,<http://omeka.org/s/vocabs/o#media>,,<https://id.analoggamemuseum.org/api/media/19045>
<https://id.analoggamemuseum.org/api/items/2987>,<http://omeka.org/s/vocabs/o#media>,,<https://id.analoggamemuseum.org/api/media/19046>
<https://id.analoggamemuseum.org/api/items/2988>,<http://omeka.org/s/vocabs/o#media>,,<https://id.analoggamemuseum.org/api/media/19043>
<https://id.analoggamemuseum.org/api/items/2988>,<http://omeka.org/s/vocabs/o#media>,,<https://id.analoggamemuseum.org/api/media/19044>
<https://id.analoggamemuseum.org/api/items/2989>,<http://omeka.org/s/vocabs/o#media>,,<https://id.analoggamemuseum.org/api/media/19013>
<https://id.analoggamemuseum.org/api/items/2989>,<http://omeka.org/s/vocabs/o#media>,,<https://id.analoggamemuseum.org/api/media/19014>
<https://id.analoggamemuseum.org/api/items/2990>,<http://omeka.org/s/vocabs/o#media>,,<https://id.analoggamemuseum.org/api/media/19218>
<https://id.analoggamemuseum.org/api/items/2990>,<http://omeka.org/s/vocabs/o#media>,,<https://id.analoggamemuseum.org/api/media/19219>
<https://id.analoggamemuseum.org/api/items/2991>,<http://omeka.org/s/vocabs/o#media>,,<https://id.analoggamemuseum.org/api/media/19327>
<https://id.analoggamemuseum.org/api/items/2991>,<http://omeka.org/s/vocabs/o#media>,,<https://id.analoggamemuseum.org/api/media/19328>
<https://id.analoggamemuseum.org/api/items/2992>,<http://omeka.org/s/vocabs/o#media>,,<https://id.analoggamemuseum.org/api/media/19037>
<https://id.analoggamemuseum.org/api/items/2992>,<http://omeka.org/s/vocabs/o#media>,,<https://id.analoggamemuseum.org/api/media/19038>
<https://id.analoggamemuseum.org/api/items/2993>,<http://omeka.org/s/vocabs/o#media>,,<https://id.analoggamemuseum.org/api/media/19232>
<https://id.analoggamemuseum.org/api/items/2993>,<http://omeka.org/s/vocabs/o#media>,,<https://id.analoggamemuseum.org/api/media/19233>
<https://id.analoggamemuseum.org/api/items/2994>,<http://omeka.org/s/vocabs/o#media>,,<https://id.analoggamemuseum.org/api/media/19021>
<https://id.analoggamemuseum.org/api/items/2994>,<http://omeka.org/s/vocabs/o#media>,,<https://id.analoggamemuseum.org/api/media/19022>
<https://id.analoggamemuseum.org/api/items/2995>,<http://omeka.org/s/vocabs/o#media>,,<https://id.analoggamemuseum.org/api/media/19234>
<https://id.analoggamemuseum.org/api/items/2995>,<http://omeka.org/s/vocabs/o#media>,,<https://id.analoggamemuseum.org/api/media/19235>
<https://id.analoggamemuseum.org/api/items/2996>,<http://omeka.org/s/vocabs/o#media>,,<https://id.analoggamemuseum.org/api/media/19009>
<https://id.analoggamemuseum.org/api/items/2996>,<http://omeka.org/s/vocabs/o#media>,,<https://id.analoggamemuseum.org/api/media/19010>
<https://id.analoggamemuseum.org/api/items/2997>,<http://omeka.org/s/vocabs/o#media>,,<https://id.analoggamemuseum.org/api/media/19041>
<https://id.analoggamemuseum.org/api/items/2997>,<http://omeka.org/s/vocabs/o#media>,,<https://id.analoggamemuseum.org/api/media/19042>
<https://id.analoggamemuseum.org/api/items/2998>,<http://omeka.org/s/vocabs/o#media>,,<https://id.analoggamemuseum.org/api/media/19635>
<https://id.analoggamemuseum.org/api/items/2998>,<http://omeka.org/s/vocabs/o#media>,,<https://id.analoggamemuseum.org/api/media/19636>
<https://id.analoggamemuseum.org/api/items/2999>,<http://omeka.org/s/vocabs/o#media>,,<https://id.analoggamemuseum.org/api/media/19246>
<https://id.analoggamemuseum.org/api/items/2999>,<http://omeka.org/s/vocabs/o#media>,,<https://id.analoggamemuseum.org/api/media/19247>
<https://id.analoggamemuseum.org/api/items/3000>,<http://omeka.org/s/vocabs/o#media>,,<https://id.analoggamemuseum.org/api/media/19026>
<https://id.analoggamemuseum.org/api/items/3000>,<http://omeka.org/s/vocabs/o#media>,,<https://id.analoggamemuseum.org/api/media/19027>
<https://id.analoggamemuseum.org/api/items/3001>,<http://omeka.org/s/vocabs/o#media>,,<https://id.analoggamemuseum.org/api/media/19210>
<https://id.analoggamemuseum.org/api/items/3001>,<http://omeka.org/s/vocabs/o#media>,,<https://id.analoggamemuseum.org/api/media/19211>
<https://id.analoggamemuseum.org/api/items/3002>,<http://omeka.org/s/vocabs/o#media>,,<https://id.analoggamemuseum.org/api/media/20847>
<https://id.analoggamemuseum.org/api/items/3002>,<http://omeka.org/s/vocabs/o#media>,,<https://id.analoggamemuseum.org/api/media/20848>
<https://id.analoggamemuseum.org/api/items/3003>,<http://omeka.org/s/vocabs/o#media>,,<https://id.analoggamemuseum.org/api/media/20864>
<https://id.analoggamemuseum.org/api/items/3003>,<http://omeka.org/s/vocabs/o#media>,,<https://id.analoggamemuseum.org/api/media/20865>
<https://id.analoggamemuseum.org/api/items/3004>,<http://omeka.org/s/vocabs/o#media>,,<https://id.analoggamemuseum.org/api/media/20874>
<https://id.analoggamemuseum.org/api/items/3004>,<http://omeka.org/s/vocabs/o#media>,,<https://id.analoggamemuseum.org/api/media/20875>
<https://id.analoggamemuseum.org/api/items/3004>,<http://omeka.org/s/vocabs/o#media>,,<https://id.analoggamemuseum.org/api/media/20876>
<https://id.analoggamemuseum.org/api/items/3005>,<http://omeka.org/s/vocabs/o#media>,,<https://id.analoggamemuseum.org/api/media/20972>
<https://id.analoggamemuseum.org/api/items/3005>,<http://omeka.org/s/vocabs/o#media>,,<https://id.analoggamemuseum.org/api/media/20973>
<https://id.analoggamemuseum.org/api/items/3006>,<http://omeka.org/s/vocabs/o#media>,,<https://id.analoggamemuseum.org/api/media/20999>
<https://id.analoggamemuseum.org/api/items/3006>,<http://omeka.org/s/vocabs/o#media>,,<https://id.analoggamemuseum.org/api/media/21000>
<https://id.analoggamemuseum.org/api/items/3006>,<http://omeka.org/s/vocabs/o#media>,,<https://id.analoggamemuseum.org/api/media/21001>
<https://id.analoggamemuseum.org/api/items/3007>,<http://omeka.org/s/vocabs/o#media>,,<https://id.analoggamemuseum.org/api/media/20849>
<https://id.analoggamemuseum.org/api/items/3007>,<http://omeka.org/s/vocabs/o#media>,,<https://id.analoggamemuseum.org/api/media/20850>
<https://id.analoggamemuseum.org/api/items/3008>,<http://omeka.org/s/vocabs/o#media>,,<https://id.analoggamemuseum.org/api/media/20939>
<https://id.analoggamemuseum.org/api/items/3008>,<http://omeka.org/s/vocabs/o#media>,,<https://id.analoggamemuseum.org/api/media/20940>
<https://id.analoggamemuseum.org/api/items/3009>,<http://omeka.org/s/vocabs/o#media>,,<https://id.analoggamemuseum.org/api/media/21014>
<https://id.analoggamemuseum.org/api/items/3009>,<http://omeka.org/s/vocabs/o#media>,,<https://id.analoggamemuseum.org/api/media/21015>
<https://id.analoggamemuseum.org/api/items/3010>,<http://omeka.org/s/vocabs/o#media>,,<https://id.analoggamemuseum.org/api/media/20935>
<https://id.analoggamemuseum.org/api/items/3010>,<http://omeka.org/s/vocabs/o#media>,,<https://id.analoggamemuseum.org/api/media/20936>
<https://id.analoggamemuseum.org/api/items/3011>,<http://omeka.org/s/vocabs/o#media>,,<https://id.analoggamemuseum.org/api/media/20946>
<https://id.analoggamemuseum.org/api/items/3011>,<http://omeka.org/s/vocabs/o#media>,,<https://id.analoggamemuseum.org/api/media/20947>
<https://id.analoggamemuseum.org/api/items/3012>,<http://omeka.org/s/vocabs/o#media>,,<https://id.analoggamemuseum.org/api/media/20854>
<https://id.analoggamemuseum.org/api/items/3012>,<http://omeka.org/s/vocabs/o#media>,,<https://id.analoggamemuseum.org/api/media/20855>
<https://id.analoggamemuseum.org/api/items/3012>,<http://omeka.org/s/vocabs/o#media>,,<https://id.analoggamemuseum.org/api/media/20856>
<https://id.analoggamemuseum.org/api/items/3013>,<http://omeka.org/s/vocabs/o#media>,,<https://id.analoggamemuseum.org/api/media/20872>
<https://id.analoggamemuseum.org/api/items/3013>,<http://omeka.org/s/vocabs/o#media>,,<https://id.analoggamemuseum.org/api/media/20873>
<https://id.analoggamemuseum.org/api/items/3014>,<http://omeka.org/s/vocabs/o#media>,,<https://id.analoggamemuseum.org/api/media/20840>
<https://id.analoggamemuseum.org/api/items/3014>,<http://omeka.org/s/vocabs/o#media>,,<https://id.analoggamemuseum.org/api/media/20841>
<https://id.analoggamemuseum.org/api/items/3014>,<http://omeka.org/s/vocabs/o#media>,,<https://id.analoggamemuseum.org/api/media/20842>
<https://id.analoggamemuseum.org/api/items/3015>,<http://omeka.org/s/vocabs/o#media>,,<https://id.analoggamemuseum.org/api/media/20981>
<https://id.analoggamemuseum.org/api/items/3015>,<http://omeka.org/s/vocabs/o#media>,,<https://id.analoggamemuseum.org/api/media/20982>
<https://id.analoggamemuseum.org/api/items/3016>,<http://omeka.org/s/vocabs/o#media>,,<https://id.analoggamemuseum.org/api/media/20885>
<https://id.analoggamemuseum.org/api/items/3016>,<http://omeka.org/s/vocabs/o#media>,,<https://id.analoggamemuseum.org/api/media/20886>
<https://id.analoggamemuseum.org/api/items/3017>,<http://omeka.org/s/vocabs/o#media>,,<https://id.analoggamemuseum.org/api/media/20961>
<https://id.analoggamemuseum.org/api/items/3017>,<http://omeka.org/s/vocabs/o#media>,,<https://id.analoggamemuseum.org/api/media/20962>
<https://id.analoggamemuseum.org/api/items/3017>,<http://omeka.org/s/vocabs/o#media>,,<https://id.analoggamemuseum.org/api/media/20963>
<https://id.analoggamemuseum.org/api/items/3018>,<http://omeka.org/s/vocabs/o#media>,,<https://id.analoggamemuseum.org/api/media/20881>
<https://id.analoggamemuseum.org/api/items/3018>,<http://omeka.org/s/vocabs/o#media>,,<https://id.analoggamemuseum.org/api/media/20882>
<https://id.analoggamemuseum.org/api/items/3019>,<http://omeka.org/s/vocabs/o#media>,,<https://id.analoggamemuseum.org/api/media/20845>
<https://id.analoggamemuseum.org/api/items/3019>,<http://omeka.org/s/vocabs/o#media>,,<https://id.analoggamemuseum.org/api/media/20846>
<https://id.analoggamemuseum.org/api/items/3020>,<http://omeka.org/s/vocabs/o#media>,,<https://id.analoggamemuseum.org/api/media/20959>
<https://id.analoggamemuseum.org/api/items/3020>,<http://omeka.org/s/vocabs/o#media>,,<https://id.analoggamemuseum.org/api/media/20960>
<https://id.analoggamemuseum.org/api/items/3021>,<http://omeka.org/s/vocabs/o#media>,,<https://id.analoggamemuseum.org/api/media/20861>
<https://id.analoggamemuseum.org/api/items/3021>,<http://omeka.org/s/vocabs/o#media>,,<https://id.analoggamemuseum.org/api/media/20862>
<https://id.analoggamemuseum.org/api/items/3021>,<http://omeka.org/s/vocabs/o#media>,,<https://id.analoggamemuseum.org/api/media/20863>
<https://id.analoggamemuseum.org/api/items/3022>,<http://omeka.org/s/vocabs/o#media>,,<https://id.analoggamemuseum.org/api/media/20714>
<https://id.analoggamemuseum.org/api/items/3022>,<http://omeka.org/s/vocabs/o#media>,,<https://id.analoggamemuseum.org/api/media/20715>
<https://id.analoggamemuseum.org/api/items/3023>,<http://omeka.org/s/vocabs/o#media>,,<https://id.analoggamemuseum.org/api/media/20978>
<https://id.analoggamemuseum.org/api/items/3023>,<http://omeka.org/s/vocabs/o#media>,,<https://id.analoggamemuseum.org/api/media/20979>
<https://id.analoggamemuseum.org/api/items/3023>,<http://omeka.org/s/vocabs/o#media>,,<https://id.analoggamemuseum.org/api/media/20980>
<https://id.analoggamemuseum.org/api/items/3024>,<http://omeka.org/s/vocabs/o#media>,,<https://id.analoggamemuseum.org/api/media/20857>
<https://id.analoggamemuseum.org/api/items/3024>,<http://omeka.org/s/vocabs/o#media>,,<https://id.analoggamemuseum.org/api/media/20858>
<https://id.analoggamemuseum.org/api/items/3025>,<http://omeka.org/s/vocabs/o#media>,,<https://id.analoggamemuseum.org/api/media/20730>
<https://id.analoggamemuseum.org/api/items/3025>,<http://omeka.org/s/vocabs/o#media>,,<https://id.analoggamemuseum.org/api/media/20731>
<https://id.analoggamemuseum.org/api/items/3025>,<http://omeka.org/s/vocabs/o#media>,,<https://id.analoggamemuseum.org/api/media/20732>
<https://id.analoggamemuseum.org/api/items/3026>,<http://omeka.org/s/vocabs/o#media>,,<https://id.analoggamemuseum.org/api/media/20922>
<https://id.analoggamemuseum.org/api/items/3026>,<http://omeka.org/s/vocabs/o#media>,,<https://id.analoggamemuseum.org/api/media/20923>
<https://id.analoggamemuseum.org/api/items/3027>,<http://omeka.org/s/vocabs/o#media>,,<https://id.analoggamemuseum.org/api/media/20931>
<https://id.analoggamemuseum.org/api/items/3027>,<http://omeka.org/s/vocabs/o#media>,,<https://id.analoggamemuseum.org/api/media/20932>
<https://id.analoggamemuseum.org/api/items/3028>,<http://omeka.org/s/vocabs/o#media>,,<https://id.analoggamemuseum.org/api/media/20988>
<https://id.analoggamemuseum.org/api/items/3028>,<http://omeka.org/s/vocabs/o#media>,,<https://id.analoggamemuseum.org/api/media/20989>
<https://id.analoggamemuseum.org/api/items/3028>,<http://omeka.org/s/vocabs/o#media>,,<https://id.analoggamemuseum.org/api/media/20990>
<https://id.analoggamemuseum.org/api/items/3029>,<http://omeka.org/s/vocabs/o#media>,,<https://id.analoggamemuseum.org/api/media/20833>
<https://id.analoggamemuseum.org/api/items/3029>,<http://omeka.org/s/vocabs/o#media>,,<https://id.analoggamemuseum.org/api/media/20834>
<https://id.analoggamemuseum.org/api/items/3029>,<http://omeka.org/s/vocabs/o#media>,,<https://id.analoggamemuseum.org/api/media/20835>
<https://id.analoggamemuseum.org/api/items/3030>,<http://omeka.org/s/vocabs/o#media>,,<https://id.analoggamemuseum.org/api/media/20733>
<https://id.analoggamemuseum.org/api/items/3030>,<http://omeka.org/s/vocabs/o#media>,,<https://id.analoggamemuseum.org/api/media/20734>
<https://id.analoggamemuseum.org/api/items/3030>,<http://omeka.org/s/vocabs/o#media>,,<https://id.analoggamemuseum.org/api/media/20735>
<https://id.analoggamemuseum.org/api/items/3031>,<http://omeka.org/s/vocabs/o#media>,,<https://id.analoggamemuseum.org/api/media/20877>
<https://id.analoggamemuseum.org/api/items/3031>,<http://omeka.org/s/vocabs/o#media>,,<https://id.analoggamemuseum.org/api/media/20878>
<https://id.analoggamemuseum.org/api/items/3032>,<http://omeka.org/s/vocabs/o#media>,,<https://id.analoggamemuseum.org/api/media/20879>
<https://id.analoggamemuseum.org/api/items/3032>,<http://omeka.org/s/vocabs/o#media>,,<https://id.analoggamemuseum.org/api/media/20880>
<https://id.analoggamemuseum.org/api/items/3033>,<http://omeka.org/s/vocabs/o#media>,,<https://id.analoggamemuseum.org/api/media/20997>
<https://id.analoggamemuseum.org/api/items/3033>,<http://omeka.org/s/vocabs/o#media>,,<https://id.analoggamemuseum.org/api/media/20998>
<https://id.analoggamemuseum.org/api/items/3034>,<http://omeka.org/s/vocabs/o#media>,,<https://id.analoggamemuseum.org/api/media/20728>
<https://id.analoggamemuseum.org/api/items/3034>,<http://omeka.org/s/vocabs/o#media>,,<https://id.analoggamemuseum.org/api/media/20729>
<https://id.analoggamemuseum.org/api/items/3035>,<http://omeka.org/s/vocabs/o#media>,,<https://id.analoggamemuseum.org/api/media/20851>
<https://id.analoggamemuseum.org/api/items/3035>,<http://omeka.org/s/vocabs/o#media>,,<https://id.analoggamemuseum.org/api/media/20852>
<https://id.analoggamemuseum.org/api/items/3035>,<http://omeka.org/s/vocabs/o#media>,,<https://id.analoggamemuseum.org/api/media/20853>
<https://id.analoggamemuseum.org/api/items/3037>,<http://omeka.org/s/vocabs/o#media>,,<https://id.analoggamemuseum.org/api/media/20967>
<https://id.analoggamemuseum.org/api/items/3037>,<http://omeka.org/s/vocabs/o#media>,,<https://id.analoggamemuseum.org/api/media/20968>
<https://id.analoggamemuseum.org/api/items/3037>,<http://omeka.org/s/vocabs/o#media>,,<https://id.analoggamemuseum.org/api/media/20969>
<https://id.analoggamemuseum.org/api/items/3088>,<http://omeka.org/s/vocabs/o#media>,,<https://id.analoggamemuseum.org/api/media/20868>
<https://id.analoggamemuseum.org/api/items/3088>,<http://omeka.org/s/vocabs/o#media>,,<https://id.analoggamemuseum.org/api/media/20869>
<https://id.analoggamemuseum.org/api/items/3089>,<http://omeka.org/s/vocabs/o#media>,,<https://id.analoggamemuseum.org/api/media/19437>
<https://id.analoggamemuseum.org/api/items/3089>,<http://omeka.org/s/vocabs/o#media>,,<https://id.analoggamemuseum.org/api/media/19438>
<https://id.analoggamemuseum.org/api/items/3090>,<http://omeka.org/s/vocabs/o#media>,,<https://id.analoggamemuseum.org/api/media/19441>
<https://id.analoggamemuseum.org/api/items/3090>,<http://omeka.org/s/vocabs/o#media>,,<https://id.analoggamemuseum.org/api/media/19442>
<https://id.analoggamemuseum.org/api/items/3091>,<http://omeka.org/s/vocabs/o#media>,,<https://id.analoggamemuseum.org/api/media/19443>
<https://id.analoggamemuseum.org/api/items/3091>,<http://omeka.org/s/vocabs/o#media>,,<https://id.analoggamemuseum.org/api/media/19444>
<https://id.analoggamemuseum.org/api/items/3095>,<http://omeka.org/s/vocabs/o#media>,,<https://id.analoggamemuseum.org/api/media/19435>
<https://id.analoggamemuseum.org/api/items/3095>,<http://omeka.org/s/vocabs/o#media>,,<https://id.analoggamemuseum.org/api/media/19436>
<https://id.analoggamemuseum.org/api/items/3096>,<http://omeka.org/s/vocabs/o#media>,,<https://id.analoggamemuseum.org/api/media/19431>
<https://id.analoggamemuseum.org/api/items/3096>,<http://omeka.org/s/vocabs/o#media>,,<https://id.analoggamemuseum.org/api/media/19432>
<https://id.analoggamemuseum.org/api/items/3097>,<http://omeka.org/s/vocabs/o#media>,,<https://id.analoggamemuseum.org/api/media/19439>
<https://id.analoggamemuseum.org/api/items/3097>,<http://omeka.org/s/vocabs/o#media>,,<https://id.analoggamemuseum.org/api/media/19440>
<https://id.analoggamemuseum.org/api/items/3098>,<http://omeka.org/s/vocabs/o#media>,,<https://id.analoggamemuseum.org/api/media/19445>
<https://id.analoggamemuseum.org/api/items/3098>,<http://omeka.org/s/vocabs/o#media>,,<https://id.analoggamemuseum.org/api/media/19446>
<https://id.analoggamemuseum.org/api/items/3099>,<http://omeka.org/s/vocabs/o#media>,,<https://id.analoggamemuseum.org/api/media/19433>
<https://id.analoggamemuseum.org/api/items/3099>,<http://omeka.org/s/vocabs/o#media>,,<https://id.analoggamemuseum.org/api/media/19434>
<https://id.analoggamemuseum.org/api/items/3104>,<http://omeka.org/s/vocabs/o#media>,,<https://id.analoggamemuseum.org/api/media/19457>
<https://id.analoggamemuseum.org/api/items/3104>,<http://omeka.org/s/vocabs/o#media>,,<https://id.analoggamemuseum.org/api/media/19458>
<https://id.analoggamemuseum.org/api/items/3105>,<http://omeka.org/s/vocabs/o#media>,,<https://id.analoggamemuseum.org/api/media/19459>
<https://id.analoggamemuseum.org/api/items/3105>,<http://omeka.org/s/vocabs/o#media>,,<https://id.analoggamemuseum.org/api/media/19460>
<https://id.analoggamemuseum.org/api/items/3106>,<http://omeka.org/s/vocabs/o#media>,,<https://id.analoggamemuseum.org/api/media/19449>
<https://id.analoggamemuseum.org/api/items/3106>,<http://omeka.org/s/vocabs/o#media>,,<https://id.analoggamemuseum.org/api/media/19450>
<https://id.analoggamemuseum.org/api/items/3107>,<http://omeka.org/s/vocabs/o#media>,,<https://id.analoggamemuseum.org/api/media/19447>
<https://id.analoggamemuseum.org/api/items/3107>,<http://omeka.org/s/vocabs/o#media>,,<https://id.analoggamemuseum.org/api/media/19448>
<https://id.analoggamemuseum.org/api/items/3108>,<http://omeka.org/s/vocabs/o#media>,,<https://id.analoggamemuseum.org/api/media/19473>
<https://id.analoggamemuseum.org/api/items/3108>,<http://omeka.org/s/vocabs/o#media>,,<https://id.analoggamemuseum.org/api/media/19474>
<https://id.analoggamemuseum.org/api/items/3109>,<http://omeka.org/s/vocabs/o#media>,,<https://id.analoggamemuseum.org/api/media/19465>
<https://id.analoggamemuseum.org/api/items/3109>,<http://omeka.org/s/vocabs/o#media>,,<https://id.analoggamemuseum.org/api/media/19466>
<https://id.analoggamemuseum.org/api/items/3110>,<http://omeka.org/s/vocabs/o#media>,,<https://id.analoggamemuseum.org/api/media/19475>
<https://id.analoggamemuseum.org/api/items/3110>,<http://omeka.org/s/vocabs/o#media>,,<https://id.analoggamemuseum.org/api/media/19476>
<https://id.analoggamemuseum.org/api/items/3111>,<http://omeka.org/s/vocabs/o#media>,,<https://id.analoggamemuseum.org/api/media/19481>
<https://id.analoggamemuseum.org/api/items/3111>,<http://omeka.org/s/vocabs/o#media>,,<https://id.analoggamemuseum.org/api/media/19482>
<https://id.analoggamemuseum.org/api/items/3112>,<http://omeka.org/s/vocabs/o#media>,,<https://id.analoggamemuseum.org/api/media/19479>
<https://id.analoggamemuseum.org/api/items/3112>,<http://omeka.org/s/vocabs/o#media>,,<https://id.analoggamemuseum.org/api/media/19480>
<https://id.analoggamemuseum.org/api/items/3113>,<http://omeka.org/s/vocabs/o#media>,,<https://id.analoggamemuseum.org/api/media/19494>
<https://id.analoggamemuseum.org/api/items/3113>,<http://omeka.org/s/vocabs/o#media>,,<https://id.analoggamemuseum.org/api/media/19495>
<https://id.analoggamemuseum.org/api/items/3114>,<http://omeka.org/s/vocabs/o#media>,,<https://id.analoggamemuseum.org/api/media/19502>
<https://id.analoggamemuseum.org/api/items/3114>,<http://omeka.org/s/vocabs/o#media>,,<https://id.analoggamemuseum.org/api/media/19503>
<https://id.analoggamemuseum.org/api/items/3115>,<http://omeka.org/s/vocabs/o#media>,,<https://id.analoggamemuseum.org/api/media/19500>
<https://id.analoggamemuseum.org/api/items/3115>,<http://omeka.org/s/vocabs/o#media>,,<https://id.analoggamemuseum.org/api/media/19501>
<https://id.analoggamemuseum.org/api/items/3115>,<http://omeka.org/s/vocabs/o#modified>,"""2026-01-08T18:24:24+00:00""^^<http://www.w3.org/2001/XMLSchema#dateTime>","""2026-02-15T02:22:15+00:00""^^<http://www.w3.org/2001/XMLSchema#dateTime>"
<https://id.analoggamemuseum.org/api/items/3115>,<http://omeka.org/s/vocabs/o#title>,"""A533""","""E133"""
<https://id.analoggamemuseum.org/api/items/3115>,<http://purl.org/dc/terms/title>,"""A533""","""E133"""
<https://id.analoggamemuseum.org/api/items/3115>,<https://www.analoggamemuseum.org/ontology/identifier>,"""A533""","""E133"""
<https://id.analoggamemuseum.org/api/items/3118>,<http://omeka.org/s/vocabs/o#media>,,<https://id.analoggamemuseum.org/api/media/19504>
<https://id.analoggamemuseum.org/api/items/3118>,<http://omeka.org/s/vocabs/o#media>,,<https://id.analoggamemuseum.org/api/media/19505>
<https://id.analoggamemuseum.org/api/items/3124>,<http://omeka.org/s/vocabs/o#media>,,<https://id.analoggamemuseum.org/api/media/19515>
<https://id.analoggamemuseum.org/api/items/3124>,<http://omeka.org/s/vocabs/o#media>,,<https://id.analoggamemuseum.org/api/media/19516>
<https://id.analoggamemuseum.org/api/items/3124>,<http://omeka.org/s/vocabs/o#media>,,<https://id.analoggamemuseum.org/api/media/19517>
<https://id.analoggamemuseum.org/api/items/3128>,<http://omeka.org/s/vocabs/o#media>,,<https://id.analoggamemuseum.org/api/media/19528>
<https://id.analoggamemuseum.org/api/items/3128>,<http://omeka.org/s/vocabs/o#media>,,<https://id.analoggamemuseum.org/api/media/19529>
<https://id.analoggamemuseum.org/api/items/3128>,<http://omeka.org/s/vocabs/o#modified>,"""2026-01-08T18:24:24+00:00""^^<http://www.w3.org/2001/XMLSchema#dateTime>","""2026-02-14T03:36:30+00:00""^^<http://www.w3.org/2001/XMLSchema#dateTime>"
<https://id.analoggamemuseum.org/api/items/3128>,<http://omeka.org/s/vocabs/o#title>,"""A565""","""E121"""
<https://id.analoggamemuseum.org/api/items/3128>,<http://purl.org/dc/terms/title>,"""A565""","""E121"""
<https://id.analoggamemuseum.org/api/items/3128>,<https://www.analoggamemuseum.org/ontology/identifier>,"""A565""","""E121"""
<https://id.analoggamemuseum.org/api/items/3130>,<http://omeka.org/s/vocabs/o#media>,,<https://id.analoggamemuseum.org/api/media/19520>
<https://id.analoggamemuseum.org/api/items/3130>,<http://omeka.org/s/vocabs/o#media>,,<https://id.analoggamemuseum.org/api/media/19521>
<https://id.analoggamemuseum.org/api/items/3135>,<http://omeka.org/s/vocabs/o#media>,,<https://id.analoggamemuseum.org/api/media/19536>
<https://id.analoggamemuseum.org/api/items/3135>,<http://omeka.org/s/vocabs/o#media>,,<https://id.analoggamemuseum.org/api/media/19537>
<https://id.analoggamemuseum.org/api/items/3140>,<http://omeka.org/s/vocabs/o#media>,,<https://id.analoggamemuseum.org/api/media/19548>
<https://id.analoggamemuseum.org/api/items/3140>,<http://omeka.org/s/vocabs/o#media>,,<https://id.analoggamemuseum.org/api/media/19549>
<https://id.analoggamemuseum.org/api/items/3141>,<http://omeka.org/s/vocabs/o#media>,,<https://id.analoggamemuseum.org/api/media/19545>
<https://id.analoggamemuseum.org/api/items/3141>,<http://omeka.org/s/vocabs/o#media>,,<https://id.analoggamemuseum.org/api/media/19546>
<https://id.analoggamemuseum.org/api/items/3141>,<http://omeka.org/s/vocabs/o#media>,,<https://id.analoggamemuseum.org/api/media/19547>
<https://id.analoggamemuseum.org/api/items/3144>,<http://omeka.org/s/vocabs/o#media>,,<https://id.analoggamemuseum.org/api/media/19556>
<https://id.analoggamemuseum.org/api/items/3144>,<http://omeka.org/s/vocabs/o#media>,,<https://id.analoggamemuseum.org/api/media/19557>
<https://id.analoggamemuseum.org/api/items/3145>,<http://omeka.org/s/vocabs/o#media>,,<https://id.analoggamemuseum.org/api/media/19552>
<https://id.analoggamemuseum.org/api/items/3145>,<http://omeka.org/s/vocabs/o#media>,,<https://id.analoggamemuseum.org/api/media/19553>
<https://id.analoggamemuseum.org/api/items/3146>,<http://omeka.org/s/vocabs/o#media>,,<https://id.analoggamemuseum.org/api/media/19550>
<https://id.analoggamemuseum.org/api/items/3146>,<http://omeka.org/s/vocabs/o#media>,,<https://id.analoggamemuseum.org/api/media/19551>
<https://id.analoggamemuseum.org/api/items/3148>,<http://omeka.org/s/vocabs/o#media>,,<https://id.analoggamemuseum.org/api/media/19563>
<https://id.analoggamemuseum.org/api/items/3148>,<http://omeka.org/s/vocabs/o#media>,,<https://id.analoggamemuseum.org/api/media/19564>
<https://id.analoggamemuseum.org/api/items/3149>,<http://omeka.org/s/vocabs/o#media>,,<https://id.analoggamemuseum.org/api/media/19560>
<https://id.analoggamemuseum.org/api/items/3149>,<http://omeka.org/s/vocabs/o#media>,,<https://id.analoggamemuseum.org/api/media/19561>
<https://id.analoggamemuseum.org/api/items/3149>,<http://omeka.org/s/vocabs/o#media>,,<https://id.analoggamemuseum.org/api/media/19562>
<https://id.analoggamemuseum.org/api/items/3150>,<http://omeka.org/s/vocabs/o#media>,,<https://id.analoggamemuseum.org/api/media/19558>
<https://id.analoggamemuseum.org/api/items/3150>,<http://omeka.org/s/vocabs/o#media>,,<https://id.analoggamemuseum.org/api/media/19559>
<https://id.analoggamemuseum.org/api/items/3150>,<http://omeka.org/s/vocabs/o#modified>,"""2026-01-08T18:24:24+00:00""^^<http://www.w3.org/2001/XMLSchema#dateTime>","""2026-02-14T03:37:28+00:00""^^<http://www.w3.org/2001/XMLSchema#dateTime>"
<https://id.analoggamemuseum.org/api/items/3150>,<http://omeka.org/s/vocabs/o#title>,"""A592""","""E122"""
<https://id.analoggamemuseum.org/api/items/3150>,<http://purl.org/dc/terms/title>,"""A592""","""E122"""
<https://id.analoggamemuseum.org/api/items/3150>,<https://www.analoggamemuseum.org/ontology/identifier>,"""A592""","""E122"""
<https://id.analoggamemuseum.org/api/items/3151>,<http://omeka.org/s/vocabs/o#media>,,<https://id.analoggamemuseum.org/api/media/19569>
<https://id.analoggamemuseum.org/api/items/3151>,<http://omeka.org/s/vocabs/o#media>,,<https://id.analoggamemuseum.org/api/media/19570>
<https://id.analoggamemuseum.org/api/items/3151>,<http://omeka.org/s/vocabs/o#media>,,<https://id.analoggamemuseum.org/api/media/19571>
<https://id.analoggamemuseum.org/api/items/3152>,<http://omeka.org/s/vocabs/o#media>,,<https://id.analoggamemuseum.org/api/media/19572>
<https://id.analoggamemuseum.org/api/items/3152>,<http://omeka.org/s/vocabs/o#media>,,<https://id.analoggamemuseum.org/api/media/19573>
<https://id.analoggamemuseum.org/api/items/3153>,<http://omeka.org/s/vocabs/o#media>,,<https://id.analoggamemuseum.org/api/media/19567>
<https://id.analoggamemuseum.org/api/items/3153>,<http://omeka.org/s/vocabs/o#media>,,<https://id.analoggamemuseum.org/api/media/19568>
<https://id.analoggamemuseum.org/api/items/3154>,<http://omeka.org/s/vocabs/o#media>,,<https://id.analoggamemuseum.org/api/media/19565>
<https://id.analoggamemuseum.org/api/items/3154>,<http://omeka.org/s/vocabs/o#media>,,<https://id.analoggamemuseum.org/api/media/19566>
<https://id.analoggamemuseum.org/api/items/3155>,<http://omeka.org/s/vocabs/o#media>,,<https://id.analoggamemuseum.org/api/media/19586>
<https://id.analoggamemuseum.org/api/items/3155>,<http://omeka.org/s/vocabs/o#media>,,<https://id.analoggamemuseum.org/api/media/19587>
<https://id.analoggamemuseum.org/api/items/3156>,<http://omeka.org/s/vocabs/o#media>,,<https://id.analoggamemuseum.org/api/media/19579>
<https://id.analoggamemuseum.org/api/items/3156>,<http://omeka.org/s/vocabs/o#media>,,<https://id.analoggamemuseum.org/api/media/19580>
<https://id.analoggamemuseum.org/api/items/3156>,<http://omeka.org/s/vocabs/o#media>,,<https://id.analoggamemuseum.org/api/media/19581>
<https://id.analoggamemuseum.org/api/items/3157>,<http://omeka.org/s/vocabs/o#media>,,<https://id.analoggamemuseum.org/api/media/19584>
<https://id.analoggamemuseum.org/api/items/3157>,<http://omeka.org/s/vocabs/o#media>,,<https://id.analoggamemuseum.org/api/media/19585>
<https://id.analoggamemuseum.org/api/items/3158>,<http://omeka.org/s/vocabs/o#media>,,<https://id.analoggamemuseum.org/api/media/19590>
<https://id.analoggamemuseum.org/api/items/3158>,<http://omeka.org/s/vocabs/o#media>,,<https://id.analoggamemuseum.org/api/media/19591>
<https://id.analoggamemuseum.org/api/items/3158>,<http://omeka.org/s/vocabs/o#media>,,<https://id.analoggamemuseum.org/api/media/19592>
<https://id.analoggamemuseum.org/api/items/3160>,<http://omeka.org/s/vocabs/o#media>,,<https://id.analoggamemuseum.org/api/media/19588>
<https://id.analoggamemuseum.org/api/items/3160>,<http://omeka.org/s/vocabs/o#media>,,<https://id.analoggamemuseum.org/api/media/19589>
<https://id.analoggamemuseum.org/api/items/3161>,<http://omeka.org/s/vocabs/o#media>,,<https://id.analoggamemuseum.org/api/media/19607>
<https://id.analoggamemuseum.org/api/items/3161>,<http://omeka.org/s/vocabs/o#media>,,<https://id.analoggamemuseum.org/api/media/19608>
<https://id.analoggamemuseum.org/api/items/3162>,<http://omeka.org/s/vocabs/o#media>,,<https://id.analoggamemuseum.org/api/media/19609>
<https://id.analoggamemuseum.org/api/items/3162>,<http://omeka.org/s/vocabs/o#media>,,<https://id.analoggamemuseum.org/api/media/19610>
<https://id.analoggamemuseum.org/api/items/3163>,<http://omeka.org/s/vocabs/o#media>,,<https://id.analoggamemuseum.org/api/media/19637>
<https://id.analoggamemuseum.org/api/items/3163>,<http://omeka.org/s/vocabs/o#media>,,<https://id.analoggamemuseum.org/api/media/19638>
<https://id.analoggamemuseum.org/api/items/3165>,<http://omeka.org/s/vocabs/o#media>,,<https://id.analoggamemuseum.org/api/media/19644>
<https://id.analoggamemuseum.org/api/items/3165>,<http://omeka.org/s/vocabs/o#media>,,<https://id.analoggamemuseum.org/api/media/19645>
<https://id.analoggamemuseum.org/api/items/3165>,<http://omeka.org/s/vocabs/o#media>,,<https://id.analoggamemuseum.org/api/media/19646>
<https://id.analoggamemuseum.org/api/items/3166>,<http://omeka.org/s/vocabs/o#media>,,<https://id.analoggamemuseum.org/api/media/19649>
<https://id.analoggamemuseum.org/api/items/3166>,<http://omeka.org/s/vocabs/o#media>,,<https://id.analoggamemuseum.org/api/media/19650>
<https://id.analoggamemuseum.org/api/items/3166>,<http://omeka.org/s/vocabs/o#media>,,<https://id.analoggamemuseum.org/api/media/19651>
<https://id.analoggamemuseum.org/api/items/3167>,<http://omeka.org/s/vocabs/o#media>,,<https://id.analoggamemuseum.org/api/media/19642>
<https://id.analoggamemuseum.org/api/items/3167>,<http://omeka.org/s/vocabs/o#media>,,<https://id.analoggamemuseum.org/api/media/19643>
<https://id.analoggamemuseum.org/api/items/3170>,<http://omeka.org/s/vocabs/o#media>,,<https://id.analoggamemuseum.org/api/media/19654>
<https://id.analoggamemuseum.org/api/items/3170>,<http://omeka.org/s/vocabs/o#media>,,<https://id.analoggamemuseum.org/api/media/19655>
<https://id.analoggamemuseum.org/api/items/3171>,<http://omeka.org/s/vocabs/o#media>,,<https://id.analoggamemuseum.org/api/media/19656>
<https://id.analoggamemuseum.org/api/items/3171>,<http://omeka.org/s/vocabs/o#media>,,<https://id.analoggamemuseum.org/api/media/19657>
<https://id.analoggamemuseum.org/api/items/3172>,<http://omeka.org/s/vocabs/o#media>,,<https://id.analoggamemuseum.org/api/media/19658>
<https://id.analoggamemuseum.org/api/items/3172>,<http://omeka.org/s/vocabs/o#media>,,<https://id.analoggamemuseum.org/api/media/19659>
<https://id.analoggamemuseum.org/api/items/3172>,<http://omeka.org/s/vocabs/o#media>,,<https://id.analoggamemuseum.org/api/media/19660>
<https://id.analoggamemuseum.org/api/items/3173>,<http://omeka.org/s/vocabs/o#media>,,<https://id.analoggamemuseum.org/api/media/19663>
<https://id.analoggamemuseum.org/api/items/3173>,<http://omeka.org/s/vocabs/o#media>,,<https://id.analoggamemuseum.org/api/media/19664>
<https://id.analoggamemuseum.org/api/items/3173>,<http://omeka.org/s/vocabs/o#media>,,<https://id.analoggamemuseum.org/api/media/19665>
<https://id.analoggamemuseum.org/api/items/3174>,<http://omeka.org/s/vocabs/o#media>,,<https://id.analoggamemuseum.org/api/media/19661>
<https://id.analoggamemuseum.org/api/items/3174>,<http://omeka.org/s/vocabs/o#media>,,<https://id.analoggamemuseum.org/api/media/19662>
<https://id.analoggamemuseum.org/api/items/3175>,<http://omeka.org/s/vocabs/o#media>,,<https://id.analoggamemuseum.org/api/media/19668>
<https://id.analoggamemuseum.org/api/items/3175>,<http://omeka.org/s/vocabs/o#media>,,<https://id.analoggamemuseum.org/api/media/19669>
<https://id.analoggamemuseum.org/api/items/3177>,<http://omeka.org/s/vocabs/o#media>,,<https://id.analoggamemuseum.org/api/media/19666>
<https://id.analoggamemuseum.org/api/items/3177>,<http://omeka.org/s/vocabs/o#media>,,<https://id.analoggamemuseum.org/api/media/19667>
<https://id.analoggamemuseum.org/api/items/3178>,<http://omeka.org/s/vocabs/o#media>,,<https://id.analoggamemuseum.org/api/media/19676>
<https://id.analoggamemuseum.org/api/items/3178>,<http://omeka.org/s/vocabs/o#media>,,<https://id.analoggamemuseum.org/api/media/19677>
<https://id.analoggamemuseum.org/api/items/3179>,<http://omeka.org/s/vocabs/o#media>,,<https://id.analoggamemuseum.org/api/media/19672>
<https://id.analoggamemuseum.org/api/items/3179>,<http://omeka.org/s/vocabs/o#media>,,<https://id.analoggamemuseum.org/api/media/19673>
<https://id.analoggamemuseum.org/api/items/3180>,<http://omeka.org/s/vocabs/o#media>,,<https://id.analoggamemuseum.org/api/media/19682>
<https://id.analoggamemuseum.org/api/items/3180>,<http://omeka.org/s/vocabs/o#media>,,<https://id.analoggamemuseum.org/api/media/19683>
<https://id.analoggamemuseum.org/api/items/3180>,<http://omeka.org/s/vocabs/o#modified>,"""2026-01-08T18:24:24+00:00""^^<http://www.w3.org/2001/XMLSchema#dateTime>","""2026-02-15T02:33:04+00:00""^^<http://www.w3.org/2001/XMLSchema#dateTime>"
<https://id.analoggamemuseum.org/api/items/3180>,<http://omeka.org/s/vocabs/o#title>,"""A654""","""E137"""
<https://id.analoggamemuseum.org/api/items/3180>,<http://purl.org/dc/terms/title>,"""A654""","""E137"""
<https://id.analoggamemuseum.org/api/items/3180>,<https://www.analoggamemuseum.org/ontology/identifier>,"""A654""","""E137"""
<https://id.analoggamemuseum.org/api/items/3181>,<http://omeka.org/s/vocabs/o#media>,,<https://id.analoggamemuseum.org/api/media/19670>
<https://id.analoggamemuseum.org/api/items/3181>,<http://omeka.org/s/vocabs/o#media>,,<https://id.analoggamemuseum.org/api/media/19671>
<https://id.analoggamemuseum.org/api/items/3182>,<http://omeka.org/s/vocabs/o#media>,,<https://id.analoggamemuseum.org/api/media/19680>
<https://id.analoggamemuseum.org/api/items/3182>,<http://omeka.org/s/vocabs/o#media>,,<https://id.analoggamemuseum.org/api/media/19681>
<https://id.analoggamemuseum.org/api/items/3182>,<http://omeka.org/s/vocabs/o#modified>,"""2026-01-08T18:24:24+00:00""^^<http://www.w3.org/2001/XMLSchema#dateTime>","""2026-02-15T02:32:16+00:00""^^<http://www.w3.org/2001/XMLSchema#dateTime>"
<https://id.analoggamemuseum.org/api/items/3182>,<http://omeka.org/s/vocabs/o#title>,"""A653""","""E136"""
<https://id.analoggamemuseum.org/api/items/3182>,<http://purl.org/dc/terms/title>,"""A653""","""E136"""
<https://id.analoggamemuseum.org/api/items/3182>,<https://www.analoggamemuseum.org/ontology/identifier>,"""A653""","""E136"""
<https://id.analoggamemuseum.org/api/items/3184>,<http://omeka.org/s/vocabs/o#media>,,<https://id.analoggamemuseum.org/api/media/19678>
<https://id.analoggamemuseum.org/api/items/3184>,<http://omeka.org/s/vocabs/o#media>,,<https://id.analoggamemuseum.org/api/media/19679>
<https://id.analoggamemuseum.org/api/items/3184>,<http://omeka.org/s/vocabs/o#modified>,"""2026-01-08T18:24:24+00:00""^^<http://www.w3.org/2001/XMLSchema#dateTime>","""2026-02-15T02:31:11+00:00""^^<http://www.w3.org/2001/XMLSchema#dateTime>"
<https://id.analoggamemuseum.org/api/items/3184>,<http://omeka.org/s/vocabs/o#title>,"""A652""","""E135"""
<https://id.analoggamemuseum.org/api/items/3184>,<http://purl.org/dc/terms/title>,"""A652""","""E135"""
<https://id.analoggamemuseum.org/api/items/3184>,<https://www.analoggamemuseum.org/ontology/identifier>,"""A652""","""E135"""
<https://id.analoggamemuseum.org/api/items/3185>,<http://omeka.org/s/vocabs/o#media>,,<https://id.analoggamemuseum.org/api/media/19693>
<https://id.analoggamemuseum.org/api/items/3185>,<http://omeka.org/s/vocabs/o#media>,,<https://id.analoggamemuseum.org/api/media/19694>
<https://id.analoggamemuseum.org/api/items/3185>,<http://omeka.org/s/vocabs/o#media>,,<https://id.analoggamemuseum.org/api/media/19695>
<https://id.analoggamemuseum.org/api/items/3186>,<http://omeka.org/s/vocabs/o#media>,,<https://id.analoggamemuseum.org/api/media/19690>
<https://id.analoggamemuseum.org/api/items/3186>,<http://omeka.org/s/vocabs/o#media>,,<https://id.analoggamemuseum.org/api/media/19691>
<https://id.analoggamemuseum.org/api/items/3186>,<http://omeka.org/s/vocabs/o#media>,,<https://id.analoggamemuseum.org/api/media/19692>
<https://id.analoggamemuseum.org/api/items/3187>,<http://omeka.org/s/vocabs/o#media>,,<https://id.analoggamemuseum.org/api/media/19688>
<https://id.analoggamemuseum.org/api/items/3187>,<http://omeka.org/s/vocabs/o#media>,,<https://id.analoggamemuseum.org/api/media/19689>
<https://id.analoggamemuseum.org/api/items/3188>,<http://omeka.org/s/vocabs/o#media>,,<https://id.analoggamemuseum.org/api/media/19686>
<https://id.analoggamemuseum.org/api/items/3188>,<http://omeka.org/s/vocabs/o#media>,,<https://id.analoggamemuseum.org/api/media/19687>
<https://id.analoggamemuseum.org/api/items/3189>,<http://omeka.org/s/vocabs/o#media>,,<https://id.analoggamemuseum.org/api/media/19684>
<https://id.analoggamemuseum.org/api/items/3189>,<http://omeka.org/s/vocabs/o#media>,,<https://id.analoggamemuseum.org/api/media/19685>
<https://id.analoggamemuseum.org/api/items/3190>,<http://omeka.org/s/vocabs/o#media>,,<https://id.analoggamemuseum.org/api/media/19700>
<https://id.analoggamemuseum.org/api/items/3190>,<http://omeka.org/s/vocabs/o#media>,,<https://id.analoggamemuseum.org/api/media/19701>
<https://id.analoggamemuseum.org/api/items/3191>,<http://omeka.org/s/vocabs/o#media>,,<https://id.analoggamemuseum.org/api/media/19698>
<https://id.analoggamemuseum.org/api/items/3191>,<http://omeka.org/s/vocabs/o#media>,,<https://id.analoggamemuseum.org/api/media/19699>
<https://id.analoggamemuseum.org/api/items/3192>,<http://omeka.org/s/vocabs/o#media>,,<https://id.analoggamemuseum.org/api/media/19702>
<https://id.analoggamemuseum.org/api/items/3192>,<http://omeka.org/s/vocabs/o#media>,,<https://id.analoggamemuseum.org/api/media/19703>
<https://id.analoggamemuseum.org/api/items/3193>,<http://omeka.org/s/vocabs/o#media>,,<https://id.analoggamemuseum.org/api/media/19704>
<https://id.analoggamemuseum.org/api/items/3193>,<http://omeka.org/s/vocabs/o#media>,,<https://id.analoggamemuseum.org/api/media/19705>
<https://id.analoggamemuseum.org/api/items/3194>,<http://omeka.org/s/vocabs/o#media>,,<https://id.analoggamemuseum.org/api/media/19706>
<https://id.analoggamemuseum.org/api/items/3194>,<http://omeka.org/s/vocabs/o#media>,,<https://id.analoggamemuseum.org/api/media/19707>
<https://id.analoggamemuseum.org/api/items/3195>,<http://omeka.org/s/vocabs/o#media>,,<https://id.analoggamemuseum.org/api/media/19708>
<https://id.analoggamemuseum.org/api/items/3195>,<http://omeka.org/s/vocabs/o#media>,,<https://id.analoggamemuseum.org/api/media/19709>
<https://id.analoggamemuseum.org/api/items/3196>,<http://omeka.org/s/vocabs/o#media>,,<https://id.analoggamemuseum.org/api/media/19710>
<https://id.analoggamemuseum.org/api/items/3196>,<http://omeka.org/s/vocabs/o#media>,,<https://id.analoggamemuseum.org/api/media/19711>
<https://id.analoggamemuseum.org/api/items/3197>,<http://omeka.org/s/vocabs/o#media>,,<https://id.analoggamemuseum.org/api/media/19720>
<https://id.analoggamemuseum.org/api/items/3197>,<http://omeka.org/s/vocabs/o#media>,,<https://id.analoggamemuseum.org/api/media/19721>
<https://id.analoggamemuseum.org/api/items/3198>,<http://omeka.org/s/vocabs/o#media>,,<https://id.analoggamemuseum.org/api/media/19716>
<https://id.analoggamemuseum.org/api/items/3198>,<http://omeka.org/s/vocabs/o#media>,,<https://id.analoggamemuseum.org/api/media/19717>
<https://id.analoggamemuseum.org/api/items/3199>,<http://omeka.org/s/vocabs/o#media>,,<https://id.analoggamemuseum.org/api/media/19712>
<https://id.analoggamemuseum.org/api/items/3199>,<http://omeka.org/s/vocabs/o#media>,,<https://id.analoggamemuseum.org/api/media/19713>
<https://id.analoggamemuseum.org/api/items/3200>,<http://omeka.org/s/vocabs/o#media>,,<https://id.analoggamemuseum.org/api/media/19714>
<https://id.analoggamemuseum.org/api/items/3200>,<http://omeka.org/s/vocabs/o#media>,,<https://id.analoggamemuseum.org/api/media/19715>
<https://id.analoggamemuseum.org/api/items/3201>,<http://omeka.org/s/vocabs/o#media>,,<https://id.analoggamemuseum.org/api/media/19733>
<https://id.analoggamemuseum.org/api/items/3201>,<http://omeka.org/s/vocabs/o#media>,,<https://id.analoggamemuseum.org/api/media/19734>
<https://id.analoggamemuseum.org/api/items/3202>,<http://omeka.org/s/vocabs/o#media>,,<https://id.analoggamemuseum.org/api/media/19731>
<https://id.analoggamemuseum.org/api/items/3202>,<http://omeka.org/s/vocabs/o#media>,,<https://id.analoggamemuseum.org/api/media/19732>
<https://id.analoggamemuseum.org/api/items/3203>,<http://omeka.org/s/vocabs/o#media>,,<https://id.analoggamemuseum.org/api/media/19727>
<https://id.analoggamemuseum.org/api/items/3203>,<http://omeka.org/s/vocabs/o#media>,,<https://id.analoggamemuseum.org/api/media/19728>
<https://id.analoggamemuseum.org/api/items/3204>,<http://omeka.org/s/vocabs/o#media>,,<https://id.analoggamemuseum.org/api/media/19729>
<https://id.analoggamemuseum.org/api/items/3204>,<http://omeka.org/s/vocabs/o#media>,,<https://id.analoggamemuseum.org/api/media/19730>
<https://id.analoggamemuseum.org/api/items/3205>,<http://omeka.org/s/vocabs/o#media>,,<https://id.analoggamemuseum.org/api/media/19722>
<https://id.analoggamemuseum.org/api/items/3205>,<http://omeka.org/s/vocabs/o#media>,,<https://id.analoggamemuseum.org/api/media/19723>
<https://id.analoggamemuseum.org/api/items/3206>,<http://omeka.org/s/vocabs/o#media>,,<https://id.analoggamemuseum.org/api/media/19724>
<https://id.analoggamemuseum.org/api/items/3206>,<http://omeka.org/s/vocabs/o#media>,,<https://id.analoggamemuseum.org/api/media/19725>
<https://id.analoggamemuseum.org/api/items/3206>,<http://omeka.org/s/vocabs/o#media>,,<https://id.analoggamemuseum.org/api/media/19726>
<https://id.analoggamemuseum.org/api/items/3207>,<http://omeka.org/s/vocabs/o#media>,,<https://id.analoggamemuseum.org/api/media/19735>
<https://id.analoggamemuseum.org/api/items/3207>,<http://omeka.org/s/vocabs/o#media>,,<https://id.analoggamemuseum.org/api/media/19736>
<https://id.analoggamemuseum.org/api/items/3208>,<http://omeka.org/s/vocabs/o#media>,,<https://id.analoggamemuseum.org/api/media/19749>
<https://id.analoggamemuseum.org/api/items/3208>,<http://omeka.org/s/vocabs/o#media>,,<https://id.analoggamemuseum.org/api/media/19750>
<https://id.analoggamemuseum.org/api/items/3209>,<http://omeka.org/s/vocabs/o#media>,,<https://id.analoggamemuseum.org/api/media/19747>
<https://id.analoggamemuseum.org/api/items/3209>,<http://omeka.org/s/vocabs/o#media>,,<https://id.analoggamemuseum.org/api/media/19748>
<https://id.analoggamemuseum.org/api/items/3210>,<http://omeka.org/s/vocabs/o#media>,,<https://id.analoggamemuseum.org/api/media/19745>
<https://id.analoggamemuseum.org/api/items/3210>,<http://omeka.org/s/vocabs/o#media>,,<https://id.analoggamemuseum.org/api/media/19746>
<https://id.analoggamemuseum.org/api/items/3211>,<http://omeka.org/s/vocabs/o#media>,,<https://id.analoggamemuseum.org/api/media/19743>
<https://id.analoggamemuseum.org/api/items/3211>,<http://omeka.org/s/vocabs/o#media>,,<https://id.analoggamemuseum.org/api/media/19744>
<https://id.analoggamemuseum.org/api/items/3212>,<http://omeka.org/s/vocabs/o#media>,,<https://id.analoggamemuseum.org/api/media/19739>
<https://id.analoggamemuseum.org/api/items/3212>,<http://omeka.org/s/vocabs/o#media>,,<https://id.analoggamemuseum.org/api/media/19740>
<https://id.analoggamemuseum.org/api/items/3213>,<http://omeka.org/s/vocabs/o#media>,,<https://id.analoggamemuseum.org/api/media/19737>
<https://id.analoggamemuseum.org/api/items/3213>,<http://omeka.org/s/vocabs/o#media>,,<https://id.analoggamemuseum.org/api/media/19738>
<https://id.analoggamemuseum.org/api/items/3214>,<http://omeka.org/s/vocabs/o#media>,,<https://id.analoggamemuseum.org/api/media/19757>
<https://id.analoggamemuseum.org/api/items/3214>,<http://omeka.org/s/vocabs/o#media>,,<https://id.analoggamemuseum.org/api/media/19758>
<https://id.analoggamemuseum.org/api/items/3215>,<http://omeka.org/s/vocabs/o#media>,,<https://id.analoggamemuseum.org/api/media/19776>
<https://id.analoggamemuseum.org/api/items/3215>,<http://omeka.org/s/vocabs/o#media>,,<https://id.analoggamemuseum.org/api/media/19777>
<https://id.analoggamemuseum.org/api/items/3216>,<http://omeka.org/s/vocabs/o#media>,,<https://id.analoggamemuseum.org/api/media/19759>
<https://id.analoggamemuseum.org/api/items/3216>,<http://omeka.org/s/vocabs/o#media>,,<https://id.analoggamemuseum.org/api/media/19760>
<https://id.analoggamemuseum.org/api/items/3217>,<http://omeka.org/s/vocabs/o#media>,,<https://id.analoggamemuseum.org/api/media/19778>
<https://id.analoggamemuseum.org/api/items/3217>,<http://omeka.org/s/vocabs/o#media>,,<https://id.analoggamemuseum.org/api/media/19779>
<https://id.analoggamemuseum.org/api/items/3218>,<http://omeka.org/s/vocabs/o#media>,,<https://id.analoggamemuseum.org/api/media/19755>
<https://id.analoggamemuseum.org/api/items/3218>,<http://omeka.org/s/vocabs/o#media>,,<https://id.analoggamemuseum.org/api/media/19756>
<https://id.analoggamemuseum.org/api/items/3219>,<http://omeka.org/s/vocabs/o#media>,,<https://id.analoggamemuseum.org/api/media/19753>
<https://id.analoggamemuseum.org/api/items/3219>,<http://omeka.org/s/vocabs/o#media>,,<https://id.analoggamemuseum.org/api/media/19754>
<https://id.analoggamemuseum.org/api/items/3220>,<http://omeka.org/s/vocabs/o#media>,,<https://id.analoggamemuseum.org/api/media/19751>
<https://id.analoggamemuseum.org/api/items/3220>,<http://omeka.org/s/vocabs/o#media>,,<https://id.analoggamemuseum.org/api/media/19752>
<https://id.analoggamemuseum.org/api/items/3221>,<http://omeka.org/s/vocabs/o#media>,,<https://id.analoggamemuseum.org/api/media/19765>
<https://id.analoggamemuseum.org/api/items/3221>,<http://omeka.org/s/vocabs/o#media>,,<https://id.analoggamemuseum.org/api/media/19766>
<https://id.analoggamemuseum.org/api/items/3221>,<http://omeka.org/s/vocabs/o#media>,,<https://id.analoggamemuseum.org/api/media/19767>
<https://id.analoggamemuseum.org/api/items/3222>,<http://omeka.org/s/vocabs/o#media>,,<https://id.analoggamemuseum.org/api/media/19791>
<https://id.analoggamemuseum.org/api/items/3222>,<http://omeka.org/s/vocabs/o#media>,,<https://id.analoggamemuseum.org/api/media/19792>
<https://id.analoggamemuseum.org/api/items/3223>,<http://omeka.org/s/vocabs/o#media>,,<https://id.analoggamemuseum.org/api/media/19785>
<https://id.analoggamemuseum.org/api/items/3223>,<http://omeka.org/s/vocabs/o#media>,,<https://id.analoggamemuseum.org/api/media/19786>
<https://id.analoggamemuseum.org/api/items/3224>,<http://omeka.org/s/vocabs/o#media>,,<https://id.analoggamemuseum.org/api/media/19783>
<https://id.analoggamemuseum.org/api/items/3224>,<http://omeka.org/s/vocabs/o#media>,,<https://id.analoggamemuseum.org/api/media/19784>
<https://id.analoggamemuseum.org/api/items/3225>,<http://omeka.org/s/vocabs/o#media>,,<https://id.analoggamemuseum.org/api/media/19780>
<https://id.analoggamemuseum.org/api/items/3225>,<http://omeka.org/s/vocabs/o#media>,,<https://id.analoggamemuseum.org/api/media/19781>
<https://id.analoggamemuseum.org/api/items/3225>,<http://omeka.org/s/vocabs/o#media>,,<https://id.analoggamemuseum.org/api/media/19782>
<https://id.analoggamemuseum.org/api/items/3936>,<http://omeka.org/s/vocabs/o#media>,,<https://id.analoggamemuseum.org/api/media/19796>
<https://id.analoggamemuseum.org/api/items/3936>,<http://omeka.org/s/vocabs/o#media>,,<https://id.analoggamemuseum.org/api/media/19797>
<https://id.analoggamemuseum.org/api/items/3953>,<http://omeka.org/s/vocabs/o#media>,,<https://id.analoggamemuseum.org/api/media/19793>
<https://id.analoggamemuseum.org/api/items/3953>,<http://omeka.org/s/vocabs/o#media>,,<https://id.analoggamemuseum.org/api/media/19794>
<https://id.analoggamemuseum.org/api/items/3953>,<http://omeka.org/s/vocabs/o#media>,,<https://id.analoggamemuseum.org/api/media/19795>
<https://id.analoggamemuseum.org/api/items/4129>,<http://omeka.org/s/vocabs/o#modified>,"""2026-01-08T18:24:27+00:00""^^<http://www.w3.org/2001/XMLSchema#dateTime>","""2026-02-14T03:29:47+00:00""^^<http://www.w3.org/2001/XMLSchema#dateTime>"
<https://id.analoggamemuseum.org/api/items/4129>,<http://omeka.org/s/vocabs/o#title>,"""A819""","""E117"""
<https://id.analoggamemuseum.org/api/items/4129>,<http://purl.org/dc/terms/title>,"""A819""","""E117"""
<https://id.analoggamemuseum.org/api/items/4129>,<https://www.analoggamemuseum.org/ontology/identifier>,"""A819""","""E117"""
<https://id.analoggamemuseum.org/api/items/4155>,<http://omeka.org/s/vocabs/o#modified>,"""2026-01-08T18:24:27+00:00""^^<http://www.w3.org/2001/XMLSchema#dateTime>","""2026-02-15T02:19:37+00:00""^^<http://www.w3.org/2001/XMLSchema#dateTime>"
<https://id.analoggamemuseum.org/api/items/4155>,<http://omeka.org/s/vocabs/o#title>,"""A769""","""E131"""
<https://id.analoggamemuseum.org/api/items/4155>,<http://purl.org/dc/terms/title>,"""A769""","""E131"""
<https://id.analoggamemuseum.org/api/items/4155>,<https://www.analoggamemuseum.org/ontology/identifier>,"""A769""","""E131"""
<https://id.analoggamemuseum.org/api/items/5550>,<http://omeka.org/s/vocabs/o#media>,,<https://id.analoggamemuseum.org/api/media/21078>
<https://id.analoggamemuseum.org/api/items/5550>,<http://omeka.org/s/vocabs/o#media>,,<https://id.analoggamemuseum.org/api/media/21079>
<https://id.analoggamemuseum.org/api/items/5550>,<http://omeka.org/s/vocabs/o#media>,,<https://id.analoggamemuseum.org/api/media/21080>
<https://id.analoggamemuseum.org/api/items/5551>,<http://omeka.org/s/vocabs/o#media>,,<https://id.analoggamemuseum.org/api/media/21097>
<https://id.analoggamemuseum.org/api/items/5551>,<http://omeka.org/s/vocabs/o#media>,,<https://id.analoggamemuseum.org/api/media/21098>
<https://id.analoggamemuseum.org/api/items/5552>,<http://omeka.org/s/vocabs/o#media>,,<https://id.analoggamemuseum.org/api/media/21075>
<https://id.analoggamemuseum.org/api/items/5552>,<http://omeka.org/s/vocabs/o#media>,,<https://id.analoggamemuseum.org/api/media/21076>
<https://id.analoggamemuseum.org/api/items/5552>,<http://omeka.org/s/vocabs/o#media>,,<https://id.analoggamemuseum.org/api/media/21077>
<https://id.analoggamemuseum.org/api/items/5553>,<http://omeka.org/s/vocabs/o#media>,,<https://id.analoggamemuseum.org/api/media/21101>
<https://id.analoggamemuseum.org/api/items/5553>,<http://omeka.org/s/vocabs/o#media>,,<https://id.analoggamemuseum.org/api/media/21102>
<https://id.analoggamemuseum.org/api/items/5554>,<http://omeka.org/s/vocabs/o#media>,,<https://id.analoggamemuseum.org/api/media/21103>
<https://id.analoggamemuseum.org/api/items/5554>,<http://omeka.org/s/vocabs/o#media>,,<https://id.analoggamemuseum.org/api/media/21104>
<https://id.analoggamemuseum.org/api/items/5554>,<http://omeka.org/s/vocabs/o#media>,,<https://id.analoggamemuseum.org/api/media/21105>
<https://id.analoggamemuseum.org/api/items/5555>,<http://omeka.org/s/vocabs/o#media>,,<https://id.analoggamemuseum.org/api/media/21139>
<https://id.analoggamemuseum.org/api/items/5555>,<http://omeka.org/s/vocabs/o#media>,,<https://id.analoggamemuseum.org/api/media/21140>
<https://id.analoggamemuseum.org/api/items/5556>,<http://omeka.org/s/vocabs/o#media>,,<https://id.analoggamemuseum.org/api/media/21086>
<https://id.analoggamemuseum.org/api/items/5556>,<http://omeka.org/s/vocabs/o#media>,,<https://id.analoggamemuseum.org/api/media/21087>
<https://id.analoggamemuseum.org/api/items/5556>,<http://omeka.org/s/vocabs/o#media>,,<https://id.analoggamemuseum.org/api/media/21088>
<https://id.analoggamemuseum.org/api/items/5557>,<http://omeka.org/s/vocabs/o#media>,,<https://id.analoggamemuseum.org/api/media/21083>
<https://id.analoggamemuseum.org/api/items/5557>,<http://omeka.org/s/vocabs/o#media>,,<https://id.analoggamemuseum.org/api/media/21084>
<https://id.analoggamemuseum.org/api/items/5557>,<http://omeka.org/s/vocabs/o#media>,,<https://id.analoggamemuseum.org/api/media/21085>
<https://id.analoggamemuseum.org/api/items/5558>,<http://omeka.org/s/vocabs/o#media>,,<https://id.analoggamemuseum.org/api/media/21133>
<https://id.analoggamemuseum.org/api/items/5558>,<http://omeka.org/s/vocabs/o#media>,,<https://id.analoggamemuseum.org/api/media/21134>
<https://id.analoggamemuseum.org/api/items/5558>,<http://omeka.org/s/vocabs/o#media>,,<https://id.analoggamemuseum.org/api/media/21135>
<https://id.analoggamemuseum.org/api/items/5559>,<http://omeka.org/s/vocabs/o#media>,,<https://id.analoggamemuseum.org/api/media/21089>
<https://id.analoggamemuseum.org/api/items/5559>,<http://omeka.org/s/vocabs/o#media>,,<https://id.analoggamemuseum.org/api/media/21090>
<https://id.analoggamemuseum.org/api/items/5559>,<http://omeka.org/s/vocabs/o#media>,,<https://id.analoggamemuseum.org/api/media/21091>
<https://id.analoggamemuseum.org/api/items/5560>,<http://omeka.org/s/vocabs/o#media>,,<https://id.analoggamemuseum.org/api/media/21136>
<https://id.analoggamemuseum.org/api/items/5560>,<http://omeka.org/s/vocabs/o#media>,,<https://id.analoggamemuseum.org/api/media/21137>
<https://id.analoggamemuseum.org/api/items/5560>,<http://omeka.org/s/vocabs/o#media>,,<https://id.analoggamemuseum.org/api/media/21138>
<https://id.analoggamemuseum.org/api/items/5561>,<http://omeka.org/s/vocabs/o#media>,,<https://id.analoggamemuseum.org/api/media/21081>
<https://id.analoggamemuseum.org/api/items/5561>,<http://omeka.org/s/vocabs/o#media>,,<https://id.analoggamemuseum.org/api/media/21082>
<https://id.analoggamemuseum.org/api/items/5562>,<http://omeka.org/s/vocabs/o#media>,,<https://id.analoggamemuseum.org/api/media/21106>
<https://id.analoggamemuseum.org/api/items/5562>,<http://omeka.org/s/vocabs/o#media>,,<https://id.analoggamemuseum.org/api/media/21107>
<https://id.analoggamemuseum.org/api/items/5563>,<http://omeka.org/s/vocabs/o#media>,,<https://id.analoggamemuseum.org/api/media/21114>
<https://id.analoggamemuseum.org/api/items/5563>,<http://omeka.org/s/vocabs/o#media>,,<https://id.analoggamemuseum.org/api/media/21115>
<https://id.analoggamemuseum.org/api/items/5564>,<http://omeka.org/s/vocabs/o#media>,,<https://id.analoggamemuseum.org/api/media/21125>
<https://id.analoggamemuseum.org/api/items/5564>,<http://omeka.org/s/vocabs/o#media>,,<https://id.analoggamemuseum.org/api/media/21126>
<https://id.analoggamemuseum.org/api/items/5565>,<http://omeka.org/s/vocabs/o#media>,,<https://id.analoggamemuseum.org/api/media/21116>
<https://id.analoggamemuseum.org/api/items/5565>,<http://omeka.org/s/vocabs/o#media>,,<https://id.analoggamemuseum.org/api/media/21117>
<https://id.analoggamemuseum.org/api/items/5565>,<http://omeka.org/s/vocabs/o#media>,,<https://id.analoggamemuseum.org/api/media/21118>
<https://id.analoggamemuseum.org/api/items/5566>,<http://omeka.org/s/vocabs/o#media>,,<https://id.analoggamemuseum.org/api/media/21119>
<https://id.analoggamemuseum.org/api/items/5566>,<http://omeka.org/s/vocabs/o#media>,,<https://id.analoggamemuseum.org/api/media/21120>
<https://id.analoggamemuseum.org/api/items/5567>,<http://omeka.org/s/vocabs/o#media>,,<https://id.analoggamemuseum.org/api/media/21121>
<https://id.analoggamemuseum.org/api/items/5567>,<http://omeka.org/s/vocabs/o#media>,,<https://id.analoggamemuseum.org/api/media/21122>
<https://id.analoggamemuseum.org/api/items/5568>,<http://omeka.org/s/vocabs/o#media>,,<https://id.analoggamemuseum.org/api/media/21127>
<https://id.analoggamemuseum.org/api/items/5568>,<http://omeka.org/s/vocabs/o#media>,,<https://id.analoggamemuseum.org/api/media/21128>
<https://id.analoggamemuseum.org/api/items/5569>,<http://omeka.org/s/vocabs/o#media>,,<https://id.analoggamemuseum.org/api/media/21123>
<https://id.analoggamemuseum.org/api/items/5569>,<http://omeka.org/s/vocabs/o#media>,,<https://id.analoggamemuseum.org/api/media/21124>
<https://id.analoggamemuseum.org/api/items/5570>,<http://omeka.org/s/vocabs/o#media>,,<https://id.analoggamemuseum.org/api/media/21111>
<https://id.analoggamemuseum.org/api/items/5570>,<http://omeka.org/s/vocabs/o#media>,,<https://id.analoggamemuseum.org/api/media/21112>
<https://id.analoggamemuseum.org/api/items/5570>,<http://omeka.org/s/vocabs/o#media>,,<https://id.analoggamemuseum.org/api/media/21113>
<https://id.analoggamemuseum.org/api/items/5571>,<http://omeka.org/s/vocabs/o#media>,,<https://id.analoggamemuseum.org/api/media/21129>
<https://id.analoggamemuseum.org/api/items/5571>,<http://omeka.org/s/vocabs/o#media>,,<https://id.analoggamemuseum.org/api/media/21130>
<https://id.analoggamemuseum.org/api/items/5572>,<http://omeka.org/s/vocabs/o#media>,,<https://id.analoggamemuseum.org/api/media/21131>
<https://id.analoggamemuseum.org/api/items/5572>,<http://omeka.org/s/vocabs/o#media>,,<https://id.analoggamemuseum.org/api/media/21132>
<https://id.analoggamemuseum.org/api/items/5573>,<http://omeka.org/s/vocabs/o#media>,,<https://id.analoggamemuseum.org/api/media/21092>
<https://id.analoggamemuseum.org/api/items/5573>,<http://omeka.org/s/vocabs/o#media>,,<https://id.analoggamemuseum.org/api/media/21093>
<https://id.analoggamemuseum.org/api/items/5573>,<http://omeka.org/s/vocabs/o#media>,,<https://id.analoggamemuseum.org/api/media/21094>
<https://id.analoggamemuseum.org/api/items/5574>,<http://omeka.org/s/vocabs/o#media>,,<https://id.analoggamemuseum.org/api/media/21095>
<https://id.analoggamemuseum.org/api/items/5574>,<http://omeka.org/s/vocabs/o#media>,,<https://id.analoggamemuseum.org/api/media/21096>
<https://id.analoggamemuseum.org/api/items/5575>,<http://omeka.org/s/vocabs/o#media>,,<https://id.analoggamemuseum.org/api/media/21108>
<https://id.analoggamemuseum.org/api/items/5575>,<http://omeka.org/s/vocabs/o#media>,,<https://id.analoggamemuseum.org/api/media/21109>
<https://id.analoggamemuseum.org/api/items/5575>,<http://omeka.org/s/vocabs/o#media>,,<https://id.analoggamemuseum.org/api/media/21110>
<https://id.analoggamemuseum.org/api/items/5576>,<http://omeka.org/s/vocabs/o#media>,,<https://id.analoggamemuseum.org/api/media/21141>
<https://id.analoggamemuseum.org/api/items/5576>,<http://omeka.org/s/vocabs/o#media>,,<https://id.analoggamemuseum.org/api/media/21142>
<https://id.analoggamemuseum.org/api/items/5577>,<http://omeka.org/s/vocabs/o#media>,,<https://id.analoggamemuseum.org/api/media/21143>
<https://id.analoggamemuseum.org/api/items/5577>,<http://omeka.org/s/vocabs/o#media>,,<https://id.analoggamemuseum.org/api/media/21144>
<https://id.analoggamemuseum.org/api/items/5578>,<http://omeka.org/s/vocabs/o#media>,,<https://id.analoggamemuseum.org/api/media/21060>
<https://id.analoggamemuseum.org/api/items/5578>,<http://omeka.org/s/vocabs/o#media>,,<https://id.analoggamemuseum.org/api/media/21061>
<https://id.analoggamemuseum.org/api/items/5579>,<http://omeka.org/s/vocabs/o#media>,,<https://id.analoggamemuseum.org/api/media/21427>
<https://id.analoggamemuseum.org/api/items/5579>,<http://omeka.org/s/vocabs/o#media>,,<https://id.analoggamemuseum.org/api/media/21428>
<https://id.analoggamemuseum.org/api/items/5580>,<http://omeka.org/s/vocabs/o#media>,,<https://id.analoggamemuseum.org/api/media/21421>
<https://id.analoggamemuseum.org/api/items/5580>,<http://omeka.org/s/vocabs/o#media>,,<https://id.analoggamemuseum.org/api/media/21422>
<https://id.analoggamemuseum.org/api/items/5580>,<http://omeka.org/s/vocabs/o#media>,,<https://id.analoggamemuseum.org/api/media/21423>
<https://id.analoggamemuseum.org/api/items/5581>,<http://omeka.org/s/vocabs/o#media>,,<https://id.analoggamemuseum.org/api/media/21418>
<https://id.analoggamemuseum.org/api/items/5581>,<http://omeka.org/s/vocabs/o#media>,,<https://id.analoggamemuseum.org/api/media/21419>
<https://id.analoggamemuseum.org/api/items/5581>,<http://omeka.org/s/vocabs/o#media>,,<https://id.analoggamemuseum.org/api/media/21420>
<https://id.analoggamemuseum.org/api/items/5582>,<http://omeka.org/s/vocabs/o#media>,,<https://id.analoggamemuseum.org/api/media/21415>
<https://id.analoggamemuseum.org/api/items/5582>,<http://omeka.org/s/vocabs/o#media>,,<https://id.analoggamemuseum.org/api/media/21416>
<https://id.analoggamemuseum.org/api/items/5582>,<http://omeka.org/s/vocabs/o#media>,,<https://id.analoggamemuseum.org/api/media/21417>
<https://id.analoggamemuseum.org/api/items/5583>,<http://omeka.org/s/vocabs/o#media>,,<https://id.analoggamemuseum.org/api/media/21412>
<https://id.analoggamemuseum.org/api/items/5583>,<http://omeka.org/s/vocabs/o#media>,,<https://id.analoggamemuseum.org/api/media/21413>
<https://id.analoggamemuseum.org/api/items/5583>,<http://omeka.org/s/vocabs/o#media>,,<https://id.analoggamemuseum.org/api/media/21414>
<https://id.analoggamemuseum.org/api/items/5584>,<http://omeka.org/s/vocabs/o#media>,,<https://id.analoggamemuseum.org/api/media/21409>
<https://id.analoggamemuseum.org/api/items/5584>,<http://omeka.org/s/vocabs/o#media>,,<https://id.analoggamemuseum.org/api/media/21410>
<https://id.analoggamemuseum.org/api/items/5584>,<http://omeka.org/s/vocabs/o#media>,,<https://id.analoggamemuseum.org/api/media/21411>
<https://id.analoggamemuseum.org/api/items/5585>,<http://omeka.org/s/vocabs/o#media>,,<https://id.analoggamemuseum.org/api/media/21406>
<https://id.analoggamemuseum.org/api/items/5585>,<http://omeka.org/s/vocabs/o#media>,,<https://id.analoggamemuseum.org/api/media/21407>
<https://id.analoggamemuseum.org/api/items/5585>,<http://omeka.org/s/vocabs/o#media>,,<https://id.analoggamemuseum.org/api/media/21408>
<https://id.analoggamemuseum.org/api/items/5586>,<http://omeka.org/s/vocabs/o#media>,,<https://id.analoggamemuseum.org/api/media/21254>
<https://id.analoggamemuseum.org/api/items/5586>,<http://omeka.org/s/vocabs/o#media>,,<https://id.analoggamemuseum.org/api/media/21255>
<https://id.analoggamemuseum.org/api/items/5587>,<http://omeka.org/s/vocabs/o#media>,,<https://id.analoggamemuseum.org/api/media/21252>
<https://id.analoggamemuseum.org/api/items/5587>,<http://omeka.org/s/vocabs/o#media>,,<https://id.analoggamemuseum.org/api/media/21253>
<https://id.analoggamemuseum.org/api/items/5588>,<http://omeka.org/s/vocabs/o#media>,,<https://id.analoggamemuseum.org/api/media/21256>
<https://id.analoggamemuseum.org/api/items/5588>,<http://omeka.org/s/vocabs/o#media>,,<https://id.analoggamemuseum.org/api/media/21257>
<https://id.analoggamemuseum.org/api/items/5588>,<http://omeka.org/s/vocabs/o#media>,,<https://id.analoggamemuseum.org/api/media/21258>
<https://id.analoggamemuseum.org/api/items/5589>,<http://omeka.org/s/vocabs/o#media>,,<https://id.analoggamemuseum.org/api/media/21056>
<https://id.analoggamemuseum.org/api/items/5589>,<http://omeka.org/s/vocabs/o#media>,,<https://id.analoggamemuseum.org/api/media/21057>
<https://id.analoggamemuseum.org/api/items/5590>,<http://omeka.org/s/vocabs/o#media>,,<https://id.analoggamemuseum.org/api/media/21058>
<https://id.analoggamemuseum.org/api/items/5590>,<http://omeka.org/s/vocabs/o#media>,,<https://id.analoggamemuseum.org/api/media/21059>
<https://id.analoggamemuseum.org/api/items/5591>,<http://omeka.org/s/vocabs/o#media>,,<https://id.analoggamemuseum.org/api/media/21062>
<https://id.analoggamemuseum.org/api/items/5591>,<http://omeka.org/s/vocabs/o#media>,,<https://id.analoggamemuseum.org/api/media/21063>
<https://id.analoggamemuseum.org/api/items/5592>,<http://omeka.org/s/vocabs/o#media>,,<https://id.analoggamemuseum.org/api/media/21064>
<https://id.analoggamemuseum.org/api/items/5592>,<http://omeka.org/s/vocabs/o#media>,,<https://id.analoggamemuseum.org/api/media/21065>
<https://id.analoggamemuseum.org/api/items/5593>,<http://omeka.org/s/vocabs/o#media>,,<https://id.analoggamemuseum.org/api/media/21066>
<https://id.analoggamemuseum.org/api/items/5593>,<http://omeka.org/s/vocabs/o#media>,,<https://id.analoggamemuseum.org/api/media/21067>
<https://id.analoggamemuseum.org/api/items/5594>,<http://omeka.org/s/vocabs/o#media>,,<https://id.analoggamemuseum.org/api/media/21246>
<https://id.analoggamemuseum.org/api/items/5594>,<http://omeka.org/s/vocabs/o#media>,,<https://id.analoggamemuseum.org/api/media/21247>
<https://id.analoggamemuseum.org/api/items/5595>,<http://omeka.org/s/vocabs/o#media>,,<https://id.analoggamemuseum.org/api/media/21248>
<https://id.analoggamemuseum.org/api/items/5595>,<http://omeka.org/s/vocabs/o#media>,,<https://id.analoggamemuseum.org/api/media/21249>
<https://id.analoggamemuseum.org/api/items/5596>,<http://omeka.org/s/vocabs/o#media>,,<https://id.analoggamemuseum.org/api/media/21250>
<https://id.analoggamemuseum.org/api/items/5596>,<http://omeka.org/s/vocabs/o#media>,,<https://id.analoggamemuseum.org/api/media/21251>
<https://id.analoggamemuseum.org/api/items/5597>,<http://omeka.org/s/vocabs/o#media>,,<https://id.analoggamemuseum.org/api/media/21050>
<https://id.analoggamemuseum.org/api/items/5597>,<http://omeka.org/s/vocabs/o#media>,,<https://id.analoggamemuseum.org/api/media/21051>
<https://id.analoggamemuseum.org/api/items/5598>,<http://omeka.org/s/vocabs/o#media>,,<https://id.analoggamemuseum.org/api/media/21404>
<https://id.analoggamemuseum.org/api/items/5598>,<http://omeka.org/s/vocabs/o#media>,,<https://id.analoggamemuseum.org/api/media/21405>
<https://id.analoggamemuseum.org/api/items/5600>,<http://omeka.org/s/vocabs/o#media>,,<https://id.analoggamemuseum.org/api/media/21210>
<https://id.analoggamemuseum.org/api/items/5600>,<http://omeka.org/s/vocabs/o#media>,,<https://id.analoggamemuseum.org/api/media/21211>
<https://id.analoggamemuseum.org/api/items/5600>,<http://omeka.org/s/vocabs/o#media>,,<https://id.analoggamemuseum.org/api/media/21212>
<https://id.analoggamemuseum.org/api/items/5601>,<http://omeka.org/s/vocabs/o#media>,,<https://id.analoggamemuseum.org/api/media/21208>
<https://id.analoggamemuseum.org/api/items/5601>,<http://omeka.org/s/vocabs/o#media>,,<https://id.analoggamemuseum.org/api/media/21209>
<https://id.analoggamemuseum.org/api/items/5602>,<http://omeka.org/s/vocabs/o#media>,,<https://id.analoggamemuseum.org/api/media/21224>
<https://id.analoggamemuseum.org/api/items/5602>,<http://omeka.org/s/vocabs/o#media>,,<https://id.analoggamemuseum.org/api/media/21225>
<https://id.analoggamemuseum.org/api/items/5603>,<http://omeka.org/s/vocabs/o#media>,,<https://id.analoggamemuseum.org/api/media/21213>
<https://id.analoggamemuseum.org/api/items/5603>,<http://omeka.org/s/vocabs/o#media>,,<https://id.analoggamemuseum.org/api/media/21214>
<https://id.analoggamemuseum.org/api/items/5604>,<http://omeka.org/s/vocabs/o#media>,,<https://id.analoggamemuseum.org/api/media/21215>
<https://id.analoggamemuseum.org/api/items/5604>,<http://omeka.org/s/vocabs/o#media>,,<https://id.analoggamemuseum.org/api/media/21216>
<https://id.analoggamemuseum.org/api/items/5605>,<http://omeka.org/s/vocabs/o#media>,,<https://id.analoggamemuseum.org/api/media/21217>
<https://id.analoggamemuseum.org/api/items/5605>,<http://omeka.org/s/vocabs/o#media>,,<https://id.analoggamemuseum.org/api/media/21218>
<https://id.analoggamemuseum.org/api/items/5606>,<http://omeka.org/s/vocabs/o#media>,,<https://id.analoggamemuseum.org/api/media/21219>
<https://id.analoggamemuseum.org/api/items/5606>,<http://omeka.org/s/vocabs/o#media>,,<https://id.analoggamemuseum.org/api/media/21220>
<https://id.analoggamemuseum.org/api/items/5606>,<http://omeka.org/s/vocabs/o#media>,,<https://id.analoggamemuseum.org/api/media/21221>
<https://id.analoggamemuseum.org/api/items/5607>,<http://omeka.org/s/vocabs/o#media>,,<https://id.analoggamemuseum.org/api/media/21222>
<https://id.analoggamemuseum.org/api/items/5607>,<http://omeka.org/s/vocabs/o#media>,,<https://id.analoggamemuseum.org/api/media/21223>
<https://id.analoggamemuseum.org/api/items/5608>,<http://omeka.org/s/vocabs/o#media>,,<https://id.analoggamemuseum.org/api/media/21226>
<https://id.analoggamemuseum.org/api/items/5608>,<http://omeka.org/s/vocabs/o#media>,,<https://id.analoggamemuseum.org/api/media/21227>
<https://id.analoggamemuseum.org/api/items/5609>,<http://omeka.org/s/vocabs/o#media>,,<https://id.analoggamemuseum.org/api/media/21228>
<https://id.analoggamemuseum.org/api/items/5609>,<http://omeka.org/s/vocabs/o#media>,,<https://id.analoggamemuseum.org/api/media/21229>
<https://id.analoggamemuseum.org/api/items/5610>,<http://omeka.org/s/vocabs/o#media>,,<https://id.analoggamemuseum.org/api/media/21230>
<https://id.analoggamemuseum.org/api/items/5610>,<http://omeka.org/s/vocabs/o#media>,,<https://id.analoggamemuseum.org/api/media/21231>
<https://id.analoggamemuseum.org/api/items/5611>,<http://omeka.org/s/vocabs/o#media>,,<https://id.analoggamemuseum.org/api/media/21232>
<https://id.analoggamemuseum.org/api/items/5611>,<http://omeka.org/s/vocabs/o#media>,,<https://id.analoggamemuseum.org/api/media/21233>
<https://id.analoggamemuseum.org/api/items/5612>,<http://omeka.org/s/vocabs/o#media>,,<https://id.analoggamemuseum.org/api/media/21236>
<https://id.analoggamemuseum.org/api/items/5612>,<http://omeka.org/s/vocabs/o#media>,,<https://id.analoggamemuseum.org/api/media/21237>
<https://id.analoggamemuseum.org/api/items/5612>,<http://omeka.org/s/vocabs/o#media>,,<https://id.analoggamemuseum.org/api/media/21238>
<https://id.analoggamemuseum.org/api/items/5613>,<http://omeka.org/s/vocabs/o#media>,,<https://id.analoggamemuseum.org/api/media/21234>
<https://id.analoggamemuseum.org/api/items/5613>,<http://omeka.org/s/vocabs/o#media>,,<https://id.analoggamemuseum.org/api/media/21235>
<https://id.analoggamemuseum.org/api/items/5614>,<http://omeka.org/s/vocabs/o#media>,,<https://id.analoggamemuseum.org/api/media/21239>
<https://id.analoggamemuseum.org/api/items/5614>,<http://omeka.org/s/vocabs/o#media>,,<https://id.analoggamemuseum.org/api/media/21240>
<https://id.analoggamemuseum.org/api/items/5614>,<http://omeka.org/s/vocabs/o#media>,,<https://id.analoggamemuseum.org/api/media/21241>
<https://id.analoggamemuseum.org/api/items/5615>,<http://omeka.org/s/vocabs/o#media>,,<https://id.analoggamemuseum.org/api/media/21171>
<https://id.analoggamemuseum.org/api/items/5615>,<http://omeka.org/s/vocabs/o#media>,,<https://id.analoggamemuseum.org/api/media/21172>
<https://id.analoggamemuseum.org/api/items/5616>,<http://omeka.org/s/vocabs/o#media>,,<https://id.analoggamemuseum.org/api/media/21173>
<https://id.analoggamemuseum.org/api/items/5616>,<http://omeka.org/s/vocabs/o#media>,,<https://id.analoggamemuseum.org/api/media/21174>
<https://id.analoggamemuseum.org/api/items/5616>,<http://omeka.org/s/vocabs/o#media>,,<https://id.analoggamemuseum.org/api/media/21175>
<https://id.analoggamemuseum.org/api/items/5617>,<http://omeka.org/s/vocabs/o#media>,,<https://id.analoggamemuseum.org/api/media/21176>
<https://id.analoggamemuseum.org/api/items/5617>,<http://omeka.org/s/vocabs/o#media>,,<https://id.analoggamemuseum.org/api/media/21177>
<https://id.analoggamemuseum.org/api/items/5618>,<http://omeka.org/s/vocabs/o#media>,,<https://id.analoggamemuseum.org/api/media/21178>
<https://id.analoggamemuseum.org/api/items/5618>,<http://omeka.org/s/vocabs/o#media>,,<https://id.analoggamemuseum.org/api/media/21179>
<https://id.analoggamemuseum.org/api/items/5619>,<http://omeka.org/s/vocabs/o#media>,,<https://id.analoggamemuseum.org/api/media/21182>
<https://id.analoggamemuseum.org/api/items/5619>,<http://omeka.org/s/vocabs/o#media>,,<https://id.analoggamemuseum.org/api/media/21183>
<https://id.analoggamemuseum.org/api/items/5620>,<http://omeka.org/s/vocabs/o#media>,,<https://id.analoggamemuseum.org/api/media/21184>
<https://id.analoggamemuseum.org/api/items/5620>,<http://omeka.org/s/vocabs/o#media>,,<https://id.analoggamemuseum.org/api/media/21185>
<https://id.analoggamemuseum.org/api/items/5620>,<http://omeka.org/s/vocabs/o#media>,,<https://id.analoggamemuseum.org/api/media/21186>
<https://id.analoggamemuseum.org/api/items/5621>,<http://omeka.org/s/vocabs/o#media>,,<https://id.analoggamemuseum.org/api/media/21187>
<https://id.analoggamemuseum.org/api/items/5621>,<http://omeka.org/s/vocabs/o#media>,,<https://id.analoggamemuseum.org/api/media/21188>
<https://id.analoggamemuseum.org/api/items/5621>,<http://omeka.org/s/vocabs/o#media>,,<https://id.analoggamemuseum.org/api/media/21189>
<https://id.analoggamemuseum.org/api/items/5622>,<http://omeka.org/s/vocabs/o#media>,,<https://id.analoggamemuseum.org/api/media/21190>
<https://id.analoggamemuseum.org/api/items/5622>,<http://omeka.org/s/vocabs/o#media>,,<https://id.analoggamemuseum.org/api/media/21191>
<https://id.analoggamemuseum.org/api/items/5622>,<http://omeka.org/s/vocabs/o#media>,,<https://id.analoggamemuseum.org/api/media/21192>
<https://id.analoggamemuseum.org/api/items/5623>,<http://omeka.org/s/vocabs/o#media>,,<https://id.analoggamemuseum.org/api/media/21281>
<https://id.analoggamemuseum.org/api/items/5623>,<http://omeka.org/s/vocabs/o#media>,,<https://id.analoggamemuseum.org/api/media/21282>
<https://id.analoggamemuseum.org/api/items/5624>,<http://omeka.org/s/vocabs/o#media>,,<https://id.analoggamemuseum.org/api/media/21167>
<https://id.analoggamemuseum.org/api/items/5624>,<http://omeka.org/s/vocabs/o#media>,,<https://id.analoggamemuseum.org/api/media/21168>
<https://id.analoggamemuseum.org/api/items/5625>,<http://omeka.org/s/vocabs/o#media>,,<https://id.analoggamemuseum.org/api/media/21149>
<https://id.analoggamemuseum.org/api/items/5625>,<http://omeka.org/s/vocabs/o#media>,,<https://id.analoggamemuseum.org/api/media/21150>
<https://id.analoggamemuseum.org/api/items/5626>,<http://omeka.org/s/vocabs/o#media>,,<https://id.analoggamemuseum.org/api/media/21429>
<https://id.analoggamemuseum.org/api/items/5626>,<http://omeka.org/s/vocabs/o#media>,,<https://id.analoggamemuseum.org/api/media/21430>
<https://id.analoggamemuseum.org/api/items/5627>,<http://omeka.org/s/vocabs/o#media>,,<https://id.analoggamemuseum.org/api/media/21285>
<https://id.analoggamemuseum.org/api/items/5627>,<http://omeka.org/s/vocabs/o#media>,,<https://id.analoggamemuseum.org/api/media/21286>
<https://id.analoggamemuseum.org/api/items/5628>,<http://omeka.org/s/vocabs/o#media>,,<https://id.analoggamemuseum.org/api/media/21431>
<https://id.analoggamemuseum.org/api/items/5628>,<http://omeka.org/s/vocabs/o#media>,,<https://id.analoggamemuseum.org/api/media/21432>
<https://id.analoggamemuseum.org/api/items/5629>,<http://omeka.org/s/vocabs/o#media>,,<https://id.analoggamemuseum.org/api/media/21153>
<https://id.analoggamemuseum.org/api/items/5629>,<http://omeka.org/s/vocabs/o#media>,,<https://id.analoggamemuseum.org/api/media/21154>
<https://id.analoggamemuseum.org/api/items/5630>,<http://omeka.org/s/vocabs/o#media>,,<https://id.analoggamemuseum.org/api/media/21145>
<https://id.analoggamemuseum.org/api/items/5630>,<http://omeka.org/s/vocabs/o#media>,,<https://id.analoggamemuseum.org/api/media/21146>
<https://id.analoggamemuseum.org/api/items/5631>,<http://omeka.org/s/vocabs/o#media>,,<https://id.analoggamemuseum.org/api/media/21283>
<https://id.analoggamemuseum.org/api/items/5631>,<http://omeka.org/s/vocabs/o#media>,,<https://id.analoggamemuseum.org/api/media/21284>
<https://id.analoggamemuseum.org/api/items/5632>,<http://omeka.org/s/vocabs/o#media>,,<https://id.analoggamemuseum.org/api/media/21433>
<https://id.analoggamemuseum.org/api/items/5632>,<http://omeka.org/s/vocabs/o#media>,,<https://id.analoggamemuseum.org/api/media/21434>
<https://id.analoggamemuseum.org/api/items/5633>,<http://omeka.org/s/vocabs/o#media>,,<https://id.analoggamemuseum.org/api/media/21151>
<https://id.analoggamemuseum.org/api/items/5633>,<http://omeka.org/s/vocabs/o#media>,,<https://id.analoggamemuseum.org/api/media/21152>
<https://id.analoggamemuseum.org/api/items/5634>,<http://omeka.org/s/vocabs/o#media>,,<https://id.analoggamemuseum.org/api/media/21155>
<https://id.analoggamemuseum.org/api/items/5634>,<http://omeka.org/s/vocabs/o#media>,,<https://id.analoggamemuseum.org/api/media/21156>
<https://id.analoggamemuseum.org/api/items/5635>,<http://omeka.org/s/vocabs/o#media>,,<https://id.analoggamemuseum.org/api/media/21287>
<https://id.analoggamemuseum.org/api/items/5635>,<http://omeka.org/s/vocabs/o#media>,,<https://id.analoggamemuseum.org/api/media/21288>
<https://id.analoggamemuseum.org/api/items/5636>,<http://omeka.org/s/vocabs/o#media>,,<https://id.analoggamemuseum.org/api/media/21164>
<https://id.analoggamemuseum.org/api/items/5636>,<http://omeka.org/s/vocabs/o#media>,,<https://id.analoggamemuseum.org/api/media/21165>
<https://id.analoggamemuseum.org/api/items/5636>,<http://omeka.org/s/vocabs/o#media>,,<https://id.analoggamemuseum.org/api/media/21166>
<https://id.analoggamemuseum.org/api/items/5637>,<http://omeka.org/s/vocabs/o#media>,,<https://id.analoggamemuseum.org/api/media/21291>
<https://id.analoggamemuseum.org/api/items/5637>,<http://omeka.org/s/vocabs/o#media>,,<https://id.analoggamemuseum.org/api/media/21292>
<https://id.analoggamemuseum.org/api/items/5637>,<http://omeka.org/s/vocabs/o#media>,,<https://id.analoggamemuseum.org/api/media/21293>
<https://id.analoggamemuseum.org/api/items/5638>,<http://omeka.org/s/vocabs/o#media>,,<https://id.analoggamemuseum.org/api/media/21193>
<https://id.analoggamemuseum.org/api/items/5638>,<http://omeka.org/s/vocabs/o#media>,,<https://id.analoggamemuseum.org/api/media/21194>
<https://id.analoggamemuseum.org/api/items/5638>,<http://omeka.org/s/vocabs/o#media>,,<https://id.analoggamemuseum.org/api/media/21195>
<https://id.analoggamemuseum.org/api/items/5639>,<http://omeka.org/s/vocabs/o#media>,,<https://id.analoggamemuseum.org/api/media/21198>
<https://id.analoggamemuseum.org/api/items/5639>,<http://omeka.org/s/vocabs/o#media>,,<https://id.analoggamemuseum.org/api/media/21199>
<https://id.analoggamemuseum.org/api/items/5640>,<http://omeka.org/s/vocabs/o#media>,,<https://id.analoggamemuseum.org/api/media/21289>
<https://id.analoggamemuseum.org/api/items/5640>,<http://omeka.org/s/vocabs/o#media>,,<https://id.analoggamemuseum.org/api/media/21290>
<https://id.analoggamemuseum.org/api/items/5641>,<http://omeka.org/s/vocabs/o#media>,,<https://id.analoggamemuseum.org/api/media/21200>
<https://id.analoggamemuseum.org/api/items/5641>,<http://omeka.org/s/vocabs/o#media>,,<https://id.analoggamemuseum.org/api/media/21201>
<https://id.analoggamemuseum.org/api/items/5642>,<http://omeka.org/s/vocabs/o#media>,,<https://id.analoggamemuseum.org/api/media/21202>
<https://id.analoggamemuseum.org/api/items/5642>,<http://omeka.org/s/vocabs/o#media>,,<https://id.analoggamemuseum.org/api/media/21203>
<https://id.analoggamemuseum.org/api/items/5643>,<http://omeka.org/s/vocabs/o#media>,,<https://id.analoggamemuseum.org/api/media/21204>
<https://id.analoggamemuseum.org/api/items/5643>,<http://omeka.org/s/vocabs/o#media>,,<https://id.analoggamemuseum.org/api/media/21205>
<https://id.analoggamemuseum.org/api/items/5644>,<http://omeka.org/s/vocabs/o#media>,,<https://id.analoggamemuseum.org/api/media/21180>
<https://id.analoggamemuseum.org/api/items/5644>,<http://omeka.org/s/vocabs/o#media>,,<https://id.analoggamemuseum.org/api/media/21181>
<https://id.analoggamemuseum.org/api/items/5645>,<http://omeka.org/s/vocabs/o#media>,,<https://id.analoggamemuseum.org/api/media/21157>
<https://id.analoggamemuseum.org/api/items/5645>,<http://omeka.org/s/vocabs/o#media>,,<https://id.analoggamemuseum.org/api/media/21158>
<https://id.analoggamemuseum.org/api/items/5646>,<http://omeka.org/s/vocabs/o#media>,,<https://id.analoggamemuseum.org/api/media/21162>
<https://id.analoggamemuseum.org/api/items/5646>,<http://omeka.org/s/vocabs/o#media>,,<https://id.analoggamemuseum.org/api/media/21163>
<https://id.analoggamemuseum.org/api/items/5647>,<http://omeka.org/s/vocabs/o#media>,,<https://id.analoggamemuseum.org/api/media/21300>
<https://id.analoggamemuseum.org/api/items/5647>,<http://omeka.org/s/vocabs/o#media>,,<https://id.analoggamemuseum.org/api/media/21301>
<https://id.analoggamemuseum.org/api/items/5647>,<http://omeka.org/s/vocabs/o#media>,,<https://id.analoggamemuseum.org/api/media/21302>
<https://id.analoggamemuseum.org/api/items/5648>,<http://omeka.org/s/vocabs/o#media>,,<https://id.analoggamemuseum.org/api/media/21462>
<https://id.analoggamemuseum.org/api/items/5648>,<http://omeka.org/s/vocabs/o#media>,,<https://id.analoggamemuseum.org/api/media/21463>
<https://id.analoggamemuseum.org/api/items/5648>,<http://omeka.org/s/vocabs/o#media>,,<https://id.analoggamemuseum.org/api/media/21464>
<https://id.analoggamemuseum.org/api/items/5649>,<http://omeka.org/s/vocabs/o#media>,,<https://id.analoggamemuseum.org/api/media/21159>
<https://id.analoggamemuseum.org/api/items/5649>,<http://omeka.org/s/vocabs/o#media>,,<https://id.analoggamemuseum.org/api/media/21160>
<https://id.analoggamemuseum.org/api/items/5649>,<http://omeka.org/s/vocabs/o#media>,,<https://id.analoggamemuseum.org/api/media/21161>
<https://id.analoggamemuseum.org/api/items/5650>,<http://omeka.org/s/vocabs/o#media>,,<https://id.analoggamemuseum.org/api/media/21297>
<https://id.analoggamemuseum.org/api/items/5650>,<http://omeka.org/s/vocabs/o#media>,,<https://id.analoggamemuseum.org/api/media/21298>
<https://id.analoggamemuseum.org/api/items/5650>,<http://omeka.org/s/vocabs/o#media>,,<https://id.analoggamemuseum.org/api/media/21299>
<https://id.analoggamemuseum.org/api/items/5651>,<http://omeka.org/s/vocabs/o#media>,,<https://id.analoggamemuseum.org/api/media/21306>
<https://id.analoggamemuseum.org/api/items/5651>,<http://omeka.org/s/vocabs/o#media>,,<https://id.analoggamemuseum.org/api/media/21307>
<https://id.analoggamemuseum.org/api/items/5651>,<http://omeka.org/s/vocabs/o#media>,,<https://id.analoggamemuseum.org/api/media/21308>
<https://id.analoggamemuseum.org/api/items/5652>,<http://omeka.org/s/vocabs/o#media>,,<https://id.analoggamemuseum.org/api/media/21294>
<https://id.analoggamemuseum.org/api/items/5652>,<http://omeka.org/s/vocabs/o#media>,,<https://id.analoggamemuseum.org/api/media/21295>
<https://id.analoggamemuseum.org/api/items/5652>,<http://omeka.org/s/vocabs/o#media>,,<https://id.analoggamemuseum.org/api/media/21296>
<https://id.analoggamemuseum.org/api/items/5653>,<http://omeka.org/s/vocabs/o#media>,,<https://id.analoggamemuseum.org/api/media/21309>
<https://id.analoggamemuseum.org/api/items/5653>,<http://omeka.org/s/vocabs/o#media>,,<https://id.analoggamemuseum.org/api/media/21310>
<https://id.analoggamemuseum.org/api/items/5653>,<http://omeka.org/s/vocabs/o#media>,,<https://id.analoggamemuseum.org/api/media/21311>
<https://id.analoggamemuseum.org/api/items/5654>,<http://omeka.org/s/vocabs/o#media>,,<https://id.analoggamemuseum.org/api/media/21206>
<https://id.analoggamemuseum.org/api/items/5654>,<http://omeka.org/s/vocabs/o#media>,,<https://id.analoggamemuseum.org/api/media/21207>
<https://id.analoggamemuseum.org/api/items/5655>,<http://omeka.org/s/vocabs/o#media>,,<https://id.analoggamemuseum.org/api/media/21467>
<https://id.analoggamemuseum.org/api/items/5655>,<http://omeka.org/s/vocabs/o#media>,,<https://id.analoggamemuseum.org/api/media/21468>
<https://id.analoggamemuseum.org/api/items/5655>,<http://omeka.org/s/vocabs/o#media>,,<https://id.analoggamemuseum.org/api/media/21469>
<https://id.analoggamemuseum.org/api/items/5656>,<http://omeka.org/s/vocabs/o#media>,,<https://id.analoggamemuseum.org/api/media/21447>
<https://id.analoggamemuseum.org/api/items/5656>,<http://omeka.org/s/vocabs/o#media>,,<https://id.analoggamemuseum.org/api/media/21448>
<https://id.analoggamemuseum.org/api/items/5656>,<http://omeka.org/s/vocabs/o#media>,,<https://id.analoggamemuseum.org/api/media/21449>
<https://id.analoggamemuseum.org/api/items/5657>,<http://omeka.org/s/vocabs/o#media>,,<https://id.analoggamemuseum.org/api/media/21244>
<https://id.analoggamemuseum.org/api/items/5657>,<http://omeka.org/s/vocabs/o#media>,,<https://id.analoggamemuseum.org/api/media/21245>
<https://id.analoggamemuseum.org/api/items/5658>,<http://omeka.org/s/vocabs/o#media>,,<https://id.analoggamemuseum.org/api/media/21303>
<https://id.analoggamemuseum.org/api/items/5658>,<http://omeka.org/s/vocabs/o#media>,,<https://id.analoggamemuseum.org/api/media/21304>
<https://id.analoggamemuseum.org/api/items/5658>,<http://omeka.org/s/vocabs/o#media>,,<https://id.analoggamemuseum.org/api/media/21305>
<https://id.analoggamemuseum.org/api/items/5659>,<http://omeka.org/s/vocabs/o#media>,,<https://id.analoggamemuseum.org/api/media/21465>
<https://id.analoggamemuseum.org/api/items/5659>,<http://omeka.org/s/vocabs/o#media>,,<https://id.analoggamemuseum.org/api/media/21466>
<https://id.analoggamemuseum.org/api/items/5660>,<http://omeka.org/s/vocabs/o#media>,,<https://id.analoggamemuseum.org/api/media/21470>
<https://id.analoggamemuseum.org/api/items/5660>,<http://omeka.org/s/vocabs/o#media>,,<https://id.analoggamemuseum.org/api/media/21471>
<https://id.analoggamemuseum.org/api/items/5661>,<http://omeka.org/s/vocabs/o#media>,,<https://id.analoggamemuseum.org/api/media/21315>
<https://id.analoggamemuseum.org/api/items/5661>,<http://omeka.org/s/vocabs/o#media>,,<https://id.analoggamemuseum.org/api/media/21316>
<https://id.analoggamemuseum.org/api/items/5661>,<http://omeka.org/s/vocabs/o#media>,,<https://id.analoggamemuseum.org/api/media/21317>
<https://id.analoggamemuseum.org/api/items/5662>,<http://omeka.org/s/vocabs/o#media>,,<https://id.analoggamemuseum.org/api/media/21472>
<https://id.analoggamemuseum.org/api/items/5662>,<http://omeka.org/s/vocabs/o#media>,,<https://id.analoggamemuseum.org/api/media/21473>
<https://id.analoggamemuseum.org/api/items/5662>,<http://omeka.org/s/vocabs/o#media>,,<https://id.analoggamemuseum.org/api/media/21474>
<https://id.analoggamemuseum.org/api/items/5663>,<http://omeka.org/s/vocabs/o#media>,,<https://id.analoggamemuseum.org/api/media/21443>
<https://id.analoggamemuseum.org/api/items/5663>,<http://omeka.org/s/vocabs/o#media>,,<https://id.analoggamemuseum.org/api/media/21444>
<https://id.analoggamemuseum.org/api/items/5664>,<http://omeka.org/s/vocabs/o#media>,,<https://id.analoggamemuseum.org/api/media/21445>
<https://id.analoggamemuseum.org/api/items/5664>,<http://omeka.org/s/vocabs/o#media>,,<https://id.analoggamemuseum.org/api/media/21446>
<https://id.analoggamemuseum.org/api/items/5665>,<http://omeka.org/s/vocabs/o#media>,,<https://id.analoggamemuseum.org/api/media/21440>
<https://id.analoggamemuseum.org/api/items/5665>,<http://omeka.org/s/vocabs/o#media>,,<https://id.analoggamemuseum.org/api/media/21441>
<https://id.analoggamemuseum.org/api/items/5665>,<http://omeka.org/s/vocabs/o#media>,,<https://id.analoggamemuseum.org/api/media/21442>
<https://id.analoggamemuseum.org/api/items/5666>,<http://omeka.org/s/vocabs/o#media>,,<https://id.analoggamemuseum.org/api/media/21450>
<https://id.analoggamemuseum.org/api/items/5666>,<http://omeka.org/s/vocabs/o#media>,,<https://id.analoggamemuseum.org/api/media/21451>
<https://id.analoggamemuseum.org/api/items/5667>,<http://omeka.org/s/vocabs/o#media>,,<https://id.analoggamemuseum.org/api/media/21455>
<https://id.analoggamemuseum.org/api/items/5667>,<http://omeka.org/s/vocabs/o#media>,,<https://id.analoggamemuseum.org/api/media/21456>
<https://id.analoggamemuseum.org/api/items/5668>,<http://omeka.org/s/vocabs/o#media>,,<https://id.analoggamemuseum.org/api/media/21452>
<https://id.analoggamemuseum.org/api/items/5668>,<http://omeka.org/s/vocabs/o#media>,,<https://id.analoggamemuseum.org/api/media/21453>
<https://id.analoggamemuseum.org/api/items/5668>,<http://omeka.org/s/vocabs/o#media>,,<https://id.analoggamemuseum.org/api/media/21454>
<https://id.analoggamemuseum.org/api/items/5669>,<http://omeka.org/s/vocabs/o#media>,,<https://id.analoggamemuseum.org/api/media/21435>
<https://id.analoggamemuseum.org/api/items/5669>,<http://omeka.org/s/vocabs/o#media>,,<https://id.analoggamemuseum.org/api/media/21436>
<https://id.analoggamemuseum.org/api/items/5669>,<http://omeka.org/s/vocabs/o#media>,,<https://id.analoggamemuseum.org/api/media/21437>
<https://id.analoggamemuseum.org/api/items/5670>,<http://omeka.org/s/vocabs/o#media>,,<https://id.analoggamemuseum.org/api/media/21438>
<https://id.analoggamemuseum.org/api/items/5670>,<http://omeka.org/s/vocabs/o#media>,,<https://id.analoggamemuseum.org/api/media/21439>
<https://id.analoggamemuseum.org/api/items/5671>,<http://omeka.org/s/vocabs/o#media>,,<https://id.analoggamemuseum.org/api/media/21457>
<https://id.analoggamemuseum.org/api/items/5671>,<http://omeka.org/s/vocabs/o#media>,,<https://id.analoggamemuseum.org/api/media/21458>
<https://id.analoggamemuseum.org/api/items/5671>,<http://omeka.org/s/vocabs/o#media>,,<https://id.analoggamemuseum.org/api/media/21459>
<https://id.analoggamemuseum.org/api/items/5672>,<http://omeka.org/s/vocabs/o#media>,,<https://id.analoggamemuseum.org/api/media/21278>
<https://id.analoggamemuseum.org/api/items/5672>,<http://omeka.org/s/vocabs/o#media>,,<https://id.analoggamemuseum.org/api/media/21279>
<https://id.analoggamemuseum.org/api/items/5672>,<http://omeka.org/s/vocabs/o#media>,,<https://id.analoggamemuseum.org/api/media/21280>
<https://id.analoggamemuseum.org/api/items/5673>,<http://omeka.org/s/vocabs/o#media>,,<https://id.analoggamemuseum.org/api/media/21276>
<https://id.analoggamemuseum.org/api/items/5673>,<http://omeka.org/s/vocabs/o#media>,,<https://id.analoggamemuseum.org/api/media/21277>
<https://id.analoggamemuseum.org/api/items/5674>,<http://omeka.org/s/vocabs/o#media>,,<https://id.analoggamemuseum.org/api/media/21274>
<https://id.analoggamemuseum.org/api/items/5674>,<http://omeka.org/s/vocabs/o#media>,,<https://id.analoggamemuseum.org/api/media/21275>
<https://id.analoggamemuseum.org/api/items/5675>,<http://omeka.org/s/vocabs/o#media>,,<https://id.analoggamemuseum.org/api/media/21272>
<https://id.analoggamemuseum.org/api/items/5675>,<http://omeka.org/s/vocabs/o#media>,,<https://id.analoggamemuseum.org/api/media/21273>
<https://id.analoggamemuseum.org/api/items/5676>,<http://omeka.org/s/vocabs/o#media>,,<https://id.analoggamemuseum.org/api/media/21270>
<https://id.analoggamemuseum.org/api/items/5676>,<http://omeka.org/s/vocabs/o#media>,,<https://id.analoggamemuseum.org/api/media/21271>
<https://id.analoggamemuseum.org/api/items/5677>,<http://omeka.org/s/vocabs/o#media>,,<https://id.analoggamemuseum.org/api/media/21268>
<https://id.analoggamemuseum.org/api/items/5677>,<http://omeka.org/s/vocabs/o#media>,,<https://id.analoggamemuseum.org/api/media/21269>
<https://id.analoggamemuseum.org/api/items/5678>,<http://omeka.org/s/vocabs/o#media>,,<https://id.analoggamemuseum.org/api/media/21264>
<https://id.analoggamemuseum.org/api/items/5678>,<http://omeka.org/s/vocabs/o#media>,,<https://id.analoggamemuseum.org/api/media/21265>
<https://id.analoggamemuseum.org/api/items/5679>,<http://omeka.org/s/vocabs/o#media>,,<https://id.analoggamemuseum.org/api/media/21266>
<https://id.analoggamemuseum.org/api/items/5679>,<http://omeka.org/s/vocabs/o#media>,,<https://id.analoggamemuseum.org/api/media/21267>
<https://id.analoggamemuseum.org/api/items/5680>,<http://omeka.org/s/vocabs/o#media>,,<https://id.analoggamemuseum.org/api/media/21261>
<https://id.analoggamemuseum.org/api/items/5680>,<http://omeka.org/s/vocabs/o#media>,,<https://id.analoggamemuseum.org/api/media/21262>
<https://id.analoggamemuseum.org/api/items/5680>,<http://omeka.org/s/vocabs/o#media>,,<https://id.analoggamemuseum.org/api/media/21263>
<https://id.analoggamemuseum.org/api/items/5681>,<http://omeka.org/s/vocabs/o#media>,,<https://id.analoggamemuseum.org/api/media/21424>
<https://id.analoggamemuseum.org/api/items/5681>,<http://omeka.org/s/vocabs/o#media>,,<https://id.analoggamemuseum.org/api/media/21425>
<https://id.analoggamemuseum.org/api/items/5681>,<http://omeka.org/s/vocabs/o#media>,,<https://id.analoggamemuseum.org/api/media/21426>
<https://id.analoggamemuseum.org/api/items/5682>,<http://omeka.org/s/vocabs/o#media>,,<https://id.analoggamemuseum.org/api/media/21259>
<https://id.analoggamemuseum.org/api/items/5682>,<http://omeka.org/s/vocabs/o#media>,,<https://id.analoggamemuseum.org/api/media/21260>
<https://id.analoggamemuseum.org/api/items/5683>,<http://omeka.org/s/vocabs/o#media>,,<https://id.analoggamemuseum.org/api/media/21312>
<https://id.analoggamemuseum.org/api/items/5683>,<http://omeka.org/s/vocabs/o#media>,,<https://id.analoggamemuseum.org/api/media/21313>
<https://id.analoggamemuseum.org/api/items/5683>,<http://omeka.org/s/vocabs/o#media>,,<https://id.analoggamemuseum.org/api/media/21314>
<https://id.analoggamemuseum.org/api/items/5692>,<http://omeka.org/s/vocabs/o#modified>,"""2026-01-08T18:24:31+00:00""^^<http://www.w3.org/2001/XMLSchema#dateTime>","""2026-02-15T03:34:56+00:00""^^<http://www.w3.org/2001/XMLSchema#dateTime>"
<https://id.analoggamemuseum.org/api/items/5692>,<http://omeka.org/s/vocabs/o#title>,"""A900""","""E138"""
<https://id.analoggamemuseum.org/api/items/5692>,<http://purl.org/dc/terms/title>,"""A900""","""E138"""
<https://id.analoggamemuseum.org/api/items/5692>,<https://www.analoggamemuseum.org/ontology/identifier>,"""A900""","""E138"""
<https://id.analoggamemuseum.org/api/items/5708>,<http://omeka.org/s/vocabs/o#modified>,"""2026-01-08T18:24:31+00:00""^^<http://www.w3.org/2001/XMLSchema#dateTime>","""2026-02-14T03:40:33+00:00""^^<http://www.w3.org/2001/XMLSchema#dateTime>"
<https://id.analoggamemuseum.org/api/items/5708>,<http://omeka.org/s/vocabs/o#title>,"""A958""","""E124"""
<https://id.analoggamemuseum.org/api/items/5708>,<http://purl.org/dc/terms/title>,"""A958""","""E124"""
<https://id.analoggamemuseum.org/api/items/5708>,<https://www.analoggamemuseum.org/ontology/identifier>,"""A958""","""E124"""
<https://id.analoggamemuseum.org/api/items/5763>,<http://omeka.org/s/vocabs/o#media>,,<https://id.analoggamemuseum.org/api/media/21318>
<https://id.analoggamemuseum.org/api/items/5763>,<http://omeka.org/s/vocabs/o#media>,,<https://id.analoggamemuseum.org/api/media/21319>
<https://id.analoggamemuseum.org/api/items/5764>,<http://omeka.org/s/vocabs/o#media>,,<https://id.analoggamemuseum.org/api/media/21339>
<https://id.analoggamemuseum.org/api/items/5764>,<http://omeka.org/s/vocabs/o#media>,,<https://id.analoggamemuseum.org/api/media/21340>
<https://id.analoggamemuseum.org/api/items/5765>,<http://omeka.org/s/vocabs/o#media>,,<https://id.analoggamemuseum.org/api/media/21343>
<https://id.analoggamemuseum.org/api/items/5765>,<http://omeka.org/s/vocabs/o#media>,,<https://id.analoggamemuseum.org/api/media/21344>
<https://id.analoggamemuseum.org/api/items/5765>,<http://omeka.org/s/vocabs/o#media>,,<https://id.analoggamemuseum.org/api/media/21345>
<https://id.analoggamemuseum.org/api/items/5766>,<http://omeka.org/s/vocabs/o#media>,,<https://id.analoggamemuseum.org/api/media/21346>
<https://id.analoggamemuseum.org/api/items/5766>,<http://omeka.org/s/vocabs/o#media>,,<https://id.analoggamemuseum.org/api/media/21347>
<https://id.analoggamemuseum.org/api/items/5766>,<http://omeka.org/s/vocabs/o#media>,,<https://id.analoggamemuseum.org/api/media/21348>
<https://id.analoggamemuseum.org/api/items/5767>,<http://omeka.org/s/vocabs/o#media>,,<https://id.analoggamemuseum.org/api/media/21366>
<https://id.analoggamemuseum.org/api/items/5767>,<http://omeka.org/s/vocabs/o#media>,,<https://id.analoggamemuseum.org/api/media/21367>
<https://id.analoggamemuseum.org/api/items/5768>,<http://omeka.org/s/vocabs/o#media>,,<https://id.analoggamemuseum.org/api/media/21368>
<https://id.analoggamemuseum.org/api/items/5768>,<http://omeka.org/s/vocabs/o#media>,,<https://id.analoggamemuseum.org/api/media/21369>
<https://id.analoggamemuseum.org/api/items/5769>,<http://omeka.org/s/vocabs/o#media>,,<https://id.analoggamemuseum.org/api/media/21333>
<https://id.analoggamemuseum.org/api/items/5769>,<http://omeka.org/s/vocabs/o#media>,,<https://id.analoggamemuseum.org/api/media/21334>
<https://id.analoggamemuseum.org/api/items/5770>,<http://omeka.org/s/vocabs/o#media>,,<https://id.analoggamemuseum.org/api/media/21341>
<https://id.analoggamemuseum.org/api/items/5770>,<http://omeka.org/s/vocabs/o#media>,,<https://id.analoggamemuseum.org/api/media/21342>
<https://id.analoggamemuseum.org/api/items/5771>,<http://omeka.org/s/vocabs/o#media>,,<https://id.analoggamemuseum.org/api/media/21349>
<https://id.analoggamemuseum.org/api/items/5771>,<http://omeka.org/s/vocabs/o#media>,,<https://id.analoggamemuseum.org/api/media/21350>
<https://id.analoggamemuseum.org/api/items/5772>,<http://omeka.org/s/vocabs/o#media>,,<https://id.analoggamemuseum.org/api/media/21353>
<https://id.analoggamemuseum.org/api/items/5772>,<http://omeka.org/s/vocabs/o#media>,,<https://id.analoggamemuseum.org/api/media/21354>
<https://id.analoggamemuseum.org/api/items/5773>,<http://omeka.org/s/vocabs/o#media>,,<https://id.analoggamemuseum.org/api/media/21328>
<https://id.analoggamemuseum.org/api/items/5773>,<http://omeka.org/s/vocabs/o#media>,,<https://id.analoggamemuseum.org/api/media/21329>
<https://id.analoggamemuseum.org/api/items/5773>,<http://omeka.org/s/vocabs/o#media>,,<https://id.analoggamemuseum.org/api/media/21330>
<https://id.analoggamemuseum.org/api/items/5774>,<http://omeka.org/s/vocabs/o#media>,,<https://id.analoggamemuseum.org/api/media/21331>
<https://id.analoggamemuseum.org/api/items/5774>,<http://omeka.org/s/vocabs/o#media>,,<https://id.analoggamemuseum.org/api/media/21332>
<https://id.analoggamemuseum.org/api/items/5775>,<http://omeka.org/s/vocabs/o#media>,,<https://id.analoggamemuseum.org/api/media/21335>
<https://id.analoggamemuseum.org/api/items/5775>,<http://omeka.org/s/vocabs/o#media>,,<https://id.analoggamemuseum.org/api/media/21336>
<https://id.analoggamemuseum.org/api/items/5776>,<http://omeka.org/s/vocabs/o#media>,,<https://id.analoggamemuseum.org/api/media/21337>
<https://id.analoggamemuseum.org/api/items/5776>,<http://omeka.org/s/vocabs/o#media>,,<https://id.analoggamemuseum.org/api/media/21338>
<https://id.analoggamemuseum.org/api/items/5777>,<http://omeka.org/s/vocabs/o#media>,,<https://id.analoggamemuseum.org/api/media/21351>
<https://id.analoggamemuseum.org/api/items/5777>,<http://omeka.org/s/vocabs/o#media>,,<https://id.analoggamemuseum.org/api/media/21352>
<https://id.analoggamemuseum.org/api/items/5780>,<http://omeka.org/s/vocabs/o#media>,,<https://id.analoggamemuseum.org/api/media/21326>
<https://id.analoggamemuseum.org/api/items/5780>,<http://omeka.org/s/vocabs/o#media>,,<https://id.analoggamemuseum.org/api/media/21327>
<https://id.analoggamemuseum.org/api/items/5781>,<http://omeka.org/s/vocabs/o#media>,,<https://id.analoggamemuseum.org/api/media/21359>
<https://id.analoggamemuseum.org/api/items/5781>,<http://omeka.org/s/vocabs/o#media>,,<https://id.analoggamemuseum.org/api/media/21360>
<https://id.analoggamemuseum.org/api/items/5781>,<http://omeka.org/s/vocabs/o#media>,,<https://id.analoggamemuseum.org/api/media/21361>
<https://id.analoggamemuseum.org/api/items/5782>,<http://omeka.org/s/vocabs/o#media>,,<https://id.analoggamemuseum.org/api/media/21324>
<https://id.analoggamemuseum.org/api/items/5782>,<http://omeka.org/s/vocabs/o#media>,,<https://id.analoggamemuseum.org/api/media/21325>
<https://id.analoggamemuseum.org/api/items/5783>,<http://omeka.org/s/vocabs/o#media>,,<https://id.analoggamemuseum.org/api/media/21322>
<https://id.analoggamemuseum.org/api/items/5783>,<http://omeka.org/s/vocabs/o#media>,,<https://id.analoggamemuseum.org/api/media/21323>
<https://id.analoggamemuseum.org/api/items/5784>,<http://omeka.org/s/vocabs/o#media>,,<https://id.analoggamemuseum.org/api/media/21320>
<https://id.analoggamemuseum.org/api/items/5784>,<http://omeka.org/s/vocabs/o#media>,,<https://id.analoggamemuseum.org/api/media/21321>
<https://id.analoggamemuseum.org/api/items/5785>,<http://omeka.org/s/vocabs/o#media>,,<https://id.analoggamemuseum.org/api/media/21386>
<https://id.analoggamemuseum.org/api/items/5785>,<http://omeka.org/s/vocabs/o#media>,,<https://id.analoggamemuseum.org/api/media/21387>
<https://id.analoggamemuseum.org/api/items/5785>,<http://omeka.org/s/vocabs/o#media>,,<https://id.analoggamemuseum.org/api/media/21388>
<https://id.analoggamemuseum.org/api/items/5786>,<http://omeka.org/s/vocabs/o#media>,,<https://id.analoggamemuseum.org/api/media/21364>
<https://id.analoggamemuseum.org/api/items/5786>,<http://omeka.org/s/vocabs/o#media>,,<https://id.analoggamemuseum.org/api/media/21365>
<https://id.analoggamemuseum.org/api/items/5787>,<http://omeka.org/s/vocabs/o#media>,,<https://id.analoggamemuseum.org/api/media/21362>
<https://id.analoggamemuseum.org/api/items/5787>,<http://omeka.org/s/vocabs/o#media>,,<https://id.analoggamemuseum.org/api/media/21363>
<https://id.analoggamemuseum.org/api/items/5804>,<http://omeka.org/s/vocabs/o#media>,,<https://id.analoggamemuseum.org/api/media/21487>
<https://id.analoggamemuseum.org/api/items/5804>,<http://omeka.org/s/vocabs/o#media>,,<https://id.analoggamemuseum.org/api/media/21488>
<https://id.analoggamemuseum.org/api/items/5805>,<http://omeka.org/s/vocabs/o#media>,,<https://id.analoggamemuseum.org/api/media/21496>
<https://id.analoggamemuseum.org/api/items/5805>,<http://omeka.org/s/vocabs/o#media>,,<https://id.analoggamemuseum.org/api/media/21497>
<https://id.analoggamemuseum.org/api/items/5806>,<http://omeka.org/s/vocabs/o#media>,,<https://id.analoggamemuseum.org/api/media/21489>
<https://id.analoggamemuseum.org/api/items/5806>,<http://omeka.org/s/vocabs/o#media>,,<https://id.analoggamemuseum.org/api/media/21490>
<https://id.analoggamemuseum.org/api/items/5807>,<http://omeka.org/s/vocabs/o#media>,,<https://id.analoggamemuseum.org/api/media/21494>
<https://id.analoggamemuseum.org/api/items/5807>,<http://omeka.org/s/vocabs/o#media>,,<https://id.analoggamemuseum.org/api/media/21495>
<https://id.analoggamemuseum.org/api/items/5808>,<http://omeka.org/s/vocabs/o#media>,,<https://id.analoggamemuseum.org/api/media/21479>
<https://id.analoggamemuseum.org/api/items/5808>,<http://omeka.org/s/vocabs/o#media>,,<https://id.analoggamemuseum.org/api/media/21480>
<https://id.analoggamemuseum.org/api/items/5809>,<http://omeka.org/s/vocabs/o#media>,,<https://id.analoggamemuseum.org/api/media/21501>
<https://id.analoggamemuseum.org/api/items/5809>,<http://omeka.org/s/vocabs/o#media>,,<https://id.analoggamemuseum.org/api/media/21502>
<https://id.analoggamemuseum.org/api/items/5810>,<http://omeka.org/s/vocabs/o#media>,,<https://id.analoggamemuseum.org/api/media/21491>
<https://id.analoggamemuseum.org/api/items/5810>,<http://omeka.org/s/vocabs/o#media>,,<https://id.analoggamemuseum.org/api/media/21492>
<https://id.analoggamemuseum.org/api/items/5810>,<http://omeka.org/s/vocabs/o#media>,,<https://id.analoggamemuseum.org/api/media/21493>
<https://id.analoggamemuseum.org/api/items/5811>,<http://omeka.org/s/vocabs/o#media>,,<https://id.analoggamemuseum.org/api/media/21485>
<https://id.analoggamemuseum.org/api/items/5811>,<http://omeka.org/s/vocabs/o#media>,,<https://id.analoggamemuseum.org/api/media/21486>
<https://id.analoggamemuseum.org/api/items/5812>,<http://omeka.org/s/vocabs/o#media>,,<https://id.analoggamemuseum.org/api/media/21483>
<https://id.analoggamemuseum.org/api/items/5812>,<http://omeka.org/s/vocabs/o#media>,,<https://id.analoggamemuseum.org/api/media/21484>
<https://id.analoggamemuseum.org/api/items/5813>,<http://omeka.org/s/vocabs/o#media>,,<https://id.analoggamemuseum.org/api/media/21475>
<https://id.analoggamemuseum.org/api/items/5813>,<http://omeka.org/s/vocabs/o#media>,,<https://id.analoggamemuseum.org/api/media/21476>
<https://id.analoggamemuseum.org/api/items/5814>,<http://omeka.org/s/vocabs/o#media>,,<https://id.analoggamemuseum.org/api/media/21481>
<https://id.analoggamemuseum.org/api/items/5814>,<http://omeka.org/s/vocabs/o#media>,,<https://id.analoggamemuseum.org/api/media/21482>
<https://id.analoggamemuseum.org/api/items/5820>,<http://omeka.org/s/vocabs/o#media>,,<https://id.analoggamemuseum.org/api/media/21521>
<https://id.analoggamemuseum.org/api/items/5820>,<http://omeka.org/s/vocabs/o#media>,,<https://id.analoggamemuseum.org/api/media/21522>
<https://id.analoggamemuseum.org/api/items/5821>,<http://omeka.org/s/vocabs/o#media>,,<https://id.analoggamemuseum.org/api/media/21503>
<https://id.analoggamemuseum.org/api/items/5821>,<http://omeka.org/s/vocabs/o#media>,,<https://id.analoggamemuseum.org/api/media/21504>
<https://id.analoggamemuseum.org/api/items/5822>,<http://omeka.org/s/vocabs/o#media>,,<https://id.analoggamemuseum.org/api/media/21505>
<https://id.analoggamemuseum.org/api/items/5822>,<http://omeka.org/s/vocabs/o#media>,,<https://id.analoggamemuseum.org/api/media/21506>
<https://id.analoggamemuseum.org/api/items/5823>,<http://omeka.org/s/vocabs/o#media>,,<https://id.analoggamemuseum.org/api/media/21477>
<https://id.analoggamemuseum.org/api/items/5823>,<http://omeka.org/s/vocabs/o#media>,,<https://id.analoggamemuseum.org/api/media/21478>
<https://id.analoggamemuseum.org/api/items/5827>,<http://omeka.org/s/vocabs/o#media>,,<https://id.analoggamemuseum.org/api/media/21460>
<https://id.analoggamemuseum.org/api/items/5827>,<http://omeka.org/s/vocabs/o#media>,,<https://id.analoggamemuseum.org/api/media/21461>
<https://id.analoggamemuseum.org/api/items/5829>,<http://omeka.org/s/vocabs/o#media>,,<https://id.analoggamemuseum.org/api/media/21355>
<https://id.analoggamemuseum.org/api/items/5829>,<http://omeka.org/s/vocabs/o#media>,,<https://id.analoggamemuseum.org/api/media/21356>
<https://id.analoggamemuseum.org/api/items/5830>,<http://omeka.org/s/vocabs/o#media>,,<https://id.analoggamemuseum.org/api/media/21357>
<https://id.analoggamemuseum.org/api/items/5830>,<http://omeka.org/s/vocabs/o#media>,,<https://id.analoggamemuseum.org/api/media/21358>
<https://id.analoggamemuseum.org/api/items/5832>,<http://omeka.org/s/vocabs/o#media>,,<https://id.analoggamemuseum.org/api/media/21374>
<https://id.analoggamemuseum.org/api/items/5832>,<http://omeka.org/s/vocabs/o#media>,,<https://id.analoggamemuseum.org/api/media/21375>
<https://id.analoggamemuseum.org/api/items/5832>,<http://omeka.org/s/vocabs/o#media>,,<https://id.analoggamemuseum.org/api/media/21376>
<https://id.analoggamemuseum.org/api/items/5833>,<http://omeka.org/s/vocabs/o#media>,,<https://id.analoggamemuseum.org/api/media/21372>
<https://id.analoggamemuseum.org/api/items/5833>,<http://omeka.org/s/vocabs/o#media>,,<https://id.analoggamemuseum.org/api/media/21373>
<https://id.analoggamemuseum.org/api/items/5834>,<http://omeka.org/s/vocabs/o#media>,,<https://id.analoggamemuseum.org/api/media/21370>
<https://id.analoggamemuseum.org/api/items/5834>,<http://omeka.org/s/vocabs/o#media>,,<https://id.analoggamemuseum.org/api/media/21371>
<https://id.analoggamemuseum.org/api/items/5835>,<http://omeka.org/s/vocabs/o#media>,,<https://id.analoggamemuseum.org/api/media/21512>
<https://id.analoggamemuseum.org/api/items/5835>,<http://omeka.org/s/vocabs/o#media>,,<https://id.analoggamemuseum.org/api/media/21513>
<https://id.analoggamemuseum.org/api/items/5835>,<http://omeka.org/s/vocabs/o#media>,,<https://id.analoggamemuseum.org/api/media/21514>
<https://id.analoggamemuseum.org/api/items/5836>,<http://omeka.org/s/vocabs/o#media>,,<https://id.analoggamemuseum.org/api/media/21510>
<https://id.analoggamemuseum.org/api/items/5836>,<http://omeka.org/s/vocabs/o#media>,,<https://id.analoggamemuseum.org/api/media/21511>
<https://id.analoggamemuseum.org/api/items/5837>,<http://omeka.org/s/vocabs/o#media>,,<https://id.analoggamemuseum.org/api/media/21507>
<https://id.analoggamemuseum.org/api/items/5837>,<http://omeka.org/s/vocabs/o#media>,,<https://id.analoggamemuseum.org/api/media/21508>
<https://id.analoggamemuseum.org/api/items/5837>,<http://omeka.org/s/vocabs/o#media>,,<https://id.analoggamemuseum.org/api/media/21509>
<https://id.analoggamemuseum.org/api/items/5838>,<http://omeka.org/s/vocabs/o#media>,,<https://id.analoggamemuseum.org/api/media/21394>
<https://id.analoggamemuseum.org/api/items/5838>,<http://omeka.org/s/vocabs/o#media>,,<https://id.analoggamemuseum.org/api/media/21395>
<https://id.analoggamemuseum.org/api/items/5839>,<http://omeka.org/s/vocabs/o#media>,,<https://id.analoggamemuseum.org/api/media/21391>
<https://id.analoggamemuseum.org/api/items/5839>,<http://omeka.org/s/vocabs/o#media>,,<https://id.analoggamemuseum.org/api/media/21392>
<https://id.analoggamemuseum.org/api/items/5839>,<http://omeka.org/s/vocabs/o#media>,,<https://id.analoggamemuseum.org/api/media/21393>
<https://id.analoggamemuseum.org/api/items/5840>,<http://omeka.org/s/vocabs/o#media>,,<https://id.analoggamemuseum.org/api/media/21389>
<https://id.analoggamemuseum.org/api/items/5840>,<http://omeka.org/s/vocabs/o#media>,,<https://id.analoggamemuseum.org/api/media/21390>
<https://id.analoggamemuseum.org/api/items/5841>,<http://omeka.org/s/vocabs/o#media>,,<https://id.analoggamemuseum.org/api/media/21384>
<https://id.analoggamemuseum.org/api/items/5841>,<http://omeka.org/s/vocabs/o#media>,,<https://id.analoggamemuseum.org/api/media/21385>
<https://id.analoggamemuseum.org/api/items/5842>,<http://omeka.org/s/vocabs/o#media>,,<https://id.analoggamemuseum.org/api/media/21381>
<https://id.analoggamemuseum.org/api/items/5842>,<http://omeka.org/s/vocabs/o#media>,,<https://id.analoggamemuseum.org/api/media/21382>
<https://id.analoggamemuseum.org/api/items/5842>,<http://omeka.org/s/vocabs/o#media>,,<https://id.analoggamemuseum.org/api/media/21383>
<https://id.analoggamemuseum.org/api/items/5843>,<http://omeka.org/s/vocabs/o#media>,,<https://id.analoggamemuseum.org/api/media/21379>
<https://id.analoggamemuseum.org/api/items/5843>,<http://omeka.org/s/vocabs/o#media>,,<https://id.analoggamemuseum.org/api/media/21380>
<https://id.analoggamemuseum.org/api/items/5844>,<http://omeka.org/s/vocabs/o#media>,,<https://id.analoggamemuseum.org/api/media/21401>
<https://id.analoggamemuseum.org/api/items/5844>,<http://omeka.org/s/vocabs/o#media>,,<https://id.analoggamemuseum.org/api/media/21402>
<https://id.analoggamemuseum.org/api/items/5844>,<http://omeka.org/s/vocabs/o#media>,,<https://id.analoggamemuseum.org/api/media/21403>
<https://id.analoggamemuseum.org/api/items/5845>,<http://omeka.org/s/vocabs/o#media>,,<https://id.analoggamemuseum.org/api/media/21542>
<https://id.analoggamemuseum.org/api/items/5845>,<http://omeka.org/s/vocabs/o#media>,,<https://id.analoggamemuseum.org/api/media/21543>
<https://id.analoggamemuseum.org/api/items/5846>,<http://omeka.org/s/vocabs/o#media>,,<https://id.analoggamemuseum.org/api/media/21544>
<https://id.analoggamemuseum.org/api/items/5846>,<http://omeka.org/s/vocabs/o#media>,,<https://id.analoggamemuseum.org/api/media/21545>
<https://id.analoggamemuseum.org/api/items/5847>,<http://omeka.org/s/vocabs/o#media>,,<https://id.analoggamemuseum.org/api/media/21548>
<https://id.analoggamemuseum.org/api/items/5847>,<http://omeka.org/s/vocabs/o#media>,,<https://id.analoggamemuseum.org/api/media/21549>
<https://id.analoggamemuseum.org/api/items/5847>,<http://omeka.org/s/vocabs/o#media>,,<https://id.analoggamemuseum.org/api/media/21550>
<https://id.analoggamemuseum.org/api/items/5848>,<http://omeka.org/s/vocabs/o#media>,,<https://id.analoggamemuseum.org/api/media/21539>
<https://id.analoggamemuseum.org/api/items/5848>,<http://omeka.org/s/vocabs/o#media>,,<https://id.analoggamemuseum.org/api/media/21540>
<https://id.analoggamemuseum.org/api/items/5848>,<http://omeka.org/s/vocabs/o#media>,,<https://id.analoggamemuseum.org/api/media/21541>
<https://id.analoggamemuseum.org/api/items/5849>,<http://omeka.org/s/vocabs/o#media>,,<https://id.analoggamemuseum.org/api/media/21531>
<https://id.analoggamemuseum.org/api/items/5849>,<http://omeka.org/s/vocabs/o#media>,,<https://id.analoggamemuseum.org/api/media/21532>
<https://id.analoggamemuseum.org/api/items/5849>,<http://omeka.org/s/vocabs/o#media>,,<https://id.analoggamemuseum.org/api/media/21533>
<https://id.analoggamemuseum.org/api/items/5850>,<http://omeka.org/s/vocabs/o#media>,,<https://id.analoggamemuseum.org/api/media/21537>
<https://id.analoggamemuseum.org/api/items/5850>,<http://omeka.org/s/vocabs/o#media>,,<https://id.analoggamemuseum.org/api/media/21538>
<https://id.analoggamemuseum.org/api/items/5851>,<http://omeka.org/s/vocabs/o#media>,,<https://id.analoggamemuseum.org/api/media/21534>
<https://id.analoggamemuseum.org/api/items/5851>,<http://omeka.org/s/vocabs/o#media>,,<https://id.analoggamemuseum.org/api/media/21535>
<https://id.analoggamemuseum.org/api/items/5851>,<http://omeka.org/s/vocabs/o#media>,,<https://id.analoggamemuseum.org/api/media/21536>
<https://id.analoggamemuseum.org/api/items/5852>,<http://omeka.org/s/vocabs/o#media>,,<https://id.analoggamemuseum.org/api/media/21519>
<https://id.analoggamemuseum.org/api/items/5852>,<http://omeka.org/s/vocabs/o#media>,,<https://id.analoggamemuseum.org/api/media/21520>
<https://id.analoggamemuseum.org/api/items/5853>,<http://omeka.org/s/vocabs/o#media>,,<https://id.analoggamemuseum.org/api/media/21551>
<https://id.analoggamemuseum.org/api/items/5853>,<http://omeka.org/s/vocabs/o#media>,,<https://id.analoggamemuseum.org/api/media/21552>
<https://id.analoggamemuseum.org/api/items/5853>,<http://omeka.org/s/vocabs/o#media>,,<https://id.analoggamemuseum.org/api/media/21553>
<https://id.analoggamemuseum.org/api/items/5854>,<http://omeka.org/s/vocabs/o#media>,,<https://id.analoggamemuseum.org/api/media/21554>
<https://id.analoggamemuseum.org/api/items/5854>,<http://omeka.org/s/vocabs/o#media>,,<https://id.analoggamemuseum.org/api/media/21555>
<https://id.analoggamemuseum.org/api/items/5855>,<http://omeka.org/s/vocabs/o#media>,,<https://id.analoggamemuseum.org/api/media/21528>
<https://id.analoggamemuseum.org/api/items/5855>,<http://omeka.org/s/vocabs/o#media>,,<https://id.analoggamemuseum.org/api/media/21529>
<https://id.analoggamemuseum.org/api/items/5855>,<http://omeka.org/s/vocabs/o#media>,,<https://id.analoggamemuseum.org/api/media/21530>
<https://id.analoggamemuseum.org/api/items/5856>,<http://omeka.org/s/vocabs/o#media>,,<https://id.analoggamemuseum.org/api/media/21525>
<https://id.analoggamemuseum.org/api/items/5856>,<http://omeka.org/s/vocabs/o#media>,,<https://id.analoggamemuseum.org/api/media/21526>
<https://id.analoggamemuseum.org/api/items/5856>,<http://omeka.org/s/vocabs/o#media>,,<https://id.analoggamemuseum.org/api/media/21527>
<https://id.analoggamemuseum.org/api/items/5857>,<http://omeka.org/s/vocabs/o#media>,,<https://id.analoggamemuseum.org/api/media/21517>
<https://id.analoggamemuseum.org/api/items/5857>,<http://omeka.org/s/vocabs/o#media>,,<https://id.analoggamemuseum.org/api/media/21518>
<https://id.analoggamemuseum.org/api/items/5858>,<http://omeka.org/s/vocabs/o#media>,,<https://id.analoggamemuseum.org/api/media/21546>
<https://id.analoggamemuseum.org/api/items/5858>,<http://omeka.org/s/vocabs/o#media>,,<https://id.analoggamemuseum.org/api/media/21547>
<https://id.analoggamemuseum.org/api/items/5859>,<http://omeka.org/s/vocabs/o#media>,,<https://id.analoggamemuseum.org/api/media/21515>
<https://id.analoggamemuseum.org/api/items/5859>,<http://omeka.org/s/vocabs/o#media>,,<https://id.analoggamemuseum.org/api/media/21516>
<https://id.analoggamemuseum.org/api/items/5863>,<http://omeka.org/s/vocabs/o#media>,,<https://id.analoggamemuseum.org/api/media/21523>
<https://id.analoggamemuseum.org/api/items/5863>,<http://omeka.org/s/vocabs/o#media>,,<https://id.analoggamemuseum.org/api/media/21524>
<https://id.analoggamemuseum.org/api/items/5866>,<http://omeka.org/s/vocabs/o#media>,,<https://id.analoggamemuseum.org/api/media/21562>
<https://id.analoggamemuseum.org/api/items/5866>,<http://omeka.org/s/vocabs/o#media>,,<https://id.analoggamemuseum.org/api/media/21563>
<https://id.analoggamemuseum.org/api/items/5867>,<http://omeka.org/s/vocabs/o#media>,,<https://id.analoggamemuseum.org/api/media/21556>
<https://id.analoggamemuseum.org/api/items/5867>,<http://omeka.org/s/vocabs/o#media>,,<https://id.analoggamemuseum.org/api/media/21557>
<https://id.analoggamemuseum.org/api/items/5871>,<http://omeka.org/s/vocabs/o#media>,,<https://id.analoggamemuseum.org/api/media/21560>
<https://id.analoggamemuseum.org/api/items/5871>,<http://omeka.org/s/vocabs/o#media>,,<https://id.analoggamemuseum.org/api/media/21561>
<https://id.analoggamemuseum.org/api/items/5872>,<http://omeka.org/s/vocabs/o#media>,,<https://id.analoggamemuseum.org/api/media/21558>
<https://id.analoggamemuseum.org/api/items/5872>,<http://omeka.org/s/vocabs/o#media>,,<https://id.analoggamemuseum.org/api/media/21559>
<https://id.analoggamemuseum.org/api/items/5876>,<http://omeka.org/s/vocabs/o#media>,,<https://id.analoggamemuseum.org/api/media/21399>
<https://id.analoggamemuseum.org/api/items/5876>,<http://omeka.org/s/vocabs/o#media>,,<https://id.analoggamemuseum.org/api/media/21400>
<https://id.analoggamemuseum.org/api/items/5877>,<http://omeka.org/s/vocabs/o#media>,,<https://id.analoggamemuseum.org/api/media/21396>
<https://id.analoggamemuseum.org/api/items/5877>,<http://omeka.org/s/vocabs/o#media>,,<https://id.analoggamemuseum.org/api/media/21397>
<https://id.analoggamemuseum.org/api/items/5877>,<http://omeka.org/s/vocabs/o#media>,,<https://id.analoggamemuseum.org/api/media/21398>
<https://id.analoggamemuseum.org/api/items/5879>,<http://omeka.org/s/vocabs/o#media>,,<https://id.analoggamemuseum.org/api/media/21564>
<https://id.analoggamemuseum.org/api/items/5879>,<http://omeka.org/s/vocabs/o#media>,,<https://id.analoggamemuseum.org/api/media/21565>
<https://id.analoggamemuseum.org/api/items/5879>,<http://omeka.org/s/vocabs/o#media>,,<https://id.analoggamemuseum.org/api/media/21566>
<https://id.analoggamemuseum.org/api/items/5880>,<http://omeka.org/s/vocabs/o#media>,,<https://id.analoggamemuseum.org/api/media/21573>
<https://id.analoggamemuseum.org/api/items/5880>,<http://omeka.org/s/vocabs/o#media>,,<https://id.analoggamemuseum.org/api/media/21574>
<https://id.analoggamemuseum.org/api/items/5880>,<http://omeka.org/s/vocabs/o#media>,,<https://id.analoggamemuseum.org/api/media/21575>
<https://id.analoggamemuseum.org/api/items/5881>,<http://omeka.org/s/vocabs/o#media>,,<https://id.analoggamemuseum.org/api/media/21570>
<https://id.analoggamemuseum.org/api/items/5881>,<http://omeka.org/s/vocabs/o#media>,,<https://id.analoggamemuseum.org/api/media/21571>
<https://id.analoggamemuseum.org/api/items/5881>,<http://omeka.org/s/vocabs/o#media>,,<https://id.analoggamemuseum.org/api/media/21572>
<https://id.analoggamemuseum.org/api/items/5882>,<http://omeka.org/s/vocabs/o#media>,,<https://id.analoggamemuseum.org/api/media/21567>
<https://id.analoggamemuseum.org/api/items/5882>,<http://omeka.org/s/vocabs/o#media>,,<https://id.analoggamemuseum.org/api/media/21568>
<https://id.analoggamemuseum.org/api/items/5882>,<http://omeka.org/s/vocabs/o#media>,,<https://id.analoggamemuseum.org/api/media/21569>
<https://id.analoggamemuseum.org/api/items/5883>,<http://omeka.org/s/vocabs/o#media>,,<https://id.analoggamemuseum.org/api/media/21617>
<https://id.analoggamemuseum.org/api/items/5883>,<http://omeka.org/s/vocabs/o#media>,,<https://id.analoggamemuseum.org/api/media/21618>
<https://id.analoggamemuseum.org/api/items/5883>,<http://omeka.org/s/vocabs/o#media>,,<https://id.analoggamemuseum.org/api/media/21619>
<https://id.analoggamemuseum.org/api/items/5884>,<http://omeka.org/s/vocabs/o#media>,,<https://id.analoggamemuseum.org/api/media/21578>
<https://id.analoggamemuseum.org/api/items/5884>,<http://omeka.org/s/vocabs/o#media>,,<https://id.analoggamemuseum.org/api/media/21579>
<https://id.analoggamemuseum.org/api/items/5884>,<http://omeka.org/s/vocabs/o#media>,,<https://id.analoggamemuseum.org/api/media/21580>
<https://id.analoggamemuseum.org/api/items/5885>,<http://omeka.org/s/vocabs/o#media>,,<https://id.analoggamemuseum.org/api/media/21609>
<https://id.analoggamemuseum.org/api/items/5885>,<http://omeka.org/s/vocabs/o#media>,,<https://id.analoggamemuseum.org/api/media/21610>
<https://id.analoggamemuseum.org/api/items/5886>,<http://omeka.org/s/vocabs/o#media>,,<https://id.analoggamemuseum.org/api/media/21606>
<https://id.analoggamemuseum.org/api/items/5886>,<http://omeka.org/s/vocabs/o#media>,,<https://id.analoggamemuseum.org/api/media/21607>
<https://id.analoggamemuseum.org/api/items/5886>,<http://omeka.org/s/vocabs/o#media>,,<https://id.analoggamemuseum.org/api/media/21608>
<https://id.analoggamemuseum.org/api/items/5887>,<http://omeka.org/s/vocabs/o#media>,,<https://id.analoggamemuseum.org/api/media/21603>
<https://id.analoggamemuseum.org/api/items/5887>,<http://omeka.org/s/vocabs/o#media>,,<https://id.analoggamemuseum.org/api/media/21604>
<https://id.analoggamemuseum.org/api/items/5887>,<http://omeka.org/s/vocabs/o#media>,,<https://id.analoggamemuseum.org/api/media/21605>
<https://id.analoggamemuseum.org/api/items/5888>,<http://omeka.org/s/vocabs/o#media>,,<https://id.analoggamemuseum.org/api/media/21600>
<https://id.analoggamemuseum.org/api/items/5888>,<http://omeka.org/s/vocabs/o#media>,,<https://id.analoggamemuseum.org/api/media/21601>
<https://id.analoggamemuseum.org/api/items/5888>,<http://omeka.org/s/vocabs/o#media>,,<https://id.analoggamemuseum.org/api/media/21602>
<https://id.analoggamemuseum.org/api/items/5889>,<http://omeka.org/s/vocabs/o#media>,,<https://id.analoggamemuseum.org/api/media/21597>
<https://id.analoggamemuseum.org/api/items/5889>,<http://omeka.org/s/vocabs/o#media>,,<https://id.analoggamemuseum.org/api/media/21598>
<https://id.analoggamemuseum.org/api/items/5889>,<http://omeka.org/s/vocabs/o#media>,,<https://id.analoggamemuseum.org/api/media/21599>
<https://id.analoggamemuseum.org/api/items/5890>,<http://omeka.org/s/vocabs/o#media>,,<https://id.analoggamemuseum.org/api/media/21594>
<https://id.analoggamemuseum.org/api/items/5890>,<http://omeka.org/s/vocabs/o#media>,,<https://id.analoggamemuseum.org/api/media/21595>
<https://id.analoggamemuseum.org/api/items/5890>,<http://omeka.org/s/vocabs/o#media>,,<https://id.analoggamemuseum.org/api/media/21596>
<https://id.analoggamemuseum.org/api/items/5891>,<http://omeka.org/s/vocabs/o#media>,,<https://id.analoggamemuseum.org/api/media/21576>
<https://id.analoggamemuseum.org/api/items/5891>,<http://omeka.org/s/vocabs/o#media>,,<https://id.analoggamemuseum.org/api/media/21577>
<https://id.analoggamemuseum.org/api/items/5892>,<http://omeka.org/s/vocabs/o#media>,,<https://id.analoggamemuseum.org/api/media/21592>
<https://id.analoggamemuseum.org/api/items/5892>,<http://omeka.org/s/vocabs/o#media>,,<https://id.analoggamemuseum.org/api/media/21593>
<https://id.analoggamemuseum.org/api/items/5893>,<http://omeka.org/s/vocabs/o#media>,,<https://id.analoggamemuseum.org/api/media/21587>
<https://id.analoggamemuseum.org/api/items/5893>,<http://omeka.org/s/vocabs/o#media>,,<https://id.analoggamemuseum.org/api/media/21588>
<https://id.analoggamemuseum.org/api/items/5894>,<http://omeka.org/s/vocabs/o#media>,,<https://id.analoggamemuseum.org/api/media/21614>
<https://id.analoggamemuseum.org/api/items/5894>,<http://omeka.org/s/vocabs/o#media>,,<https://id.analoggamemuseum.org/api/media/21615>
<https://id.analoggamemuseum.org/api/items/5894>,<http://omeka.org/s/vocabs/o#media>,,<https://id.analoggamemuseum.org/api/media/21616>
<https://id.analoggamemuseum.org/api/items/5895>,<http://omeka.org/s/vocabs/o#media>,,<https://id.analoggamemuseum.org/api/media/21611>
<https://id.analoggamemuseum.org/api/items/5895>,<http://omeka.org/s/vocabs/o#media>,,<https://id.analoggamemuseum.org/api/media/21612>
<https://id.analoggamemuseum.org/api/items/5895>,<http://omeka.org/s/vocabs/o#media>,,<https://id.analoggamemuseum.org/api/media/21613>
<https://id.analoggamemuseum.org/api/items/5896>,<http://omeka.org/s/vocabs/o#media>,,<https://id.analoggamemuseum.org/api/media/21589>
<https://id.analoggamemuseum.org/api/items/5896>,<http://omeka.org/s/vocabs/o#media>,,<https://id.analoggamemuseum.org/api/media/21590>
<https://id.analoggamemuseum.org/api/items/5896>,<http://omeka.org/s/vocabs/o#media>,,<https://id.analoggamemuseum.org/api/media/21591>
<https://id.analoggamemuseum.org/api/items/5897>,<http://omeka.org/s/vocabs/o#media>,,<https://id.analoggamemuseum.org/api/media/21585>
<https://id.analoggamemuseum.org/api/items/5897>,<http://omeka.org/s/vocabs/o#media>,,<https://id.analoggamemuseum.org/api/media/21586>
<https://id.analoggamemuseum.org/api/items/5898>,<http://omeka.org/s/vocabs/o#media>,,<https://id.analoggamemuseum.org/api/media/21583>
<https://id.analoggamemuseum.org/api/items/5898>,<http://omeka.org/s/vocabs/o#media>,,<https://id.analoggamemuseum.org/api/media/21584>
<https://id.analoggamemuseum.org/api/items/5899>,<http://omeka.org/s/vocabs/o#media>,,<https://id.analoggamemuseum.org/api/media/21581>
<https://id.analoggamemuseum.org/api/items/5899>,<http://omeka.org/s/vocabs/o#media>,,<https://id.analoggamemuseum.org/api/media/21582>
<https://id.analoggamemuseum.org/api/items/5900>,<http://omeka.org/s/vocabs/o#media>,,<https://id.analoggamemuseum.org/api/media/21642>
<https://id.analoggamemuseum.org/api/items/5900>,<http://omeka.org/s/vocabs/o#media>,,<https://id.analoggamemuseum.org/api/media/21643>
<https://id.analoggamemuseum.org/api/items/5901>,<http://omeka.org/s/vocabs/o#media>,,<https://id.analoggamemuseum.org/api/media/21623>
<https://id.analoggamemuseum.org/api/items/5901>,<http://omeka.org/s/vocabs/o#media>,,<https://id.analoggamemuseum.org/api/media/21624>
<https://id.analoggamemuseum.org/api/items/5901>,<http://omeka.org/s/vocabs/o#media>,,<https://id.analoggamemuseum.org/api/media/21625>
<https://id.analoggamemuseum.org/api/items/5902>,<http://omeka.org/s/vocabs/o#media>,,<https://id.analoggamemuseum.org/api/media/21629>
<https://id.analoggamemuseum.org/api/items/5902>,<http://omeka.org/s/vocabs/o#media>,,<https://id.analoggamemuseum.org/api/media/21630>
<https://id.analoggamemuseum.org/api/items/5902>,<http://omeka.org/s/vocabs/o#media>,,<https://id.analoggamemuseum.org/api/media/21631>
<https://id.analoggamemuseum.org/api/items/5903>,<http://omeka.org/s/vocabs/o#media>,,<https://id.analoggamemuseum.org/api/media/21626>
<https://id.analoggamemuseum.org/api/items/5903>,<http://omeka.org/s/vocabs/o#media>,,<https://id.analoggamemuseum.org/api/media/21627>
<https://id.analoggamemuseum.org/api/items/5903>,<http://omeka.org/s/vocabs/o#media>,,<https://id.analoggamemuseum.org/api/media/21628>
<https://id.analoggamemuseum.org/api/items/5904>,<http://omeka.org/s/vocabs/o#media>,,<https://id.analoggamemuseum.org/api/media/21632>
<https://id.analoggamemuseum.org/api/items/5904>,<http://omeka.org/s/vocabs/o#media>,,<https://id.analoggamemuseum.org/api/media/21633>
<https://id.analoggamemuseum.org/api/items/5904>,<http://omeka.org/s/vocabs/o#media>,,<https://id.analoggamemuseum.org/api/media/21634>
<https://id.analoggamemuseum.org/api/items/5905>,<http://omeka.org/s/vocabs/o#media>,,<https://id.analoggamemuseum.org/api/media/21638>
<https://id.analoggamemuseum.org/api/items/5905>,<http://omeka.org/s/vocabs/o#media>,,<https://id.analoggamemuseum.org/api/media/21639>
<https://id.analoggamemuseum.org/api/items/5906>,<http://omeka.org/s/vocabs/o#media>,,<https://id.analoggamemuseum.org/api/media/21635>
<https://id.analoggamemuseum.org/api/items/5906>,<http://omeka.org/s/vocabs/o#media>,,<https://id.analoggamemuseum.org/api/media/21636>
<https://id.analoggamemuseum.org/api/items/5906>,<http://omeka.org/s/vocabs/o#media>,,<https://id.analoggamemuseum.org/api/media/21637>
<https://id.analoggamemuseum.org/api/items/5907>,<http://omeka.org/s/vocabs/o#media>,,<https://id.analoggamemuseum.org/api/media/21644>
<https://id.analoggamemuseum.org/api/items/5907>,<http://omeka.org/s/vocabs/o#media>,,<https://id.analoggamemuseum.org/api/media/21645>
<https://id.analoggamemuseum.org/api/items/5907>,<http://omeka.org/s/vocabs/o#media>,,<https://id.analoggamemuseum.org/api/media/21646>
<https://id.analoggamemuseum.org/api/items/5908>,<http://omeka.org/s/vocabs/o#media>,,<https://id.analoggamemuseum.org/api/media/21640>
<https://id.analoggamemuseum.org/api/items/5908>,<http://omeka.org/s/vocabs/o#media>,,<https://id.analoggamemuseum.org/api/media/21641>
<https://id.analoggamemuseum.org/api/items/5909>,<http://omeka.org/s/vocabs/o#media>,,<https://id.analoggamemuseum.org/api/media/21620>
<https://id.analoggamemuseum.org/api/items/5909>,<http://omeka.org/s/vocabs/o#media>,,<https://id.analoggamemuseum.org/api/media/21621>
<https://id.analoggamemuseum.org/api/items/5909>,<http://omeka.org/s/vocabs/o#media>,,<https://id.analoggamemuseum.org/api/media/21622>
<https://id.analoggamemuseum.org/api/items/5911>,<http://omeka.org/s/vocabs/o#media>,,<https://id.analoggamemuseum.org/api/media/21647>
<https://id.analoggamemuseum.org/api/items/5911>,<http://omeka.org/s/vocabs/o#media>,,<https://id.analoggamemuseum.org/api/media/21648>
<https://id.analoggamemuseum.org/api/items/6166>,<http://omeka.org/s/vocabs/o#media>,,<https://id.analoggamemuseum.org/api/media/21662>
<https://id.analoggamemuseum.org/api/items/6166>,<http://omeka.org/s/vocabs/o#media>,,<https://id.analoggamemuseum.org/api/media/21663>
<https://id.analoggamemuseum.org/api/items/6167>,<http://omeka.org/s/vocabs/o#media>,,<https://id.analoggamemuseum.org/api/media/21660>
<https://id.analoggamemuseum.org/api/items/6167>,<http://omeka.org/s/vocabs/o#media>,,<https://id.analoggamemuseum.org/api/media/21661>
<https://id.analoggamemuseum.org/api/items/6168>,<http://omeka.org/s/vocabs/o#media>,,<https://id.analoggamemuseum.org/api/media/21658>
<https://id.analoggamemuseum.org/api/items/6168>,<http://omeka.org/s/vocabs/o#media>,,<https://id.analoggamemuseum.org/api/media/21659>
<https://id.analoggamemuseum.org/api/items/6169>,<http://omeka.org/s/vocabs/o#media>,,<https://id.analoggamemuseum.org/api/media/21656>
<https://id.analoggamemuseum.org/api/items/6169>,<http://omeka.org/s/vocabs/o#media>,,<https://id.analoggamemuseum.org/api/media/21657>
<https://id.analoggamemuseum.org/api/items/6170>,<http://omeka.org/s/vocabs/o#media>,,<https://id.analoggamemuseum.org/api/media/21653>
<https://id.analoggamemuseum.org/api/items/6170>,<http://omeka.org/s/vocabs/o#media>,,<https://id.analoggamemuseum.org/api/media/21654>
<https://id.analoggamemuseum.org/api/items/6170>,<http://omeka.org/s/vocabs/o#media>,,<https://id.analoggamemuseum.org/api/media/21655>
<https://id.analoggamemuseum.org/api/items/6171>,<http://omeka.org/s/vocabs/o#media>,,<https://id.analoggamemuseum.org/api/media/21651>
<https://id.analoggamemuseum.org/api/items/6171>,<http://omeka.org/s/vocabs/o#media>,,<https://id.analoggamemuseum.org/api/media/21652>
<https://id.analoggamemuseum.org/api/items/6172>,<http://omeka.org/s/vocabs/o#media>,,<https://id.analoggamemuseum.org/api/media/21649>
<https://id.analoggamemuseum.org/api/items/6172>,<http://omeka.org/s/vocabs/o#media>,,<https://id.analoggamemuseum.org/api/media/21650>
<https://id.analoggamemuseum.org/api/items/6173>,<http://omeka.org/s/vocabs/o#media>,,<https://id.analoggamemuseum.org/api/media/21664>
<https://id.analoggamemuseum.org/api/items/6173>,<http://omeka.org/s/vocabs/o#media>,,<https://id.analoggamemuseum.org/api/media/21665>
<https://id.analoggamemuseum.org/api/items/6174>,<http://omeka.org/s/vocabs/o#media>,,<https://id.analoggamemuseum.org/api/media/21666>
<https://id.analoggamemuseum.org/api/items/6174>,<http://omeka.org/s/vocabs/o#media>,,<https://id.analoggamemuseum.org/api/media/21667>
<https://id.analoggamemuseum.org/api/items/6175>,<http://omeka.org/s/vocabs/o#media>,,<https://id.analoggamemuseum.org/api/media/21668>
<https://id.analoggamemuseum.org/api/items/6175>,<http://omeka.org/s/vocabs/o#media>,,<https://id.analoggamemuseum.org/api/media/21669>
<https://id.analoggamemuseum.org/api/items/6213>,<http://omeka.org/s/vocabs/o#media>,,<https://id.analoggamemuseum.org/api/media/21670>
<https://id.analoggamemuseum.org/api/items/6213>,<http://omeka.org/s/vocabs/o#media>,,<https://id.analoggamemuseum.org/api/media/21671>
<https://id.analoggamemuseum.org/api/items/6214>,<http://omeka.org/s/vocabs/o#media>,,<https://id.analoggamemuseum.org/api/media/21672>
<https://id.analoggamemuseum.org/api/items/6214>,<http://omeka.org/s/vocabs/o#media>,,<https://id.analoggamemuseum.org/api/media/21673>
<https://id.analoggamemuseum.org/api/items/6215>,<http://omeka.org/s/vocabs/o#media>,,<https://id.analoggamemuseum.org/api/media/21674>
<https://id.analoggamemuseum.org/api/items/6215>,<http://omeka.org/s/vocabs/o#media>,,<https://id.analoggamemuseum.org/api/media/21675>
<https://id.analoggamemuseum.org/api/items/6215>,<http://omeka.org/s/vocabs/o#media>,,<https://id.analoggamemuseum.org/api/media/21676>
<https://id.analoggamemuseum.org/api/items/6216>,<http://omeka.org/s/vocabs/o#media>,,<https://id.analoggamemuseum.org/api/media/21677>
<https://id.analoggamemuseum.org/api/items/6216>,<http://omeka.org/s/vocabs/o#media>,,<https://id.analoggamemuseum.org/api/media/21678>
<https://id.analoggamemuseum.org/api/items/6217>,<http://omeka.org/s/vocabs/o#media>,,<https://id.analoggamemuseum.org/api/media/21679>
<https://id.analoggamemuseum.org/api/items/6217>,<http://omeka.org/s/vocabs/o#media>,,<https://id.analoggamemuseum.org/api/media/21680>
<https://id.analoggamemuseum.org/api/items/6217>,<http://omeka.org/s/vocabs/o#media>,,<https://id.analoggamemuseum.org/api/media/21681>
<https://id.analoggamemuseum.org/api/items/6218>,<http://omeka.org/s/vocabs/o#media>,,<https://id.analoggamemuseum.org/api/media/21682>
<https://id.analoggamemuseum.org/api/items/6218>,<http://omeka.org/s/vocabs/o#media>,,<https://id.analoggamemuseum.org/api/media/21683>
<https://id.analoggamemuseum.org/api/items/6219>,<http://omeka.org/s/vocabs/o#media>,,<https://id.analoggamemuseum.org/api/media/21684>
<https://id.analoggamemuseum.org/api/items/6219>,<http://omeka.org/s/vocabs/o#media>,,<https://id.analoggamemuseum.org/api/media/21685>
<https://id.analoggamemuseum.org/api/items/6220>,<http://omeka.org/s/vocabs/o#media>,,<https://id.analoggamemuseum.org/api/media/21686>
<https://id.analoggamemuseum.org/api/items/6220>,<http://omeka.org/s/vocabs/o#media>,,<https://id.analoggamemuseum.org/api/media/21687>
<https://id.analoggamemuseum.org/api/items/6220>,<http://omeka.org/s/vocabs/o#media>,,<https://id.analoggamemuseum.org/api/media/21688>
<https://id.analoggamemuseum.org/api/items/6221>,<http://omeka.org/s/vocabs/o#media>,,<https://id.analoggamemuseum.org/api/media/21689>
<https://id.analoggamemuseum.org/api/items/6221>,<http://omeka.org/s/vocabs/o#media>,,<https://id.analoggamemuseum.org/api/media/21690>
<https://id.analoggamemuseum.org/api/items/6222>,<http://omeka.org/s/vocabs/o#media>,,<https://id.analoggamemuseum.org/api/media/21691>
<https://id.analoggamemuseum.org/api/items/6222>,<http://omeka.org/s/vocabs/o#media>,,<https://id.analoggamemuseum.org/api/media/21692>
<https://id.analoggamemuseum.org/api/items/6222>,<http://omeka.org/s/vocabs/o#media>,,<https://id.analoggamemuseum.org/api/media/21693>
<https://id.analoggamemuseum.org/api/items/6223>,<http://omeka.org/s/vocabs/o#media>,,<https://id.analoggamemuseum.org/api/media/21694>
<https://id.analoggamemuseum.org/api/items/6223>,<http://omeka.org/s/vocabs/o#media>,,<https://id.analoggamemuseum.org/api/media/21695>
<https://id.analoggamemuseum.org/api/items/6223>,<http://omeka.org/s/vocabs/o#media>,,<https://id.analoggamemuseum.org/api/media/21696>
<https://id.analoggamemuseum.org/api/items/6224>,<http://omeka.org/s/vocabs/o#media>,,<https://id.analoggamemuseum.org/api/media/21697>
<https://id.analoggamemuseum.org/api/items/6224>,<http://omeka.org/s/vocabs/o#media>,,<https://id.analoggamemuseum.org/api/media/21698>
<https://id.analoggamemuseum.org/api/items/6224>,<http://omeka.org/s/vocabs/o#media>,,<https://id.analoggamemuseum.org/api/media/21699>
<https://id.analoggamemuseum.org/api/items/6225>,<http://omeka.org/s/vocabs/o#media>,,<https://id.analoggamemuseum.org/api/media/21700>
<https://id.analoggamemuseum.org/api/items/6225>,<http://omeka.org/s/vocabs/o#media>,,<https://id.analoggamemuseum.org/api/media/21701>
<https://id.analoggamemuseum.org/api/items/6225>,<http://omeka.org/s/vocabs/o#media>,,<https://id.analoggamemuseum.org/api/media/21702>
<https://id.analoggamemuseum.org/api/items/6226>,<http://omeka.org/s/vocabs/o#media>,,<https://id.analoggamemuseum.org/api/media/21703>
<https://id.analoggamemuseum.org/api/items/6226>,<http://omeka.org/s/vocabs/o#media>,,<https://id.analoggamemuseum.org/api/media/21704>
<https://id.analoggamemuseum.org/api/items/6226>,<http://omeka.org/s/vocabs/o#media>,,<https://id.analoggamemuseum.org/api/media/21705>
<https://id.analoggamemuseum.org/api/items/6227>,<http://omeka.org/s/vocabs/o#media>,,<https://id.analoggamemuseum.org/api/media/21706>
<https://id.analoggamemuseum.org/api/items/6227>,<http://omeka.org/s/vocabs/o#media>,,<https://id.analoggamemuseum.org/api/media/21707>
<https://id.analoggamemuseum.org/api/items/6227>,<http://omeka.org/s/vocabs/o#media>,,<https://id.analoggamemuseum.org/api/media/21708>
<https://id.analoggamemuseum.org/api/items/6228>,<http://omeka.org/s/vocabs/o#media>,,<https://id.analoggamemuseum.org/api/media/21709>
<https://id.analoggamemuseum.org/api/items/6228>,<http://omeka.org/s/vocabs/o#media>,,<https://id.analoggamemuseum.org/api/media/21710>
<https://id.analoggamemuseum.org/api/items/6228>,<http://omeka.org/s/vocabs/o#media>,,<https://id.analoggamemuseum.org/api/media/21711>
<https://id.analoggamemuseum.org/api/items/6229>,<http://omeka.org/s/vocabs/o#media>,,<https://id.analoggamemuseum.org/api/media/21712>
<https://id.analoggamemuseum.org/api/items/6229>,<http://omeka.org/s/vocabs/o#media>,,<https://id.analoggamemuseum.org/api/media/21713>
<https://id.analoggamemuseum.org/api/items/6230>,<http://omeka.org/s/vocabs/o#media>,,<https://id.analoggamemuseum.org/api/media/21714>
<https://id.analoggamemuseum.org/api/items/6230>,<http://omeka.org/s/vocabs/o#media>,,<https://id.analoggamemuseum.org/api/media/21715>
<https://id.analoggamemuseum.org/api/items/6231>,<http://omeka.org/s/vocabs/o#media>,,<https://id.analoggamemuseum.org/api/media/21716>
<https://id.analoggamemuseum.org/api/items/6231>,<http://omeka.org/s/vocabs/o#media>,,<https://id.analoggamemuseum.org/api/media/21717>
<https://id.analoggamemuseum.org/api/items/6232>,<http://omeka.org/s/vocabs/o#media>,,<https://id.analoggamemuseum.org/api/media/21718>
<https://id.analoggamemuseum.org/api/items/6232>,<http://omeka.org/s/vocabs/o#media>,,<https://id.analoggamemuseum.org/api/media/21719>
<https://id.analoggamemuseum.org/api/items/6232>,<http://omeka.org/s/vocabs/o#media>,,<https://id.analoggamemuseum.org/api/media/21720>
<https://id.analoggamemuseum.org/api/items/6233>,<http://omeka.org/s/vocabs/o#media>,,<https://id.analoggamemuseum.org/api/media/21721>
<https://id.analoggamemuseum.org/api/items/6233>,<http://omeka.org/s/vocabs/o#media>,,<https://id.analoggamemuseum.org/api/media/21722>
<https://id.analoggamemuseum.org/api/items/6234>,<http://omeka.org/s/vocabs/o#media>,,<https://id.analoggamemuseum.org/api/media/21723>
<https://id.analoggamemuseum.org/api/items/6234>,<http://omeka.org/s/vocabs/o#media>,,<https://id.analoggamemuseum.org/api/media/21724>
<https://id.analoggamemuseum.org/api/items/6234>,<http://omeka.org/s/vocabs/o#media>,,<https://id.analoggamemuseum.org/api/media/21725>
<https://id.analoggamemuseum.org/api/items/6235>,<http://omeka.org/s/vocabs/o#media>,,<https://id.analoggamemuseum.org/api/media/21726>
<https://id.analoggamemuseum.org/api/items/6235>,<http://omeka.org/s/vocabs/o#media>,,<https://id.analoggamemuseum.org/api/media/21727>
<https://id.analoggamemuseum.org/api/items/6235>,<http://omeka.org/s/vocabs/o#media>,,<https://id.analoggamemuseum.org/api/media/21728>
<https://id.analoggamemuseum.org/api/items/6236>,<http://omeka.org/s/vocabs/o#media>,,<https://id.analoggamemuseum.org/api/media/21729>
<https://id.analoggamemuseum.org/api/items/6236>,<http://omeka.org/s/vocabs/o#media>,,<https://id.analoggamemuseum.org/api/media/21730>
<https://id.analoggamemuseum.org/api/items/6236>,<http://omeka.org/s/vocabs/o#media>,,<https://id.analoggamemuseum.org/api/media/21731>
<https://id.analoggamemuseum.org/api/items/6237>,<http://omeka.org/s/vocabs/o#media>,,<https://id.analoggamemuseum.org/api/media/21732>
<https://id.analoggamemuseum.org/api/items/6237>,<http://omeka.org/s/vocabs/o#media>,,<https://id.analoggamemuseum.org/api/media/21733>
<https://id.analoggamemuseum.org/api/items/6237>,<http://omeka.org/s/vocabs/o#media>,,<https://id.analoggamemuseum.org/api/media/21734>
<https://id.analoggamemuseum.org/api/items/6238>,<http://omeka.org/s/vocabs/o#media>,,<https://id.analoggamemuseum.org/api/media/21735>
<https://id.analoggamemuseum.org/api/items/6238>,<http://omeka.org/s/vocabs/o#media>,,<https://id.analoggamemuseum.org/api/media/21736>
<https://id.analoggamemuseum.org/api/items/6238>,<http://omeka.org/s/vocabs/o#media>,,<https://id.analoggamemuseum.org/api/media/21737>
<https://id.analoggamemuseum.org/api/items/6239>,<http://omeka.org/s/vocabs/o#media>,,<https://id.analoggamemuseum.org/api/media/21738>
<https://id.analoggamemuseum.org/api/items/6239>,<http://omeka.org/s/vocabs/o#media>,,<https://id.analoggamemuseum.org/api/media/21739>
<https://id.analoggamemuseum.org/api/items/6240>,<http://omeka.org/s/vocabs/o#media>,,<https://id.analoggamemuseum.org/api/media/21740>
<https://id.analoggamemuseum.org/api/items/6240>,<http://omeka.org/s/vocabs/o#media>,,<https://id.analoggamemuseum.org/api/media/21741>
<https://id.analoggamemuseum.org/api/items/6240>,<http://omeka.org/s/vocabs/o#media>,,<https://id.analoggamemuseum.org/api/media/21742>
<https://id.analoggamemuseum.org/api/items/6241>,<http://omeka.org/s/vocabs/o#media>,,<https://id.analoggamemuseum.org/api/media/21743>
<https://id.analoggamemuseum.org/api/items/6241>,<http://omeka.org/s/vocabs/o#media>,,<https://id.analoggamemuseum.org/api/media/21744>
<https://id.analoggamemuseum.org/api/items/6242>,<http://omeka.org/s/vocabs/o#media>,,<https://id.analoggamemuseum.org/api/media/21745>
<https://id.analoggamemuseum.org/api/items/6242>,<http://omeka.org/s/vocabs/o#media>,,<https://id.analoggamemuseum.org/api/media/21746>
<https://id.analoggamemuseum.org/api/items/6308>,<http://omeka.org/s/vocabs/o#modified>,"""2026-01-08T18:24:34+00:00""^^<http://www.w3.org/2001/XMLSchema#dateTime>","""2026-02-14T07:46:12+00:00""^^<http://www.w3.org/2001/XMLSchema#dateTime>"
<https://id.analoggamemuseum.org/api/items/6308>,<http://omeka.org/s/vocabs/o#title>,"""NEW TYPE""","""NEW TYPE ソロモン攻略戦"""
<https://id.analoggamemuseum.org/api/items/6308>,<http://purl.org/dc/terms/title>,"""NEW TYPE""","""NEW TYPE ソロモン攻略戦"""
<https://id.analoggamemuseum.org/api/items/7637>,<http://omeka.org/s/vocabs/o#modified>,"""2026-01-08T18:24:38+00:00""^^<http://www.w3.org/2001/XMLSchema#dateTime>","""2026-02-15T06:00:56+00:00""^^<http://www.w3.org/2001/XMLSchema#dateTime>"
<https://id.analoggamemuseum.org/api/items/7637>,<http://omeka.org/s/vocabs/o#title>,"""A1192""","""A2505"""
<https://id.analoggamemuseum.org/api/items/7637>,<http://purl.org/dc/terms/title>,"""A1192""","""A2505"""
<https://id.analoggamemuseum.org/api/items/7637>,<https://www.analoggamemuseum.org/ontology/identifier>,"""A1192""","""A2505"""
<https://id.analoggamemuseum.org/api/items/7638>,<http://omeka.org/s/vocabs/o#modified>,"""2026-01-08T18:24:38+00:00""^^<http://www.w3.org/2001/XMLSchema#dateTime>","""2026-02-15T05:59:16+00:00""^^<http://www.w3.org/2001/XMLSchema#dateTime>"
<https://id.analoggamemuseum.org/api/items/7638>,<http://omeka.org/s/vocabs/o#title>,"""A1191""","""A2504"""
<https://id.analoggamemuseum.org/api/items/7638>,<http://purl.org/dc/terms/title>,"""A1191""","""A2504"""
<https://id.analoggamemuseum.org/api/items/7638>,<https://www.analoggamemuseum.org/ontology/identifier>,"""A1191""","""A2504"""
<https://id.analoggamemuseum.org/api/items/7683>,<http://omeka.org/s/vocabs/o#modified>,"""2026-01-08T18:24:38+00:00""^^<http://www.w3.org/2001/XMLSchema#dateTime>","""2026-02-15T06:18:34+00:00""^^<http://www.w3.org/2001/XMLSchema#dateTime>"
<https://id.analoggamemuseum.org/api/items/7683>,<http://omeka.org/s/vocabs/o#title>,"""A1199""","""A2520"""
<https://id.analoggamemuseum.org/api/items/7683>,<http://purl.org/dc/terms/title>,"""A1199""","""A2520"""
<https://id.analoggamemuseum.org/api/items/7683>,<https://www.analoggamemuseum.org/ontology/identifier>,"""A1199""","""A2520"""
<https://id.analoggamemuseum.org/api/items/7706>,<http://omeka.org/s/vocabs/o#modified>,"""2026-01-08T18:24:38+00:00""^^<http://www.w3.org/2001/XMLSchema#dateTime>","""2026-02-14T03:38:59+00:00""^^<http://www.w3.org/2001/XMLSchema#dateTime>"
<https://id.analoggamemuseum.org/api/items/7706>,<http://omeka.org/s/vocabs/o#title>,"""A1207""","""E123"""
<https://id.analoggamemuseum.org/api/items/7706>,<http://purl.org/dc/terms/title>,"""A1207""","""E123"""
<https://id.analoggamemuseum.org/api/items/7706>,<https://www.analoggamemuseum.org/ontology/identifier>,"""A1207""","""E123"""
<https://id.analoggamemuseum.org/api/items/7721>,<http://omeka.org/s/vocabs/o#media>,,<https://id.analoggamemuseum.org/api/media/21747>
<https://id.analoggamemuseum.org/api/items/7721>,<http://omeka.org/s/vocabs/o#media>,,<https://id.analoggamemuseum.org/api/media/21748>
<https://id.analoggamemuseum.org/api/items/7721>,<http://omeka.org/s/vocabs/o#media>,,<https://id.analoggamemuseum.org/api/media/21749>
<https://id.analoggamemuseum.org/api/items/7722>,<http://omeka.org/s/vocabs/o#media>,,<https://id.analoggamemuseum.org/api/media/21750>
<https://id.analoggamemuseum.org/api/items/7722>,<http://omeka.org/s/vocabs/o#media>,,<https://id.analoggamemuseum.org/api/media/21751>
<https://id.analoggamemuseum.org/api/items/7722>,<http://omeka.org/s/vocabs/o#media>,,<https://id.analoggamemuseum.org/api/media/21752>
<https://id.analoggamemuseum.org/api/items/7724>,<http://omeka.org/s/vocabs/o#media>,,<https://id.analoggamemuseum.org/api/media/21753>
<https://id.analoggamemuseum.org/api/items/7724>,<http://omeka.org/s/vocabs/o#media>,,<https://id.analoggamemuseum.org/api/media/21754>
<https://id.analoggamemuseum.org/api/items/7725>,<http://omeka.org/s/vocabs/o#media>,,<https://id.analoggamemuseum.org/api/media/21755>
<https://id.analoggamemuseum.org/api/items/7725>,<http://omeka.org/s/vocabs/o#media>,,<https://id.analoggamemuseum.org/api/media/21756>
<https://id.analoggamemuseum.org/api/items/7726>,<http://omeka.org/s/vocabs/o#modified>,"""2026-01-08T18:24:38+00:00""^^<http://www.w3.org/2001/XMLSchema#dateTime>","""2026-02-15T06:29:25+00:00""^^<http://www.w3.org/2001/XMLSchema#dateTime>"
<https://id.analoggamemuseum.org/api/items/7726>,<http://omeka.org/s/vocabs/o#title>,"""A1209""","""A2524"""
<https://id.analoggamemuseum.org/api/items/7726>,<http://purl.org/dc/terms/title>,"""A1209""","""A2524"""
<https://id.analoggamemuseum.org/api/items/7726>,<https://www.analoggamemuseum.org/ontology/identifier>,"""A1209""","""A2524"""
<https://id.analoggamemuseum.org/api/items/7727>,<http://omeka.org/s/vocabs/o#media>,,<https://id.analoggamemuseum.org/api/media/18775>
<https://id.analoggamemuseum.org/api/items/7727>,<http://omeka.org/s/vocabs/o#modified>,"""2026-01-08T18:24:38+00:00""^^<http://www.w3.org/2001/XMLSchema#dateTime>","""2026-02-14T07:29:14+00:00""^^<http://www.w3.org/2001/XMLSchema#dateTime>"
<https://id.analoggamemuseum.org/api/items/7727>,<http://omeka.org/s/vocabs/o#title>,"""A1212""","""A2491"""
<https://id.analoggamemuseum.org/api/items/7727>,<http://purl.org/dc/terms/title>,"""A1212""","""A2491"""
<https://id.analoggamemuseum.org/api/items/7727>,<https://www.analoggamemuseum.org/ontology/exemplarOf>,<https://id.analoggamemuseum.org/api/items/6371>,<https://id.analoggamemuseum.org/api/items/6695>
<https://id.analoggamemuseum.org/api/items/7727>,<https://www.analoggamemuseum.org/ontology/identifier>,"""A1212""","""A2491"""
<https://id.analoggamemuseum.org/api/items/7728>,<http://omeka.org/s/vocabs/o#media>,,<https://id.analoggamemuseum.org/api/media/18780>
<https://id.analoggamemuseum.org/api/items/7728>,<http://omeka.org/s/vocabs/o#media>,,<https://id.analoggamemuseum.org/api/media/18781>
<https://id.analoggamemuseum.org/api/items/7728>,<http://omeka.org/s/vocabs/o#modified>,"""2026-01-08T18:24:38+00:00""^^<http://www.w3.org/2001/XMLSchema#dateTime>","""2026-02-14T07:15:01+00:00""^^<http://www.w3.org/2001/XMLSchema#dateTime>"
<https://id.analoggamemuseum.org/api/items/7728>,<http://omeka.org/s/vocabs/o#title>,"""A1215""","""A2483"""
<https://id.analoggamemuseum.org/api/items/7728>,<http://purl.org/dc/terms/title>,"""A1215""","""A2483"""
<https://id.analoggamemuseum.org/api/items/7728>,<https://www.analoggamemuseum.org/ontology/exemplarOf>,<https://id.analoggamemuseum.org/api/items/6372>,<https://id.analoggamemuseum.org/api/items/6707>
<https://id.analoggamemuseum.org/api/items/7728>,<https://www.analoggamemuseum.org/ontology/identifier>,"""A1215""","""A2483"""
<https://id.analoggamemuseum.org/api/items/7729>,<http://omeka.org/s/vocabs/o#media>,,<https://id.analoggamemuseum.org/api/media/18776>
<https://id.analoggamemuseum.org/api/items/7729>,<http://omeka.org/s/vocabs/o#media>,,<https://id.analoggamemuseum.org/api/media/18777>
<https://id.analoggamemuseum.org/api/items/7729>,<http://omeka.org/s/vocabs/o#modified>,"""2026-01-08T18:24:38+00:00""^^<http://www.w3.org/2001/XMLSchema#dateTime>","""2026-02-15T07:27:36+00:00""^^<http://www.w3.org/2001/XMLSchema#dateTime>"
<https://id.analoggamemuseum.org/api/items/7729>,<http://omeka.org/s/vocabs/o#title>,"""A1213""","""A2537"""
<https://id.analoggamemuseum.org/api/items/7729>,<http://purl.org/dc/terms/title>,"""A1213""","""A2537"""
<https://id.analoggamemuseum.org/api/items/7729>,<https://www.analoggamemuseum.org/ontology/exemplarOf>,<https://id.analoggamemuseum.org/api/items/6373>,<https://id.analoggamemuseum.org/api/items/6723>
<https://id.analoggamemuseum.org/api/items/7729>,<https://www.analoggamemuseum.org/ontology/identifier>,"""A1213""","""A2537"""
<https://id.analoggamemuseum.org/api/items/7729>,<https://www.analoggamemuseum.org/ontology/provenance>,"""アークライトより寄贈、ゲームマーケットサンプル（2022春）""","""萬印堂より寄贈、2024年7月"""
<https://id.analoggamemuseum.org/api/items/7730>,<http://omeka.org/s/vocabs/o#media>,,<https://id.analoggamemuseum.org/api/media/18778>
<https://id.analoggamemuseum.org/api/items/7730>,<http://omeka.org/s/vocabs/o#media>,,<https://id.analoggamemuseum.org/api/media/18779>
<https://id.analoggamemuseum.org/api/items/7730>,<http://omeka.org/s/vocabs/o#modified>,"""2026-01-08T18:24:38+00:00""^^<http://www.w3.org/2001/XMLSchema#dateTime>","""2026-02-15T06:26:07+00:00""^^<http://www.w3.org/2001/XMLSchema#dateTime>"
<https://id.analoggamemuseum.org/api/items/7730>,<https://www.analoggamemuseum.org/ontology/exemplarOf>,<https://id.analoggamemuseum.org/api/items/6374>,<https://id.analoggamemuseum.org/api/items/6711>
<https://id.analoggamemuseum.org/api/items/7799>,<http://omeka.org/s/vocabs/o#media>,,<https://id.analoggamemuseum.org/api/media/18782>
<https://id.analoggamemuseum.org/api/items/7799>,<http://omeka.org/s/vocabs/o#media>,,<https://id.analoggamemuseum.org/api/media/18783>
<https://id.analoggamemuseum.org/api/items/7799>,<http://omeka.org/s/vocabs/o#modified>,"""2026-01-08T18:24:38+00:00""^^<http://www.w3.org/2001/XMLSchema#dateTime>","""2026-02-14T05:27:23+00:00""^^<http://www.w3.org/2001/XMLSchema#dateTime>"
<https://id.analoggamemuseum.org/api/items/7799>,<http://omeka.org/s/vocabs/o#title>,"""A1216""","""A2450"""
<https://id.analoggamemuseum.org/api/items/7799>,<http://purl.org/dc/terms/title>,"""A1216""","""A2450"""
<https://id.analoggamemuseum.org/api/items/7799>,<https://www.analoggamemuseum.org/ontology/exemplarOf>,<https://id.analoggamemuseum.org/api/items/6420>,<https://id.analoggamemuseum.org/api/items/6705>
<https://id.analoggamemuseum.org/api/items/7799>,<https://www.analoggamemuseum.org/ontology/identifier>,"""A1216""","""A2450"""
<https://id.analoggamemuseum.org/api/items/7800>,<http://omeka.org/s/vocabs/o#media>,,<https://id.analoggamemuseum.org/api/media/18784>
<https://id.analoggamemuseum.org/api/items/7800>,<http://omeka.org/s/vocabs/o#media>,,<https://id.analoggamemuseum.org/api/media/18785>
<https://id.analoggamemuseum.org/api/items/7800>,<http://omeka.org/s/vocabs/o#modified>,"""2026-01-08T18:24:38+00:00""^^<http://www.w3.org/2001/XMLSchema#dateTime>","""2026-02-14T05:24:09+00:00""^^<http://www.w3.org/2001/XMLSchema#dateTime>"
<https://id.analoggamemuseum.org/api/items/7800>,<http://omeka.org/s/vocabs/o#title>,"""A1217""","""A2448"""
<https://id.analoggamemuseum.org/api/items/7800>,<http://purl.org/dc/terms/title>,"""A1217""","""A2448"""
<https://id.analoggamemuseum.org/api/items/7800>,<https://www.analoggamemuseum.org/ontology/exemplarOf>,<https://id.analoggamemuseum.org/api/items/6421>,<https://id.analoggamemuseum.org/api/items/6702>
<https://id.analoggamemuseum.org/api/items/7800>,<https://www.analoggamemuseum.org/ontology/identifier>,"""A1217""","""A2448"""
<https://id.analoggamemuseum.org/api/items/7801>,<http://omeka.org/s/vocabs/o#media>,,<https://id.analoggamemuseum.org/api/media/18786>
<https://id.analoggamemuseum.org/api/items/7801>,<http://omeka.org/s/vocabs/o#media>,,<https://id.analoggamemuseum.org/api/media/18787>
<https://id.analoggamemuseum.org/api/items/7801>,<http://omeka.org/s/vocabs/o#modified>,"""2026-01-08T18:24:38+00:00""^^<http://www.w3.org/2001/XMLSchema#dateTime>","""2026-02-14T07:34:21+00:00""^^<http://www.w3.org/2001/XMLSchema#dateTime>"
<https://id.analoggamemuseum.org/api/items/7801>,<http://omeka.org/s/vocabs/o#title>,"""A1218""","""A2492"""
<https://id.analoggamemuseum.org/api/items/7801>,<http://purl.org/dc/terms/title>,"""A1218""","""A2492"""
<https://id.analoggamemuseum.org/api/items/7801>,<https://www.analoggamemuseum.org/ontology/exemplarOf>,<https://id.analoggamemuseum.org/api/items/6422>,<https://id.analoggamemuseum.org/api/items/6701>
<https://id.analoggamemuseum.org/api/items/7801>,<https://www.analoggamemuseum.org/ontology/identifier>,"""A1218""","""A2492"""
<https://id.analoggamemuseum.org/api/items/7813>,<http://omeka.org/s/vocabs/o#media>,,<https://id.analoggamemuseum.org/api/media/21759>
<https://id.analoggamemuseum.org/api/items/7813>,<http://omeka.org/s/vocabs/o#media>,,<https://id.analoggamemuseum.org/api/media/21760>
<https://id.analoggamemuseum.org/api/items/7815>,<http://omeka.org/s/vocabs/o#media>,,<https://id.analoggamemuseum.org/api/media/21773>
<https://id.analoggamemuseum.org/api/items/7815>,<http://omeka.org/s/vocabs/o#media>,,<https://id.analoggamemuseum.org/api/media/21774>
<https://id.analoggamemuseum.org/api/items/7816>,<http://omeka.org/s/vocabs/o#media>,,<https://id.analoggamemuseum.org/api/media/21757>
<https://id.analoggamemuseum.org/api/items/7816>,<http://omeka.org/s/vocabs/o#media>,,<https://id.analoggamemuseum.org/api/media/21758>
<https://id.analoggamemuseum.org/api/items/7828>,<http://omeka.org/s/vocabs/o#media>,,<https://id.analoggamemuseum.org/api/media/21761>
<https://id.analoggamemuseum.org/api/items/7828>,<http://omeka.org/s/vocabs/o#media>,,<https://id.analoggamemuseum.org/api/media/21762>
<https://id.analoggamemuseum.org/api/items/7829>,<http://omeka.org/s/vocabs/o#media>,,<https://id.analoggamemuseum.org/api/media/21763>
<https://id.analoggamemuseum.org/api/items/7829>,<http://omeka.org/s/vocabs/o#media>,,<https://id.analoggamemuseum.org/api/media/21764>
<https://id.analoggamemuseum.org/api/items/7829>,<http://omeka.org/s/vocabs/o#media>,,<https://id.analoggamemuseum.org/api/media/21765>
<https://id.analoggamemuseum.org/api/items/7830>,<http://omeka.org/s/vocabs/o#media>,,<https://id.analoggamemuseum.org/api/media/21768>
<https://id.analoggamemuseum.org/api/items/7830>,<http://omeka.org/s/vocabs/o#media>,,<https://id.analoggamemuseum.org/api/media/21769>
<https://id.analoggamemuseum.org/api/items/7831>,<http://omeka.org/s/vocabs/o#media>,,<https://id.analoggamemuseum.org/api/media/21770>
<https://id.analoggamemuseum.org/api/items/7831>,<http://omeka.org/s/vocabs/o#media>,,<https://id.analoggamemuseum.org/api/media/21771>
<https://id.analoggamemuseum.org/api/items/7831>,<http://omeka.org/s/vocabs/o#media>,,<https://id.analoggamemuseum.org/api/media/21772>
<https://id.analoggamemuseum.org/api/items/7832>,<http://omeka.org/s/vocabs/o#media>,,<https://id.analoggamemuseum.org/api/media/21775>
<https://id.analoggamemuseum.org/api/items/7832>,<http://omeka.org/s/vocabs/o#media>,,<https://id.analoggamemuseum.org/api/media/21776>
<https://id.analoggamemuseum.org/api/items/7836>,<http://omeka.org/s/vocabs/o#media>,,<https://id.analoggamemuseum.org/api/media/21766>
<https://id.analoggamemuseum.org/api/items/7836>,<http://omeka.org/s/vocabs/o#media>,,<https://id.analoggamemuseum.org/api/media/21767>
<https://id.analoggamemuseum.org/api/items/7854>,<http://omeka.org/s/vocabs/o#media>,,<https://id.analoggamemuseum.org/api/media/19806>
<https://id.analoggamemuseum.org/api/items/7854>,<http://omeka.org/s/vocabs/o#media>,,<https://id.analoggamemuseum.org/api/media/19807>
<https://id.analoggamemuseum.org/api/items/7854>,<http://omeka.org/s/vocabs/o#media>,,<https://id.analoggamemuseum.org/api/media/19808>
<https://id.analoggamemuseum.org/api/items/7856>,<http://omeka.org/s/vocabs/o#media>,,<https://id.analoggamemuseum.org/api/media/19809>
<https://id.analoggamemuseum.org/api/items/7856>,<http://omeka.org/s/vocabs/o#media>,,<https://id.analoggamemuseum.org/api/media/19810>
<https://id.analoggamemuseum.org/api/items/7856>,<http://omeka.org/s/vocabs/o#media>,,<https://id.analoggamemuseum.org/api/media/19811>
<https://id.analoggamemuseum.org/api/items/7857>,<http://omeka.org/s/vocabs/o#media>,,<https://id.analoggamemuseum.org/api/media/19812>
<https://id.analoggamemuseum.org/api/items/7857>,<http://omeka.org/s/vocabs/o#media>,,<https://id.analoggamemuseum.org/api/media/19813>
<https://id.analoggamemuseum.org/api/items/7859>,<http://omeka.org/s/vocabs/o#media>,,<https://id.analoggamemuseum.org/api/media/19814>
<https://id.analoggamemuseum.org/api/items/7859>,<http://omeka.org/s/vocabs/o#media>,,<https://id.analoggamemuseum.org/api/media/19815>
<https://id.analoggamemuseum.org/api/items/7860>,<http://omeka.org/s/vocabs/o#media>,,<https://id.analoggamemuseum.org/api/media/19816>
<https://id.analoggamemuseum.org/api/items/7860>,<http://omeka.org/s/vocabs/o#media>,,<https://id.analoggamemuseum.org/api/media/19817>
<https://id.analoggamemuseum.org/api/items/7860>,<http://omeka.org/s/vocabs/o#media>,,<https://id.analoggamemuseum.org/api/media/19818>
<https://id.analoggamemuseum.org/api/items/7916>,<http://omeka.org/s/vocabs/o#media>,,<https://id.analoggamemuseum.org/api/media/19943>
<https://id.analoggamemuseum.org/api/items/7916>,<http://omeka.org/s/vocabs/o#media>,,<https://id.analoggamemuseum.org/api/media/19944>
<https://id.analoggamemuseum.org/api/items/7916>,<http://omeka.org/s/vocabs/o#media>,,<https://id.analoggamemuseum.org/api/media/19945>
<https://id.analoggamemuseum.org/api/items/7917>,<http://omeka.org/s/vocabs/o#media>,,<https://id.analoggamemuseum.org/api/media/19967>
<https://id.analoggamemuseum.org/api/items/7917>,<http://omeka.org/s/vocabs/o#media>,,<https://id.analoggamemuseum.org/api/media/19968>
<https://id.analoggamemuseum.org/api/items/7918>,<http://omeka.org/s/vocabs/o#media>,,<https://id.analoggamemuseum.org/api/media/19963>
<https://id.analoggamemuseum.org/api/items/7918>,<http://omeka.org/s/vocabs/o#media>,,<https://id.analoggamemuseum.org/api/media/19964>
<https://id.analoggamemuseum.org/api/items/7919>,<http://omeka.org/s/vocabs/o#media>,,<https://id.analoggamemuseum.org/api/media/19941>
<https://id.analoggamemuseum.org/api/items/7919>,<http://omeka.org/s/vocabs/o#media>,,<https://id.analoggamemuseum.org/api/media/19942>
<https://id.analoggamemuseum.org/api/items/7920>,<http://omeka.org/s/vocabs/o#media>,,<https://id.analoggamemuseum.org/api/media/19958>
<https://id.analoggamemuseum.org/api/items/7920>,<http://omeka.org/s/vocabs/o#media>,,<https://id.analoggamemuseum.org/api/media/19959>
<https://id.analoggamemuseum.org/api/items/7920>,<http://omeka.org/s/vocabs/o#media>,,<https://id.analoggamemuseum.org/api/media/19960>
<https://id.analoggamemuseum.org/api/items/7921>,<http://omeka.org/s/vocabs/o#media>,,<https://id.analoggamemuseum.org/api/media/19956>
<https://id.analoggamemuseum.org/api/items/7921>,<http://omeka.org/s/vocabs/o#media>,,<https://id.analoggamemuseum.org/api/media/19957>
<https://id.analoggamemuseum.org/api/items/7923>,<http://omeka.org/s/vocabs/o#media>,,<https://id.analoggamemuseum.org/api/media/19984>
<https://id.analoggamemuseum.org/api/items/7923>,<http://omeka.org/s/vocabs/o#media>,,<https://id.analoggamemuseum.org/api/media/19985>
<https://id.analoggamemuseum.org/api/items/7924>,<http://omeka.org/s/vocabs/o#media>,,<https://id.analoggamemuseum.org/api/media/19979>
<https://id.analoggamemuseum.org/api/items/7924>,<http://omeka.org/s/vocabs/o#media>,,<https://id.analoggamemuseum.org/api/media/19980>
<https://id.analoggamemuseum.org/api/items/7925>,<http://omeka.org/s/vocabs/o#media>,,<https://id.analoggamemuseum.org/api/media/19969>
<https://id.analoggamemuseum.org/api/items/7925>,<http://omeka.org/s/vocabs/o#media>,,<https://id.analoggamemuseum.org/api/media/19970>
<https://id.analoggamemuseum.org/api/items/7926>,<http://omeka.org/s/vocabs/o#media>,,<https://id.analoggamemuseum.org/api/media/19934>
<https://id.analoggamemuseum.org/api/items/7926>,<http://omeka.org/s/vocabs/o#media>,,<https://id.analoggamemuseum.org/api/media/19935>
<https://id.analoggamemuseum.org/api/items/7927>,<http://omeka.org/s/vocabs/o#media>,,<https://id.analoggamemuseum.org/api/media/19965>
<https://id.analoggamemuseum.org/api/items/7927>,<http://omeka.org/s/vocabs/o#media>,,<https://id.analoggamemuseum.org/api/media/19966>
<https://id.analoggamemuseum.org/api/items/7928>,<http://omeka.org/s/vocabs/o#media>,,<https://id.analoggamemuseum.org/api/media/19946>
<https://id.analoggamemuseum.org/api/items/7928>,<http://omeka.org/s/vocabs/o#media>,,<https://id.analoggamemuseum.org/api/media/19947>
<https://id.analoggamemuseum.org/api/items/7928>,<http://omeka.org/s/vocabs/o#media>,,<https://id.analoggamemuseum.org/api/media/19948>
<https://id.analoggamemuseum.org/api/items/7929>,<http://omeka.org/s/vocabs/o#media>,,<https://id.analoggamemuseum.org/api/media/19936>
<https://id.analoggamemuseum.org/api/items/7929>,<http://omeka.org/s/vocabs/o#media>,,<https://id.analoggamemuseum.org/api/media/19937>
<https://id.analoggamemuseum.org/api/items/7929>,<http://omeka.org/s/vocabs/o#media>,,<https://id.analoggamemuseum.org/api/media/19938>
<https://id.analoggamemuseum.org/api/items/7930>,<http://omeka.org/s/vocabs/o#media>,,<https://id.analoggamemuseum.org/api/media/19939>
<https://id.analoggamemuseum.org/api/items/7930>,<http://omeka.org/s/vocabs/o#media>,,<https://id.analoggamemuseum.org/api/media/19940>
<https://id.analoggamemuseum.org/api/items/7931>,<http://omeka.org/s/vocabs/o#media>,,<https://id.analoggamemuseum.org/api/media/19973>
<https://id.analoggamemuseum.org/api/items/7931>,<http://omeka.org/s/vocabs/o#media>,,<https://id.analoggamemuseum.org/api/media/19974>
<https://id.analoggamemuseum.org/api/items/7932>,<http://omeka.org/s/vocabs/o#media>,,<https://id.analoggamemuseum.org/api/media/19961>
<https://id.analoggamemuseum.org/api/items/7932>,<http://omeka.org/s/vocabs/o#media>,,<https://id.analoggamemuseum.org/api/media/19962>
<https://id.analoggamemuseum.org/api/items/7933>,<http://omeka.org/s/vocabs/o#media>,,<https://id.analoggamemuseum.org/api/media/19981>
<https://id.analoggamemuseum.org/api/items/7933>,<http://omeka.org/s/vocabs/o#media>,,<https://id.analoggamemuseum.org/api/media/19982>
<https://id.analoggamemuseum.org/api/items/7933>,<http://omeka.org/s/vocabs/o#media>,,<https://id.analoggamemuseum.org/api/media/19983>
<https://id.analoggamemuseum.org/api/items/7934>,<http://omeka.org/s/vocabs/o#media>,,<https://id.analoggamemuseum.org/api/media/19952>
<https://id.analoggamemuseum.org/api/items/7934>,<http://omeka.org/s/vocabs/o#media>,,<https://id.analoggamemuseum.org/api/media/19953>
<https://id.analoggamemuseum.org/api/items/7935>,<http://omeka.org/s/vocabs/o#media>,,<https://id.analoggamemuseum.org/api/media/19931>
<https://id.analoggamemuseum.org/api/items/7935>,<http://omeka.org/s/vocabs/o#media>,,<https://id.analoggamemuseum.org/api/media/19932>
<https://id.analoggamemuseum.org/api/items/7935>,<http://omeka.org/s/vocabs/o#media>,,<https://id.analoggamemuseum.org/api/media/19933>
<https://id.analoggamemuseum.org/api/items/7936>,<http://omeka.org/s/vocabs/o#media>,,<https://id.analoggamemuseum.org/api/media/19949>
<https://id.analoggamemuseum.org/api/items/7936>,<http://omeka.org/s/vocabs/o#media>,,<https://id.analoggamemuseum.org/api/media/19950>
<https://id.analoggamemuseum.org/api/items/7936>,<http://omeka.org/s/vocabs/o#media>,,<https://id.analoggamemuseum.org/api/media/19951>
<https://id.analoggamemuseum.org/api/items/7937>,<http://omeka.org/s/vocabs/o#media>,,<https://id.analoggamemuseum.org/api/media/19977>
<https://id.analoggamemuseum.org/api/items/7937>,<http://omeka.org/s/vocabs/o#media>,,<https://id.analoggamemuseum.org/api/media/19978>
<https://id.analoggamemuseum.org/api/items/7938>,<http://omeka.org/s/vocabs/o#media>,,<https://id.analoggamemuseum.org/api/media/19971>
<https://id.analoggamemuseum.org/api/items/7938>,<http://omeka.org/s/vocabs/o#media>,,<https://id.analoggamemuseum.org/api/media/19972>
<https://id.analoggamemuseum.org/api/items/7964>,<http://omeka.org/s/vocabs/o#media>,,<https://id.analoggamemuseum.org/api/media/18788>
<https://id.analoggamemuseum.org/api/items/7964>,<http://omeka.org/s/vocabs/o#media>,,<https://id.analoggamemuseum.org/api/media/18789>
<https://id.analoggamemuseum.org/api/items/7964>,<http://omeka.org/s/vocabs/o#modified>,"""2026-01-08T18:24:39+00:00""^^<http://www.w3.org/2001/XMLSchema#dateTime>","""2026-02-14T06:34:34+00:00""^^<http://www.w3.org/2001/XMLSchema#dateTime>"
<https://id.analoggamemuseum.org/api/items/7964>,<http://omeka.org/s/vocabs/o#title>,"""A1219""","""A2462"""
<https://id.analoggamemuseum.org/api/items/7964>,<http://purl.org/dc/terms/title>,"""A1219""","""A2462"""
<https://id.analoggamemuseum.org/api/items/7964>,<https://www.analoggamemuseum.org/ontology/exemplarOf>,<https://id.analoggamemuseum.org/api/items/6579>,<https://id.analoggamemuseum.org/api/items/6721>
<https://id.analoggamemuseum.org/api/items/7964>,<https://www.analoggamemuseum.org/ontology/identifier>,"""A1219""","""A2462"""
<https://id.analoggamemuseum.org/api/items/7967>,<http://omeka.org/s/vocabs/o#media>,,<https://id.analoggamemuseum.org/api/media/18794>
<https://id.analoggamemuseum.org/api/items/7967>,<http://omeka.org/s/vocabs/o#media>,,<https://id.analoggamemuseum.org/api/media/18795>
<https://id.analoggamemuseum.org/api/items/7967>,<http://omeka.org/s/vocabs/o#modified>,"""2026-01-08T18:24:39+00:00""^^<http://www.w3.org/2001/XMLSchema#dateTime>","""2026-02-14T05:23:11+00:00""^^<http://www.w3.org/2001/XMLSchema#dateTime>"
<https://id.analoggamemuseum.org/api/items/7967>,<http://omeka.org/s/vocabs/o#title>,"""A1221""","""A2449"""
<https://id.analoggamemuseum.org/api/items/7967>,<http://purl.org/dc/terms/title>,"""A1221""","""A2449"""
<https://id.analoggamemuseum.org/api/items/7967>,<https://www.analoggamemuseum.org/ontology/exemplarOf>,<https://id.analoggamemuseum.org/api/items/6582>,<https://id.analoggamemuseum.org/api/items/6704>
<https://id.analoggamemuseum.org/api/items/7967>,<https://www.analoggamemuseum.org/ontology/identifier>,"""A1221""","""A2449"""
<https://id.analoggamemuseum.org/api/items/7971>,<http://omeka.org/s/vocabs/o#media>,,<https://id.analoggamemuseum.org/api/media/18792>
<https://id.analoggamemuseum.org/api/items/7971>,<http://omeka.org/s/vocabs/o#media>,,<https://id.analoggamemuseum.org/api/media/18793>
<https://id.analoggamemuseum.org/api/items/7971>,<http://omeka.org/s/vocabs/o#modified>,"""2026-01-08T18:24:39+00:00""^^<http://www.w3.org/2001/XMLSchema#dateTime>","""2026-02-14T06:40:58+00:00""^^<http://www.w3.org/2001/XMLSchema#dateTime>"
<https://id.analoggamemuseum.org/api/items/7971>,<http://omeka.org/s/vocabs/o#title>,"""A1220""","""A2469"""
<https://id.analoggamemuseum.org/api/items/7971>,<http://purl.org/dc/terms/title>,"""A1220""","""A2469"""
<https://id.analoggamemuseum.org/api/items/7971>,<https://www.analoggamemuseum.org/ontology/exemplarOf>,<https://id.analoggamemuseum.org/api/items/6586>,<https://id.analoggamemuseum.org/api/items/6709>
<https://id.analoggamemuseum.org/api/items/7971>,<https://www.analoggamemuseum.org/ontology/identifier>,"""A1220""","""A2469"""
<https://id.analoggamemuseum.org/api/items/7975>,<http://omeka.org/s/vocabs/o#media>,,<https://id.analoggamemuseum.org/api/media/19819>
<https://id.analoggamemuseum.org/api/items/7975>,<http://omeka.org/s/vocabs/o#media>,,<https://id.analoggamemuseum.org/api/media/19820>
<https://id.analoggamemuseum.org/api/items/7976>,<http://omeka.org/s/vocabs/o#media>,,<https://id.analoggamemuseum.org/api/media/19821>
<https://id.analoggamemuseum.org/api/items/7976>,<http://omeka.org/s/vocabs/o#media>,,<https://id.analoggamemuseum.org/api/media/19822>
<https://id.analoggamemuseum.org/api/items/7977>,<http://omeka.org/s/vocabs/o#media>,,<https://id.analoggamemuseum.org/api/media/19823>
<https://id.analoggamemuseum.org/api/items/7977>,<http://omeka.org/s/vocabs/o#media>,,<https://id.analoggamemuseum.org/api/media/19824>
<https://id.analoggamemuseum.org/api/items/7978>,<http://omeka.org/s/vocabs/o#media>,,<https://id.analoggamemuseum.org/api/media/19825>
<https://id.analoggamemuseum.org/api/items/7978>,<http://omeka.org/s/vocabs/o#media>,,<https://id.analoggamemuseum.org/api/media/19826>
<https://id.analoggamemuseum.org/api/items/7979>,<http://omeka.org/s/vocabs/o#media>,,<https://id.analoggamemuseum.org/api/media/19827>
<https://id.analoggamemuseum.org/api/items/7979>,<http://omeka.org/s/vocabs/o#media>,,<https://id.analoggamemuseum.org/api/media/19828>
<https://id.analoggamemuseum.org/api/items/7980>,<http://omeka.org/s/vocabs/o#media>,,<https://id.analoggamemuseum.org/api/media/19829>
<https://id.analoggamemuseum.org/api/items/7980>,<http://omeka.org/s/vocabs/o#media>,,<https://id.analoggamemuseum.org/api/media/19830>
<https://id.analoggamemuseum.org/api/items/7980>,<http://omeka.org/s/vocabs/o#media>,,<https://id.analoggamemuseum.org/api/media/19831>
<https://id.analoggamemuseum.org/api/items/7981>,<http://omeka.org/s/vocabs/o#media>,,<https://id.analoggamemuseum.org/api/media/19832>
<https://id.analoggamemuseum.org/api/items/7981>,<http://omeka.org/s/vocabs/o#media>,,<https://id.analoggamemuseum.org/api/media/19833>
<https://id.analoggamemuseum.org/api/items/7982>,<http://omeka.org/s/vocabs/o#media>,,<https://id.analoggamemuseum.org/api/media/19834>
<https://id.analoggamemuseum.org/api/items/7982>,<http://omeka.org/s/vocabs/o#media>,,<https://id.analoggamemuseum.org/api/media/19835>
<https://id.analoggamemuseum.org/api/items/7983>,<http://omeka.org/s/vocabs/o#media>,,<https://id.analoggamemuseum.org/api/media/19836>
<https://id.analoggamemuseum.org/api/items/7983>,<http://omeka.org/s/vocabs/o#media>,,<https://id.analoggamemuseum.org/api/media/19837>
<https://id.analoggamemuseum.org/api/items/7983>,<http://omeka.org/s/vocabs/o#media>,,<https://id.analoggamemuseum.org/api/media/19838>
<https://id.analoggamemuseum.org/api/items/7984>,<http://omeka.org/s/vocabs/o#media>,,<https://id.analoggamemuseum.org/api/media/19839>
<https://id.analoggamemuseum.org/api/items/7984>,<http://omeka.org/s/vocabs/o#media>,,<https://id.analoggamemuseum.org/api/media/19840>
<https://id.analoggamemuseum.org/api/items/7985>,<http://omeka.org/s/vocabs/o#media>,,<https://id.analoggamemuseum.org/api/media/19841>
<https://id.analoggamemuseum.org/api/items/7985>,<http://omeka.org/s/vocabs/o#media>,,<https://id.analoggamemuseum.org/api/media/19842>
<https://id.analoggamemuseum.org/api/items/7986>,<http://omeka.org/s/vocabs/o#media>,,<https://id.analoggamemuseum.org/api/media/19843>
<https://id.analoggamemuseum.org/api/items/7986>,<http://omeka.org/s/vocabs/o#media>,,<https://id.analoggamemuseum.org/api/media/19844>
<https://id.analoggamemuseum.org/api/items/7986>,<http://omeka.org/s/vocabs/o#media>,,<https://id.analoggamemuseum.org/api/media/19845>
<https://id.analoggamemuseum.org/api/items/7987>,<http://omeka.org/s/vocabs/o#media>,,<https://id.analoggamemuseum.org/api/media/19846>
<https://id.analoggamemuseum.org/api/items/7987>,<http://omeka.org/s/vocabs/o#media>,,<https://id.analoggamemuseum.org/api/media/19847>
<https://id.analoggamemuseum.org/api/items/7988>,<http://omeka.org/s/vocabs/o#media>,,<https://id.analoggamemuseum.org/api/media/19848>
<https://id.analoggamemuseum.org/api/items/7988>,<http://omeka.org/s/vocabs/o#media>,,<https://id.analoggamemuseum.org/api/media/19849>
<https://id.analoggamemuseum.org/api/items/7989>,<http://omeka.org/s/vocabs/o#media>,,<https://id.analoggamemuseum.org/api/media/19850>
<https://id.analoggamemuseum.org/api/items/7989>,<http://omeka.org/s/vocabs/o#media>,,<https://id.analoggamemuseum.org/api/media/19851>
<https://id.analoggamemuseum.org/api/items/7990>,<http://omeka.org/s/vocabs/o#media>,,<https://id.analoggamemuseum.org/api/media/19852>
<https://id.analoggamemuseum.org/api/items/7990>,<http://omeka.org/s/vocabs/o#media>,,<https://id.analoggamemuseum.org/api/media/19853>
<https://id.analoggamemuseum.org/api/items/7990>,<http://omeka.org/s/vocabs/o#media>,,<https://id.analoggamemuseum.org/api/media/19854>
<https://id.analoggamemuseum.org/api/items/7991>,<http://omeka.org/s/vocabs/o#media>,,<https://id.analoggamemuseum.org/api/media/19855>
<https://id.analoggamemuseum.org/api/items/7991>,<http://omeka.org/s/vocabs/o#media>,,<https://id.analoggamemuseum.org/api/media/19856>
<https://id.analoggamemuseum.org/api/items/7991>,<http://omeka.org/s/vocabs/o#media>,,<https://id.analoggamemuseum.org/api/media/19857>
<https://id.analoggamemuseum.org/api/items/7992>,<http://omeka.org/s/vocabs/o#media>,,<https://id.analoggamemuseum.org/api/media/19858>
<https://id.analoggamemuseum.org/api/items/7992>,<http://omeka.org/s/vocabs/o#media>,,<https://id.analoggamemuseum.org/api/media/19859>
<https://id.analoggamemuseum.org/api/items/7992>,<http://omeka.org/s/vocabs/o#media>,,<https://id.analoggamemuseum.org/api/media/19860>
<https://id.analoggamemuseum.org/api/items/7993>,<http://omeka.org/s/vocabs/o#media>,,<https://id.analoggamemuseum.org/api/media/19861>
<https://id.analoggamemuseum.org/api/items/7993>,<http://omeka.org/s/vocabs/o#media>,,<https://id.analoggamemuseum.org/api/media/19862>
<https://id.analoggamemuseum.org/api/items/7994>,<http://omeka.org/s/vocabs/o#media>,,<https://id.analoggamemuseum.org/api/media/19863>
<https://id.analoggamemuseum.org/api/items/7994>,<http://omeka.org/s/vocabs/o#media>,,<https://id.analoggamemuseum.org/api/media/19864>
<https://id.analoggamemuseum.org/api/items/7994>,<http://omeka.org/s/vocabs/o#media>,,<https://id.analoggamemuseum.org/api/media/19865>
<https://id.analoggamemuseum.org/api/items/7995>,<http://omeka.org/s/vocabs/o#media>,,<https://id.analoggamemuseum.org/api/media/19866>
<https://id.analoggamemuseum.org/api/items/7995>,<http://omeka.org/s/vocabs/o#media>,,<https://id.analoggamemuseum.org/api/media/19867>
<https://id.analoggamemuseum.org/api/items/7996>,<http://omeka.org/s/vocabs/o#media>,,<https://id.analoggamemuseum.org/api/media/19868>
<https://id.analoggamemuseum.org/api/items/7996>,<http://omeka.org/s/vocabs/o#media>,,<https://id.analoggamemuseum.org/api/media/19869>
<https://id.analoggamemuseum.org/api/items/7996>,<http://omeka.org/s/vocabs/o#media>,,<https://id.analoggamemuseum.org/api/media/19870>
<https://id.analoggamemuseum.org/api/items/8002>,<http://omeka.org/s/vocabs/o#media>,,<https://id.analoggamemuseum.org/api/media/18798>
<https://id.analoggamemuseum.org/api/items/8002>,<http://omeka.org/s/vocabs/o#media>,,<https://id.analoggamemuseum.org/api/media/18799>
<https://id.analoggamemuseum.org/api/items/8002>,<http://omeka.org/s/vocabs/o#modified>,"""2026-01-08T18:24:39+00:00""^^<http://www.w3.org/2001/XMLSchema#dateTime>","""2026-02-14T07:05:51+00:00""^^<http://www.w3.org/2001/XMLSchema#dateTime>"
<https://id.analoggamemuseum.org/api/items/8002>,<http://omeka.org/s/vocabs/o#title>,"""A1223""","""A2476"""
<https://id.analoggamemuseum.org/api/items/8002>,<http://purl.org/dc/terms/title>,"""A1223""","""A2476"""
<https://id.analoggamemuseum.org/api/items/8002>,<https://www.analoggamemuseum.org/ontology/exemplarOf>,<https://id.analoggamemuseum.org/api/items/6617>,<https://id.analoggamemuseum.org/api/items/6713>
<https://id.analoggamemuseum.org/api/items/8002>,<https://www.analoggamemuseum.org/ontology/identifier>,"""A1223""","""A2476"""
<https://id.analoggamemuseum.org/api/items/8003>,<http://omeka.org/s/vocabs/o#media>,,<https://id.analoggamemuseum.org/api/media/18796>
<https://id.analoggamemuseum.org/api/items/8003>,<http://omeka.org/s/vocabs/o#media>,,<https://id.analoggamemuseum.org/api/media/18797>
<https://id.analoggamemuseum.org/api/items/8003>,<http://omeka.org/s/vocabs/o#modified>,"""2026-01-08T18:24:39+00:00""^^<http://www.w3.org/2001/XMLSchema#dateTime>","""2026-02-14T07:21:40+00:00""^^<http://www.w3.org/2001/XMLSchema#dateTime>"
<https://id.analoggamemuseum.org/api/items/8003>,<http://omeka.org/s/vocabs/o#title>,"""A1222""","""A2484"""
<https://id.analoggamemuseum.org/api/items/8003>,<http://purl.org/dc/terms/title>,"""A1222""","""A2484"""
<https://id.analoggamemuseum.org/api/items/8003>,<https://www.analoggamemuseum.org/ontology/exemplarOf>,<https://id.analoggamemuseum.org/api/items/6618>,<https://id.analoggamemuseum.org/api/items/6703>
<https://id.analoggamemuseum.org/api/items/8003>,<https://www.analoggamemuseum.org/ontology/identifier>,"""A1222""","""A2484"""
<https://id.analoggamemuseum.org/api/items/8004>,<http://omeka.org/s/vocabs/o#media>,,<https://id.analoggamemuseum.org/api/media/19871>
<https://id.analoggamemuseum.org/api/items/8004>,<http://omeka.org/s/vocabs/o#media>,,<https://id.analoggamemuseum.org/api/media/19872>
<https://id.analoggamemuseum.org/api/items/8005>,<http://omeka.org/s/vocabs/o#media>,,<https://id.analoggamemuseum.org/api/media/19873>
<https://id.analoggamemuseum.org/api/items/8005>,<http://omeka.org/s/vocabs/o#media>,,<https://id.analoggamemuseum.org/api/media/19874>
<https://id.analoggamemuseum.org/api/items/8006>,<http://omeka.org/s/vocabs/o#media>,,<https://id.analoggamemuseum.org/api/media/19875>
<https://id.analoggamemuseum.org/api/items/8006>,<http://omeka.org/s/vocabs/o#media>,,<https://id.analoggamemuseum.org/api/media/19876>
<https://id.analoggamemuseum.org/api/items/8007>,<http://omeka.org/s/vocabs/o#media>,,<https://id.analoggamemuseum.org/api/media/19877>
<https://id.analoggamemuseum.org/api/items/8007>,<http://omeka.org/s/vocabs/o#media>,,<https://id.analoggamemuseum.org/api/media/19878>
<https://id.analoggamemuseum.org/api/items/8008>,<http://omeka.org/s/vocabs/o#media>,,<https://id.analoggamemuseum.org/api/media/19879>
<https://id.analoggamemuseum.org/api/items/8008>,<http://omeka.org/s/vocabs/o#media>,,<https://id.analoggamemuseum.org/api/media/19880>
<https://id.analoggamemuseum.org/api/items/8009>,<http://omeka.org/s/vocabs/o#media>,,<https://id.analoggamemuseum.org/api/media/19881>
<https://id.analoggamemuseum.org/api/items/8009>,<http://omeka.org/s/vocabs/o#media>,,<https://id.analoggamemuseum.org/api/media/19882>
<https://id.analoggamemuseum.org/api/items/8010>,<http://omeka.org/s/vocabs/o#media>,,<https://id.analoggamemuseum.org/api/media/19883>
<https://id.analoggamemuseum.org/api/items/8010>,<http://omeka.org/s/vocabs/o#media>,,<https://id.analoggamemuseum.org/api/media/19884>
<https://id.analoggamemuseum.org/api/items/8010>,<http://omeka.org/s/vocabs/o#media>,,<https://id.analoggamemuseum.org/api/media/19885>
<https://id.analoggamemuseum.org/api/items/8011>,<http://omeka.org/s/vocabs/o#media>,,<https://id.analoggamemuseum.org/api/media/19886>
<https://id.analoggamemuseum.org/api/items/8011>,<http://omeka.org/s/vocabs/o#media>,,<https://id.analoggamemuseum.org/api/media/19887>
<https://id.analoggamemuseum.org/api/items/8012>,<http://omeka.org/s/vocabs/o#media>,,<https://id.analoggamemuseum.org/api/media/19888>
<https://id.analoggamemuseum.org/api/items/8012>,<http://omeka.org/s/vocabs/o#media>,,<https://id.analoggamemuseum.org/api/media/19889>
<https://id.analoggamemuseum.org/api/items/8012>,<http://omeka.org/s/vocabs/o#media>,,<https://id.analoggamemuseum.org/api/media/19890>
<https://id.analoggamemuseum.org/api/items/8013>,<http://omeka.org/s/vocabs/o#media>,,<https://id.analoggamemuseum.org/api/media/19891>
<https://id.analoggamemuseum.org/api/items/8013>,<http://omeka.org/s/vocabs/o#media>,,<https://id.analoggamemuseum.org/api/media/19892>
<https://id.analoggamemuseum.org/api/items/8014>,<http://omeka.org/s/vocabs/o#media>,,<https://id.analoggamemuseum.org/api/media/19893>
<https://id.analoggamemuseum.org/api/items/8014>,<http://omeka.org/s/vocabs/o#media>,,<https://id.analoggamemuseum.org/api/media/19894>
<https://id.analoggamemuseum.org/api/items/8015>,<http://omeka.org/s/vocabs/o#media>,,<https://id.analoggamemuseum.org/api/media/19895>
<https://id.analoggamemuseum.org/api/items/8015>,<http://omeka.org/s/vocabs/o#media>,,<https://id.analoggamemuseum.org/api/media/19896>
<https://id.analoggamemuseum.org/api/items/8016>,<http://omeka.org/s/vocabs/o#media>,,<https://id.analoggamemuseum.org/api/media/19897>
<https://id.analoggamemuseum.org/api/items/8016>,<http://omeka.org/s/vocabs/o#media>,,<https://id.analoggamemuseum.org/api/media/19898>
<https://id.analoggamemuseum.org/api/items/8017>,<http://omeka.org/s/vocabs/o#media>,,<https://id.analoggamemuseum.org/api/media/19899>
<https://id.analoggamemuseum.org/api/items/8017>,<http://omeka.org/s/vocabs/o#media>,,<https://id.analoggamemuseum.org/api/media/19900>
<https://id.analoggamemuseum.org/api/items/8017>,<http://omeka.org/s/vocabs/o#media>,,<https://id.analoggamemuseum.org/api/media/19901>
<https://id.analoggamemuseum.org/api/items/8018>,<http://omeka.org/s/vocabs/o#media>,,<https://id.analoggamemuseum.org/api/media/19902>
<https://id.analoggamemuseum.org/api/items/8018>,<http://omeka.org/s/vocabs/o#media>,,<https://id.analoggamemuseum.org/api/media/19903>
<https://id.analoggamemuseum.org/api/items/8018>,<http://omeka.org/s/vocabs/o#media>,,<https://id.analoggamemuseum.org/api/media/19904>
<https://id.analoggamemuseum.org/api/items/8019>,<http://omeka.org/s/vocabs/o#media>,,<https://id.analoggamemuseum.org/api/media/19905>
<https://id.analoggamemuseum.org/api/items/8019>,<http://omeka.org/s/vocabs/o#media>,,<https://id.analoggamemuseum.org/api/media/19906>
<https://id.analoggamemuseum.org/api/items/8020>,<http://omeka.org/s/vocabs/o#media>,,<https://id.analoggamemuseum.org/api/media/19907>
<https://id.analoggamemuseum.org/api/items/8020>,<http://omeka.org/s/vocabs/o#media>,,<https://id.analoggamemuseum.org/api/media/19908>
<https://id.analoggamemuseum.org/api/items/8021>,<http://omeka.org/s/vocabs/o#media>,,<https://id.analoggamemuseum.org/api/media/19909>
<https://id.analoggamemuseum.org/api/items/8021>,<http://omeka.org/s/vocabs/o#media>,,<https://id.analoggamemuseum.org/api/media/19910>
<https://id.analoggamemuseum.org/api/items/8022>,<http://omeka.org/s/vocabs/o#media>,,<https://id.analoggamemuseum.org/api/media/19911>
<https://id.analoggamemuseum.org/api/items/8022>,<http://omeka.org/s/vocabs/o#media>,,<https://id.analoggamemuseum.org/api/media/19912>
<https://id.analoggamemuseum.org/api/items/8022>,<http://omeka.org/s/vocabs/o#media>,,<https://id.analoggamemuseum.org/api/media/19913>
<https://id.analoggamemuseum.org/api/items/8023>,<http://omeka.org/s/vocabs/o#media>,,<https://id.analoggamemuseum.org/api/media/19914>
<https://id.analoggamemuseum.org/api/items/8023>,<http://omeka.org/s/vocabs/o#media>,,<https://id.analoggamemuseum.org/api/media/19915>
<https://id.analoggamemuseum.org/api/items/8023>,<http://omeka.org/s/vocabs/o#media>,,<https://id.analoggamemuseum.org/api/media/19916>
<https://id.analoggamemuseum.org/api/items/8024>,<http://omeka.org/s/vocabs/o#media>,,<https://id.analoggamemuseum.org/api/media/19917>
<https://id.analoggamemuseum.org/api/items/8024>,<http://omeka.org/s/vocabs/o#media>,,<https://id.analoggamemuseum.org/api/media/19918>
<https://id.analoggamemuseum.org/api/items/8024>,<http://omeka.org/s/vocabs/o#media>,,<https://id.analoggamemuseum.org/api/media/19919>
<https://id.analoggamemuseum.org/api/items/8025>,<http://omeka.org/s/vocabs/o#media>,,<https://id.analoggamemuseum.org/api/media/19920>
<https://id.analoggamemuseum.org/api/items/8025>,<http://omeka.org/s/vocabs/o#media>,,<https://id.analoggamemuseum.org/api/media/19921>
<https://id.analoggamemuseum.org/api/items/8026>,<http://omeka.org/s/vocabs/o#media>,,<https://id.analoggamemuseum.org/api/media/19986>
<https://id.analoggamemuseum.org/api/items/8026>,<http://omeka.org/s/vocabs/o#media>,,<https://id.analoggamemuseum.org/api/media/19987>
<https://id.analoggamemuseum.org/api/items/8027>,<http://omeka.org/s/vocabs/o#media>,,<https://id.analoggamemuseum.org/api/media/19988>
<https://id.analoggamemuseum.org/api/items/8027>,<http://omeka.org/s/vocabs/o#media>,,<https://id.analoggamemuseum.org/api/media/19989>
<https://id.analoggamemuseum.org/api/items/8028>,<http://omeka.org/s/vocabs/o#media>,,<https://id.analoggamemuseum.org/api/media/19990>
<https://id.analoggamemuseum.org/api/items/8028>,<http://omeka.org/s/vocabs/o#media>,,<https://id.analoggamemuseum.org/api/media/19991>
<https://id.analoggamemuseum.org/api/items/8029>,<http://omeka.org/s/vocabs/o#media>,,<https://id.analoggamemuseum.org/api/media/19992>
<https://id.analoggamemuseum.org/api/items/8029>,<http://omeka.org/s/vocabs/o#media>,,<https://id.analoggamemuseum.org/api/media/19993>
<https://id.analoggamemuseum.org/api/items/8030>,<http://omeka.org/s/vocabs/o#media>,,<https://id.analoggamemuseum.org/api/media/19924>
<https://id.analoggamemuseum.org/api/items/8030>,<http://omeka.org/s/vocabs/o#media>,,<https://id.analoggamemuseum.org/api/media/19925>
<https://id.analoggamemuseum.org/api/items/8035>,<http://omeka.org/s/vocabs/o#modified>,"""2026-01-08T18:24:39+00:00""^^<http://www.w3.org/2001/XMLSchema#dateTime>","""2026-02-15T06:08:26+00:00""^^<http://www.w3.org/2001/XMLSchema#dateTime>"
<https://id.analoggamemuseum.org/api/items/8035>,<http://omeka.org/s/vocabs/o#title>,"""A1193""","""A2512"""
<https://id.analoggamemuseum.org/api/items/8035>,<http://purl.org/dc/terms/title>,"""A1193""","""A2512"""
<https://id.analoggamemuseum.org/api/items/8035>,<https://www.analoggamemuseum.org/ontology/identifier>,"""A1193""","""A2512"""
<https://id.analoggamemuseum.org/api/items/8036>,<http://omeka.org/s/vocabs/o#modified>,"""2026-01-08T18:24:39+00:00""^^<http://www.w3.org/2001/XMLSchema#dateTime>","""2026-02-15T06:13:47+00:00""^^<http://www.w3.org/2001/XMLSchema#dateTime>"
<https://id.analoggamemuseum.org/api/items/8036>,<http://omeka.org/s/vocabs/o#title>,"""A1195""","""A2518"""
<https://id.analoggamemuseum.org/api/items/8036>,<http://purl.org/dc/terms/title>,"""A1195""","""A2518"""
<https://id.analoggamemuseum.org/api/items/8036>,<https://www.analoggamemuseum.org/ontology/identifier>,"""A1195""","""A2518"""
<https://id.analoggamemuseum.org/api/items/8037>,<http://omeka.org/s/vocabs/o#modified>,"""2026-01-08T18:24:39+00:00""^^<http://www.w3.org/2001/XMLSchema#dateTime>","""2026-02-15T06:10:32+00:00""^^<http://www.w3.org/2001/XMLSchema#dateTime>"
<https://id.analoggamemuseum.org/api/items/8037>,<http://omeka.org/s/vocabs/o#title>,"""A1194""","""A2513"""
<https://id.analoggamemuseum.org/api/items/8037>,<http://purl.org/dc/terms/title>,"""A1194""","""A2513"""
<https://id.analoggamemuseum.org/api/items/8037>,<https://www.analoggamemuseum.org/ontology/identifier>,"""A1194""","""A2513"""
<https://id.analoggamemuseum.org/api/items/8039>,<http://omeka.org/s/vocabs/o#modified>,"""2026-01-08T18:24:39+00:00""^^<http://www.w3.org/2001/XMLSchema#dateTime>","""2026-02-15T06:11:57+00:00""^^<http://www.w3.org/2001/XMLSchema#dateTime>"
<https://id.analoggamemuseum.org/api/items/8039>,<http://omeka.org/s/vocabs/o#title>,"""A1197""","""A2517"""
<https://id.analoggamemuseum.org/api/items/8039>,<http://purl.org/dc/terms/title>,"""A1197""","""A2517"""
<https://id.analoggamemuseum.org/api/items/8039>,<https://www.analoggamemuseum.org/ontology/identifier>,"""A1197""","""A2517"""
<https://id.analoggamemuseum.org/api/items/8040>,<http://omeka.org/s/vocabs/o#media>,,<https://id.analoggamemuseum.org/api/media/20003>
<https://id.analoggamemuseum.org/api/items/8040>,<http://omeka.org/s/vocabs/o#media>,,<https://id.analoggamemuseum.org/api/media/20004>
<https://id.analoggamemuseum.org/api/items/8040>,<http://omeka.org/s/vocabs/o#media>,,<https://id.analoggamemuseum.org/api/media/20005>
<https://id.analoggamemuseum.org/api/items/8041>,<http://omeka.org/s/vocabs/o#media>,,<https://id.analoggamemuseum.org/api/media/20001>
<https://id.analoggamemuseum.org/api/items/8041>,<http://omeka.org/s/vocabs/o#media>,,<https://id.analoggamemuseum.org/api/media/20002>
<https://id.analoggamemuseum.org/api/items/8042>,<http://omeka.org/s/vocabs/o#media>,,<https://id.analoggamemuseum.org/api/media/20013>
<https://id.analoggamemuseum.org/api/items/8042>,<http://omeka.org/s/vocabs/o#media>,,<https://id.analoggamemuseum.org/api/media/20014>
<https://id.analoggamemuseum.org/api/items/8043>,<http://omeka.org/s/vocabs/o#media>,,<https://id.analoggamemuseum.org/api/media/20009>
<https://id.analoggamemuseum.org/api/items/8043>,<http://omeka.org/s/vocabs/o#media>,,<https://id.analoggamemuseum.org/api/media/20010>
<https://id.analoggamemuseum.org/api/items/8044>,<http://omeka.org/s/vocabs/o#media>,,<https://id.analoggamemuseum.org/api/media/19994>
<https://id.analoggamemuseum.org/api/items/8044>,<http://omeka.org/s/vocabs/o#media>,,<https://id.analoggamemuseum.org/api/media/19995>
<https://id.analoggamemuseum.org/api/items/8045>,<http://omeka.org/s/vocabs/o#media>,,<https://id.analoggamemuseum.org/api/media/19996>
<https://id.analoggamemuseum.org/api/items/8045>,<http://omeka.org/s/vocabs/o#media>,,<https://id.analoggamemuseum.org/api/media/19997>
<https://id.analoggamemuseum.org/api/items/8046>,<http://omeka.org/s/vocabs/o#media>,,<https://id.analoggamemuseum.org/api/media/20006>
<https://id.analoggamemuseum.org/api/items/8046>,<http://omeka.org/s/vocabs/o#media>,,<https://id.analoggamemuseum.org/api/media/20007>
<https://id.analoggamemuseum.org/api/items/8046>,<http://omeka.org/s/vocabs/o#media>,,<https://id.analoggamemuseum.org/api/media/20008>
<https://id.analoggamemuseum.org/api/items/8047>,<http://omeka.org/s/vocabs/o#modified>,"""2026-01-08T18:24:39+00:00""^^<http://www.w3.org/2001/XMLSchema#dateTime>","""2026-02-15T06:40:33+00:00""^^<http://www.w3.org/2001/XMLSchema#dateTime>"
<https://id.analoggamemuseum.org/api/items/8047>,<http://omeka.org/s/vocabs/o#title>,"""A1201""","""A2529"""
<https://id.analoggamemuseum.org/api/items/8047>,<http://purl.org/dc/terms/title>,"""A1201""","""A2529"""
<https://id.analoggamemuseum.org/api/items/8047>,<https://www.analoggamemuseum.org/ontology/identifier>,"""A1201""","""A2529"""
<https://id.analoggamemuseum.org/api/items/8048>,<http://omeka.org/s/vocabs/o#modified>,"""2026-01-08T18:24:39+00:00""^^<http://www.w3.org/2001/XMLSchema#dateTime>","""2026-02-15T06:42:07+00:00""^^<http://www.w3.org/2001/XMLSchema#dateTime>"
<https://id.analoggamemuseum.org/api/items/8048>,<http://omeka.org/s/vocabs/o#title>,"""A1200""","""A2530"""
<https://id.analoggamemuseum.org/api/items/8048>,<http://purl.org/dc/terms/title>,"""A1200""","""A2530"""
<https://id.analoggamemuseum.org/api/items/8048>,<https://www.analoggamemuseum.org/ontology/identifier>,"""A1200""","""A2530"""
<https://id.analoggamemuseum.org/api/items/8049>,<http://omeka.org/s/vocabs/o#modified>,"""2026-01-08T18:24:39+00:00""^^<http://www.w3.org/2001/XMLSchema#dateTime>","""2026-02-15T06:16:20+00:00""^^<http://www.w3.org/2001/XMLSchema#dateTime>"
<https://id.analoggamemuseum.org/api/items/8049>,<http://omeka.org/s/vocabs/o#title>,"""A1198""","""A2519"""
<https://id.analoggamemuseum.org/api/items/8049>,<http://purl.org/dc/terms/title>,"""A1198""","""A2519"""
<https://id.analoggamemuseum.org/api/items/8049>,<https://www.analoggamemuseum.org/ontology/identifier>,"""A1198""","""A2519"""
<https://id.analoggamemuseum.org/api/items/8050>,<http://omeka.org/s/vocabs/o#modified>,"""2026-01-08T18:24:39+00:00""^^<http://www.w3.org/2001/XMLSchema#dateTime>","""2026-02-15T06:38:46+00:00""^^<http://www.w3.org/2001/XMLSchema#dateTime>"
<https://id.analoggamemuseum.org/api/items/8050>,<http://omeka.org/s/vocabs/o#title>,"""A1202""","""A2528"""
<https://id.analoggamemuseum.org/api/items/8050>,<http://purl.org/dc/terms/title>,"""A1202""","""A2528"""
<https://id.analoggamemuseum.org/api/items/8050>,<https://www.analoggamemuseum.org/ontology/identifier>,"""A1202""","""A2528"""
<https://id.analoggamemuseum.org/api/items/8051>,<http://omeka.org/s/vocabs/o#media>,,<https://id.analoggamemuseum.org/api/media/19802>
<https://id.analoggamemuseum.org/api/items/8051>,<http://omeka.org/s/vocabs/o#media>,,<https://id.analoggamemuseum.org/api/media/19803>
<https://id.analoggamemuseum.org/api/items/8052>,<http://omeka.org/s/vocabs/o#media>,,<https://id.analoggamemuseum.org/api/media/20039>
<https://id.analoggamemuseum.org/api/items/8052>,<http://omeka.org/s/vocabs/o#media>,,<https://id.analoggamemuseum.org/api/media/20040>
<https://id.analoggamemuseum.org/api/items/8053>,<http://omeka.org/s/vocabs/o#media>,,<https://id.analoggamemuseum.org/api/media/20037>
<https://id.analoggamemuseum.org/api/items/8053>,<http://omeka.org/s/vocabs/o#media>,,<https://id.analoggamemuseum.org/api/media/20038>
<https://id.analoggamemuseum.org/api/items/8054>,<http://omeka.org/s/vocabs/o#media>,,<https://id.analoggamemuseum.org/api/media/20026>
<https://id.analoggamemuseum.org/api/items/8054>,<http://omeka.org/s/vocabs/o#media>,,<https://id.analoggamemuseum.org/api/media/20027>
<https://id.analoggamemuseum.org/api/items/8054>,<http://omeka.org/s/vocabs/o#media>,,<https://id.analoggamemuseum.org/api/media/20028>
<https://id.analoggamemuseum.org/api/items/8055>,<http://omeka.org/s/vocabs/o#media>,,<https://id.analoggamemuseum.org/api/media/20034>
<https://id.analoggamemuseum.org/api/items/8055>,<http://omeka.org/s/vocabs/o#media>,,<https://id.analoggamemuseum.org/api/media/20035>
<https://id.analoggamemuseum.org/api/items/8055>,<http://omeka.org/s/vocabs/o#media>,,<https://id.analoggamemuseum.org/api/media/20036>
<https://id.analoggamemuseum.org/api/items/8056>,<http://omeka.org/s/vocabs/o#media>,,<https://id.analoggamemuseum.org/api/media/20031>
<https://id.analoggamemuseum.org/api/items/8056>,<http://omeka.org/s/vocabs/o#media>,,<https://id.analoggamemuseum.org/api/media/20032>
<https://id.analoggamemuseum.org/api/items/8056>,<http://omeka.org/s/vocabs/o#media>,,<https://id.analoggamemuseum.org/api/media/20033>
<https://id.analoggamemuseum.org/api/items/8057>,<http://omeka.org/s/vocabs/o#media>,,<https://id.analoggamemuseum.org/api/media/20029>
<https://id.analoggamemuseum.org/api/items/8057>,<http://omeka.org/s/vocabs/o#media>,,<https://id.analoggamemuseum.org/api/media/20030>
<https://id.analoggamemuseum.org/api/items/8058>,<http://omeka.org/s/vocabs/o#media>,,<https://id.analoggamemuseum.org/api/media/20020>
<https://id.analoggamemuseum.org/api/items/8058>,<http://omeka.org/s/vocabs/o#media>,,<https://id.analoggamemuseum.org/api/media/20021>
<https://id.analoggamemuseum.org/api/items/8059>,<http://omeka.org/s/vocabs/o#media>,,<https://id.analoggamemuseum.org/api/media/20053>
<https://id.analoggamemuseum.org/api/items/8059>,<http://omeka.org/s/vocabs/o#media>,,<https://id.analoggamemuseum.org/api/media/20054>
<https://id.analoggamemuseum.org/api/items/8060>,<http://omeka.org/s/vocabs/o#media>,,<https://id.analoggamemuseum.org/api/media/20018>
<https://id.analoggamemuseum.org/api/items/8060>,<http://omeka.org/s/vocabs/o#media>,,<https://id.analoggamemuseum.org/api/media/20019>
<https://id.analoggamemuseum.org/api/items/8061>,<http://omeka.org/s/vocabs/o#media>,,<https://id.analoggamemuseum.org/api/media/20048>
<https://id.analoggamemuseum.org/api/items/8061>,<http://omeka.org/s/vocabs/o#media>,,<https://id.analoggamemuseum.org/api/media/20049>
<https://id.analoggamemuseum.org/api/items/8062>,<http://omeka.org/s/vocabs/o#media>,,<https://id.analoggamemuseum.org/api/media/20015>
<https://id.analoggamemuseum.org/api/items/8062>,<http://omeka.org/s/vocabs/o#media>,,<https://id.analoggamemuseum.org/api/media/20016>
<https://id.analoggamemuseum.org/api/items/8062>,<http://omeka.org/s/vocabs/o#media>,,<https://id.analoggamemuseum.org/api/media/20017>
<https://id.analoggamemuseum.org/api/items/8063>,<http://omeka.org/s/vocabs/o#media>,,<https://id.analoggamemuseum.org/api/media/20011>
<https://id.analoggamemuseum.org/api/items/8063>,<http://omeka.org/s/vocabs/o#media>,,<https://id.analoggamemuseum.org/api/media/20012>
<https://id.analoggamemuseum.org/api/items/8064>,<http://omeka.org/s/vocabs/o#media>,,<https://id.analoggamemuseum.org/api/media/20041>
<https://id.analoggamemuseum.org/api/items/8064>,<http://omeka.org/s/vocabs/o#media>,,<https://id.analoggamemuseum.org/api/media/20042>
<https://id.analoggamemuseum.org/api/items/8064>,<http://omeka.org/s/vocabs/o#media>,,<https://id.analoggamemuseum.org/api/media/20043>
<https://id.analoggamemuseum.org/api/items/8065>,<http://omeka.org/s/vocabs/o#media>,,<https://id.analoggamemuseum.org/api/media/20044>
<https://id.analoggamemuseum.org/api/items/8065>,<http://omeka.org/s/vocabs/o#media>,,<https://id.analoggamemuseum.org/api/media/20045>
<https://id.analoggamemuseum.org/api/items/8066>,<http://omeka.org/s/vocabs/o#modified>,"""2026-01-08T18:24:39+00:00""^^<http://www.w3.org/2001/XMLSchema#dateTime>","""2026-02-15T06:34:07+00:00""^^<http://www.w3.org/2001/XMLSchema#dateTime>"
<https://id.analoggamemuseum.org/api/items/8066>,<http://omeka.org/s/vocabs/o#title>,"""A1206""","""A2526"""
<https://id.analoggamemuseum.org/api/items/8066>,<http://purl.org/dc/terms/title>,"""A1206""","""A2526"""
<https://id.analoggamemuseum.org/api/items/8066>,<https://www.analoggamemuseum.org/ontology/identifier>,"""A1206""","""A2526"""
<https://id.analoggamemuseum.org/api/items/8068>,<http://omeka.org/s/vocabs/o#modified>,"""2026-01-08T18:24:39+00:00""^^<http://www.w3.org/2001/XMLSchema#dateTime>","""2026-02-15T06:04:38+00:00""^^<http://www.w3.org/2001/XMLSchema#dateTime>"
<https://id.analoggamemuseum.org/api/items/8068>,<http://omeka.org/s/vocabs/o#title>,"""A1205""","""A2506"""
<https://id.analoggamemuseum.org/api/items/8068>,<http://purl.org/dc/terms/title>,"""A1205""","""A2506"""
<https://id.analoggamemuseum.org/api/items/8068>,<https://www.analoggamemuseum.org/ontology/identifier>,"""A1205""","""A2506"""
<https://id.analoggamemuseum.org/api/items/8069>,<http://omeka.org/s/vocabs/o#modified>,"""2026-01-08T18:24:39+00:00""^^<http://www.w3.org/2001/XMLSchema#dateTime>","""2026-02-15T06:03:05+00:00""^^<http://www.w3.org/2001/XMLSchema#dateTime>"
<https://id.analoggamemuseum.org/api/items/8069>,<http://omeka.org/s/vocabs/o#title>,"""A1204""","""A2511"""
<https://id.analoggamemuseum.org/api/items/8069>,<http://purl.org/dc/terms/title>,"""A1204""","""A2511"""
<https://id.analoggamemuseum.org/api/items/8069>,<https://www.analoggamemuseum.org/ontology/identifier>,"""A1204""","""A2511"""
<https://id.analoggamemuseum.org/api/items/8072>,<http://omeka.org/s/vocabs/o#media>,,<https://id.analoggamemuseum.org/api/media/19804>
<https://id.analoggamemuseum.org/api/items/8072>,<http://omeka.org/s/vocabs/o#media>,,<https://id.analoggamemuseum.org/api/media/19805>
<https://id.analoggamemuseum.org/api/items/8073>,<http://omeka.org/s/vocabs/o#modified>,"""2026-01-08T18:24:40+00:00""^^<http://www.w3.org/2001/XMLSchema#dateTime>","""2026-02-15T06:36:28+00:00""^^<http://www.w3.org/2001/XMLSchema#dateTime>"
<https://id.analoggamemuseum.org/api/items/8073>,<http://omeka.org/s/vocabs/o#title>,"""A1203""","""A2527"""
<https://id.analoggamemuseum.org/api/items/8073>,<http://purl.org/dc/terms/title>,"""A1203""","""A2527"""
<https://id.analoggamemuseum.org/api/items/8073>,<https://www.analoggamemuseum.org/ontology/identifier>,"""A1203""","""A2527"""
<https://id.analoggamemuseum.org/api/items/8074>,<http://omeka.org/s/vocabs/o#media>,,<https://id.analoggamemuseum.org/api/media/20046>
<https://id.analoggamemuseum.org/api/items/8074>,<http://omeka.org/s/vocabs/o#media>,,<https://id.analoggamemuseum.org/api/media/20047>
<https://id.analoggamemuseum.org/api/items/8077>,<http://omeka.org/s/vocabs/o#modified>,"""2026-01-08T18:24:40+00:00""^^<http://www.w3.org/2001/XMLSchema#dateTime>","""2026-02-15T06:31:38+00:00""^^<http://www.w3.org/2001/XMLSchema#dateTime>"
<https://id.analoggamemuseum.org/api/items/8077>,<http://omeka.org/s/vocabs/o#title>,"""A1210""","""A2525"""
<https://id.analoggamemuseum.org/api/items/8077>,<http://purl.org/dc/terms/title>,"""A1210""","""A2525"""
<https://id.analoggamemuseum.org/api/items/8077>,<https://www.analoggamemuseum.org/ontology/identifier>,"""A1210""","""A2525"""
<https://id.analoggamemuseum.org/api/items/8078>,<http://omeka.org/s/vocabs/o#media>,,<https://id.analoggamemuseum.org/api/media/20022>
<https://id.analoggamemuseum.org/api/items/8078>,<http://omeka.org/s/vocabs/o#media>,,<https://id.analoggamemuseum.org/api/media/20023>
<https://id.analoggamemuseum.org/api/items/8079>,<http://omeka.org/s/vocabs/o#media>,,<https://id.analoggamemuseum.org/api/media/20055>
<https://id.analoggamemuseum.org/api/items/8079>,<http://omeka.org/s/vocabs/o#media>,,<https://id.analoggamemuseum.org/api/media/20056>
<https://id.analoggamemuseum.org/api/items/8080>,<http://omeka.org/s/vocabs/o#modified>,"""2026-01-08T18:24:40+00:00""^^<http://www.w3.org/2001/XMLSchema#dateTime>","""2026-02-15T06:27:26+00:00""^^<http://www.w3.org/2001/XMLSchema#dateTime>"
<https://id.analoggamemuseum.org/api/items/8080>,<http://omeka.org/s/vocabs/o#title>,"""A1211""","""A2523"""
<https://id.analoggamemuseum.org/api/items/8080>,<http://purl.org/dc/terms/title>,"""A1211""","""A2523"""
<https://id.analoggamemuseum.org/api/items/8080>,<https://www.analoggamemuseum.org/ontology/identifier>,"""A1211""","""A2523"""
<https://id.analoggamemuseum.org/api/items/8081>,<http://omeka.org/s/vocabs/o#modified>,"""2026-01-08T18:24:40+00:00""^^<http://www.w3.org/2001/XMLSchema#dateTime>","""2026-02-14T07:29:38+00:00""^^<http://www.w3.org/2001/XMLSchema#dateTime>"
<https://id.analoggamemuseum.org/api/items/8081>,<https://www.analoggamemuseum.org/ontology/exemplarOf>,<https://id.analoggamemuseum.org/api/items/6695>,<https://id.analoggamemuseum.org/api/items/6371>
<https://id.analoggamemuseum.org/api/items/8087>,<http://omeka.org/s/vocabs/o#modified>,"""2026-01-08T18:24:40+00:00""^^<http://www.w3.org/2001/XMLSchema#dateTime>","""2026-02-14T07:35:10+00:00""^^<http://www.w3.org/2001/XMLSchema#dateTime>"
<https://id.analoggamemuseum.org/api/items/8087>,<https://www.analoggamemuseum.org/ontology/exemplarOf>,<https://id.analoggamemuseum.org/api/items/6701>,<https://id.analoggamemuseum.org/api/items/6422>
<https://id.analoggamemuseum.org/api/items/8088>,<http://omeka.org/s/vocabs/o#modified>,"""2026-01-08T18:24:40+00:00""^^<http://www.w3.org/2001/XMLSchema#dateTime>","""2026-02-14T08:24:59+00:00""^^<http://www.w3.org/2001/XMLSchema#dateTime>"
<https://id.analoggamemuseum.org/api/items/8088>,<https://www.analoggamemuseum.org/ontology/exemplarOf>,<https://id.analoggamemuseum.org/api/items/6702>,<https://id.analoggamemuseum.org/api/items/6421>
<https://id.analoggamemuseum.org/api/items/8090>,<http://omeka.org/s/vocabs/o#modified>,"""2026-01-08T18:24:40+00:00""^^<http://www.w3.org/2001/XMLSchema#dateTime>","""2026-02-16T08:51:35+00:00""^^<http://www.w3.org/2001/XMLSchema#dateTime>"
<https://id.analoggamemuseum.org/api/items/8090>,<https://www.analoggamemuseum.org/ontology/exemplarOf>,<https://id.analoggamemuseum.org/api/items/6704>,<https://id.analoggamemuseum.org/api/items/6582>
<https://id.analoggamemuseum.org/api/items/8091>,<http://omeka.org/s/vocabs/o#modified>,"""2026-01-08T18:24:40+00:00""^^<http://www.w3.org/2001/XMLSchema#dateTime>","""2026-02-16T08:53:46+00:00""^^<http://www.w3.org/2001/XMLSchema#dateTime>"
<https://id.analoggamemuseum.org/api/items/8091>,<https://www.analoggamemuseum.org/ontology/exemplarOf>,<https://id.analoggamemuseum.org/api/items/6705>,<https://id.analoggamemuseum.org/api/items/6420>
<https://id.analoggamemuseum.org/api/items/8092>,<http://omeka.org/s/vocabs/o#media>,,<https://id.analoggamemuseum.org/api/media/18802>
<https://id.analoggamemuseum.org/api/items/8092>,<http://omeka.org/s/vocabs/o#media>,,<https://id.analoggamemuseum.org/api/media/18803>
<https://id.analoggamemuseum.org/api/items/8092>,<http://omeka.org/s/vocabs/o#modified>,"""2026-01-08T18:24:40+00:00""^^<http://www.w3.org/2001/XMLSchema#dateTime>","""2026-02-14T06:37:07+00:00""^^<http://www.w3.org/2001/XMLSchema#dateTime>"
<https://id.analoggamemuseum.org/api/items/8092>,<http://omeka.org/s/vocabs/o#title>,"""A1225""","""A2463"""
<https://id.analoggamemuseum.org/api/items/8092>,<http://purl.org/dc/terms/title>,"""A1225""","""A2463"""
<https://id.analoggamemuseum.org/api/items/8092>,<https://www.analoggamemuseum.org/ontology/identifier>,"""A1225""","""A2463"""
<https://id.analoggamemuseum.org/api/items/8093>,<http://omeka.org/s/vocabs/o#modified>,"""2026-01-08T18:24:40+00:00""^^<http://www.w3.org/2001/XMLSchema#dateTime>","""2026-02-14T07:15:43+00:00""^^<http://www.w3.org/2001/XMLSchema#dateTime>"
<https://id.analoggamemuseum.org/api/items/8093>,<https://www.analoggamemuseum.org/ontology/exemplarOf>,<https://id.analoggamemuseum.org/api/items/6707>,<https://id.analoggamemuseum.org/api/items/6372>
<https://id.analoggamemuseum.org/api/items/8094>,<http://omeka.org/s/vocabs/o#media>,,<https://id.analoggamemuseum.org/api/media/18800>
<https://id.analoggamemuseum.org/api/items/8094>,<http://omeka.org/s/vocabs/o#media>,,<https://id.analoggamemuseum.org/api/media/18801>
<https://id.analoggamemuseum.org/api/items/8095>,<http://omeka.org/s/vocabs/o#modified>,"""2026-01-08T18:24:40+00:00""^^<http://www.w3.org/2001/XMLSchema#dateTime>","""2026-02-14T06:41:55+00:00""^^<http://www.w3.org/2001/XMLSchema#dateTime>"
<https://id.analoggamemuseum.org/api/items/8095>,<https://www.analoggamemuseum.org/ontology/exemplarOf>,<https://id.analoggamemuseum.org/api/items/6709>,<https://id.analoggamemuseum.org/api/items/6586>
<https://id.analoggamemuseum.org/api/items/8096>,<http://omeka.org/s/vocabs/o#media>,,<https://id.analoggamemuseum.org/api/media/18808>
<https://id.analoggamemuseum.org/api/items/8096>,<http://omeka.org/s/vocabs/o#media>,,<https://id.analoggamemuseum.org/api/media/18809>
<https://id.analoggamemuseum.org/api/items/8096>,<http://omeka.org/s/vocabs/o#modified>,"""2026-01-08T18:24:40+00:00""^^<http://www.w3.org/2001/XMLSchema#dateTime>","""2026-02-14T05:19:04+00:00""^^<http://www.w3.org/2001/XMLSchema#dateTime>"
<https://id.analoggamemuseum.org/api/items/8096>,<http://omeka.org/s/vocabs/o#title>,"""A1228""","""A2447"""
<https://id.analoggamemuseum.org/api/items/8096>,<http://purl.org/dc/terms/title>,"""A1228""","""A2447"""
<https://id.analoggamemuseum.org/api/items/8096>,<https://www.analoggamemuseum.org/ontology/identifier>,"""A1228""","""A2447"""
<https://id.analoggamemuseum.org/api/items/8097>,<http://omeka.org/s/vocabs/o#modified>,"""2026-01-08T18:24:40+00:00""^^<http://www.w3.org/2001/XMLSchema#dateTime>","""2026-02-15T06:25:32+00:00""^^<http://www.w3.org/2001/XMLSchema#dateTime>"
<https://id.analoggamemuseum.org/api/items/8097>,<http://omeka.org/s/vocabs/o#title>,"""A1214""","""A2522"""
<https://id.analoggamemuseum.org/api/items/8097>,<http://purl.org/dc/terms/title>,"""A1214""","""A2522"""
<https://id.analoggamemuseum.org/api/items/8097>,<https://www.analoggamemuseum.org/ontology/exemplarOf>,<https://id.analoggamemuseum.org/api/items/6711>,<https://id.analoggamemuseum.org/api/items/6374>
<https://id.analoggamemuseum.org/api/items/8097>,<https://www.analoggamemuseum.org/ontology/identifier>,"""A1214""","""A2522"""
<https://id.analoggamemuseum.org/api/items/8098>,<http://omeka.org/s/vocabs/o#modified>,"""2026-01-08T18:24:40+00:00""^^<http://www.w3.org/2001/XMLSchema#dateTime>","""2026-02-15T07:28:04+00:00""^^<http://www.w3.org/2001/XMLSchema#dateTime>"
<https://id.analoggamemuseum.org/api/items/8098>,<https://www.analoggamemuseum.org/ontology/exemplarOf>,<https://id.analoggamemuseum.org/api/items/6723>,<https://id.analoggamemuseum.org/api/items/6373>
<https://id.analoggamemuseum.org/api/items/8098>,<https://www.analoggamemuseum.org/ontology/provenance>,"""萬印堂より寄贈、2024年7月""","""アークライトより寄贈、ゲームマーケットサンプル（2022春）"""
<https://id.analoggamemuseum.org/api/items/8099>,<http://omeka.org/s/vocabs/o#media>,,<https://id.analoggamemuseum.org/api/media/18804>
<https://id.analoggamemuseum.org/api/items/8099>,<http://omeka.org/s/vocabs/o#media>,,<https://id.analoggamemuseum.org/api/media/18805>
<https://id.analoggamemuseum.org/api/items/8099>,<http://omeka.org/s/vocabs/o#modified>,"""2026-01-08T18:24:40+00:00""^^<http://www.w3.org/2001/XMLSchema#dateTime>","""2026-02-14T07:12:15+00:00""^^<http://www.w3.org/2001/XMLSchema#dateTime>"
<https://id.analoggamemuseum.org/api/items/8099>,<http://omeka.org/s/vocabs/o#title>,"""A1226""","""A2478"""
<https://id.analoggamemuseum.org/api/items/8099>,<http://purl.org/dc/terms/title>,"""A1226""","""A2478"""
<https://id.analoggamemuseum.org/api/items/8099>,<https://www.analoggamemuseum.org/ontology/identifier>,"""A1226""","""A2478"""
<https://id.analoggamemuseum.org/api/items/8100>,<http://omeka.org/s/vocabs/o#modified>,"""2026-01-08T18:24:40+00:00""^^<http://www.w3.org/2001/XMLSchema#dateTime>","""2026-02-14T07:07:16+00:00""^^<http://www.w3.org/2001/XMLSchema#dateTime>"
<https://id.analoggamemuseum.org/api/items/8100>,<https://www.analoggamemuseum.org/ontology/exemplarOf>,<https://id.analoggamemuseum.org/api/items/6713>,<https://id.analoggamemuseum.org/api/items/6617>
<https://id.analoggamemuseum.org/api/items/8102>,<http://omeka.org/s/vocabs/o#media>,,<https://id.analoggamemuseum.org/api/media/18816>
<https://id.analoggamemuseum.org/api/items/8102>,<http://omeka.org/s/vocabs/o#media>,,<https://id.analoggamemuseum.org/api/media/18817>
<https://id.analoggamemuseum.org/api/items/8104>,<http://omeka.org/s/vocabs/o#media>,,<https://id.analoggamemuseum.org/api/media/18806>
<https://id.analoggamemuseum.org/api/items/8104>,<http://omeka.org/s/vocabs/o#media>,,<https://id.analoggamemuseum.org/api/media/18807>
<https://id.analoggamemuseum.org/api/items/8104>,<http://omeka.org/s/vocabs/o#modified>,"""2026-01-08T18:24:40+00:00""^^<http://www.w3.org/2001/XMLSchema#dateTime>","""2026-02-14T06:39:21+00:00""^^<http://www.w3.org/2001/XMLSchema#dateTime>"
<https://id.analoggamemuseum.org/api/items/8104>,<http://omeka.org/s/vocabs/o#title>,"""A1227""","""A2464"""
<https://id.analoggamemuseum.org/api/items/8104>,<http://purl.org/dc/terms/title>,"""A1227""","""A2464"""
<https://id.analoggamemuseum.org/api/items/8104>,<https://www.analoggamemuseum.org/ontology/identifier>,"""A1227""","""A2464"""
<https://id.analoggamemuseum.org/api/items/8105>,<http://omeka.org/s/vocabs/o#media>,,<https://id.analoggamemuseum.org/api/media/18814>
<https://id.analoggamemuseum.org/api/items/8105>,<http://omeka.org/s/vocabs/o#media>,,<https://id.analoggamemuseum.org/api/media/18815>
<https://id.analoggamemuseum.org/api/items/8106>,<http://omeka.org/s/vocabs/o#media>,,<https://id.analoggamemuseum.org/api/media/18810>
<https://id.analoggamemuseum.org/api/items/8106>,<http://omeka.org/s/vocabs/o#media>,,<https://id.analoggamemuseum.org/api/media/18811>
<https://id.analoggamemuseum.org/api/items/8108>,<http://omeka.org/s/vocabs/o#modified>,"""2026-01-08T18:24:40+00:00""^^<http://www.w3.org/2001/XMLSchema#dateTime>","""2026-02-14T08:23:39+00:00""^^<http://www.w3.org/2001/XMLSchema#dateTime>"
<https://id.analoggamemuseum.org/api/items/8108>,<https://www.analoggamemuseum.org/ontology/exemplarOf>,<https://id.analoggamemuseum.org/api/items/6721>,<https://id.analoggamemuseum.org/api/items/6579>
<https://id.analoggamemuseum.org/api/items/8110>,<http://omeka.org/s/vocabs/o#media>,,<https://id.analoggamemuseum.org/api/media/18822>
<https://id.analoggamemuseum.org/api/items/8110>,<http://omeka.org/s/vocabs/o#media>,,<https://id.analoggamemuseum.org/api/media/18823>
<https://id.analoggamemuseum.org/api/items/8111>,<http://omeka.org/s/vocabs/o#media>,,<https://id.analoggamemuseum.org/api/media/18820>
<https://id.analoggamemuseum.org/api/items/8111>,<http://omeka.org/s/vocabs/o#media>,,<https://id.analoggamemuseum.org/api/media/18821>
<https://id.analoggamemuseum.org/api/items/8112>,<http://omeka.org/s/vocabs/o#media>,,<https://id.analoggamemuseum.org/api/media/18824>
<https://id.analoggamemuseum.org/api/items/8112>,<http://omeka.org/s/vocabs/o#media>,,<https://id.analoggamemuseum.org/api/media/18825>
<https://id.analoggamemuseum.org/api/items/8113>,<http://omeka.org/s/vocabs/o#media>,,<https://id.analoggamemuseum.org/api/media/18826>
<https://id.analoggamemuseum.org/api/items/8113>,<http://omeka.org/s/vocabs/o#media>,,<https://id.analoggamemuseum.org/api/media/18827>
<https://id.analoggamemuseum.org/api/items/8114>,<http://omeka.org/s/vocabs/o#media>,,<https://id.analoggamemuseum.org/api/media/18832>
<https://id.analoggamemuseum.org/api/items/8114>,<http://omeka.org/s/vocabs/o#media>,,<https://id.analoggamemuseum.org/api/media/18833>
<https://id.analoggamemuseum.org/api/items/8115>,<http://omeka.org/s/vocabs/o#media>,,<https://id.analoggamemuseum.org/api/media/18830>
<https://id.analoggamemuseum.org/api/items/8115>,<http://omeka.org/s/vocabs/o#media>,,<https://id.analoggamemuseum.org/api/media/18831>
<https://id.analoggamemuseum.org/api/items/8116>,<http://omeka.org/s/vocabs/o#modified>,"""2026-01-08T18:24:40+00:00""^^<http://www.w3.org/2001/XMLSchema#dateTime>","""2026-02-16T13:15:03+00:00""^^<http://www.w3.org/2001/XMLSchema#dateTime>"
<https://id.analoggamemuseum.org/api/items/8116>,<https://www.analoggamemuseum.org/ontology/exemplarOf>,<https://id.analoggamemuseum.org/api/items/6729>,<https://id.analoggamemuseum.org/api/items/6797>
<https://id.analoggamemuseum.org/api/items/8116>,<https://www.analoggamemuseum.org/ontology/provenance>,"""萬印堂より寄贈、2024年7月""","""Kコレクションとして2021年7月に受け入れ"""
<https://id.analoggamemuseum.org/api/items/8117>,<http://omeka.org/s/vocabs/o#media>,,<https://id.analoggamemuseum.org/api/media/18838>
<https://id.analoggamemuseum.org/api/items/8117>,<http://omeka.org/s/vocabs/o#media>,,<https://id.analoggamemuseum.org/api/media/18839>
<https://id.analoggamemuseum.org/api/items/8118>,<http://omeka.org/s/vocabs/o#modified>,"""2026-01-08T18:24:40+00:00""^^<http://www.w3.org/2001/XMLSchema#dateTime>","""2026-02-14T06:47:05+00:00""^^<http://www.w3.org/2001/XMLSchema#dateTime>"
<https://id.analoggamemuseum.org/api/items/8118>,<http://omeka.org/s/vocabs/o#title>,"""A1247""","""A2470"""
<https://id.analoggamemuseum.org/api/items/8118>,<http://purl.org/dc/terms/title>,"""A1247""","""A2470"""
<https://id.analoggamemuseum.org/api/items/8118>,<https://www.analoggamemuseum.org/ontology/identifier>,"""A1247""","""A2470"""
<https://id.analoggamemuseum.org/api/items/8119>,<http://omeka.org/s/vocabs/o#modified>,"""2026-01-08T18:24:40+00:00""^^<http://www.w3.org/2001/XMLSchema#dateTime>","""2026-02-14T07:03:52+00:00""^^<http://www.w3.org/2001/XMLSchema#dateTime>"
<https://id.analoggamemuseum.org/api/items/8119>,<https://www.analoggamemuseum.org/ontology/exemplarOf>,<https://id.analoggamemuseum.org/api/items/6732>,
<https://id.analoggamemuseum.org/api/items/8119>,<https://www.analoggamemuseum.org/ontology/exemplarOf>,,<https://id.analoggamemuseum.org/api/items/10011>
<https://id.analoggamemuseum.org/api/items/8119>,<https://www.analoggamemuseum.org/ontology/exemplarOf>,,<https://id.analoggamemuseum.org/api/items/6825>
<https://id.analoggamemuseum.org/api/items/8120>,<http://omeka.org/s/vocabs/o#modified>,"""2026-01-08T18:24:40+00:00""^^<http://www.w3.org/2001/XMLSchema#dateTime>","""2026-02-14T07:10:27+00:00""^^<http://www.w3.org/2001/XMLSchema#dateTime>"
<https://id.analoggamemuseum.org/api/items/8120>,<https://www.analoggamemuseum.org/ontology/exemplarOf>,<https://id.analoggamemuseum.org/api/items/6733>,<https://id.analoggamemuseum.org/api/items/6826>
<https://id.analoggamemuseum.org/api/items/8121>,<http://omeka.org/s/vocabs/o#media>,,<https://id.analoggamemuseum.org/api/media/18846>
<https://id.analoggamemuseum.org/api/items/8121>,<http://omeka.org/s/vocabs/o#media>,,<https://id.analoggamemuseum.org/api/media/18847>
<https://id.analoggamemuseum.org/api/items/8121>,<http://omeka.org/s/vocabs/o#modified>,"""2026-01-08T18:24:40+00:00""^^<http://www.w3.org/2001/XMLSchema#dateTime>","""2026-02-14T07:27:12+00:00""^^<http://www.w3.org/2001/XMLSchema#dateTime>"
<https://id.analoggamemuseum.org/api/items/8121>,<http://omeka.org/s/vocabs/o#title>,"""A1248""","""A2490"""
<https://id.analoggamemuseum.org/api/items/8121>,<http://purl.org/dc/terms/title>,"""A1248""","""A2490"""
<https://id.analoggamemuseum.org/api/items/8121>,<https://www.analoggamemuseum.org/ontology/identifier>,"""A1248""","""A2490"""
<https://id.analoggamemuseum.org/api/items/8122>,<http://omeka.org/s/vocabs/o#modified>,"""2026-01-08T18:24:40+00:00""^^<http://www.w3.org/2001/XMLSchema#dateTime>","""2026-02-16T13:55:48+00:00""^^<http://www.w3.org/2001/XMLSchema#dateTime>"
<https://id.analoggamemuseum.org/api/items/8122>,<https://www.analoggamemuseum.org/ontology/exemplarOf>,<https://id.analoggamemuseum.org/api/items/6735>,<https://id.analoggamemuseum.org/api/items/6818>
<https://id.analoggamemuseum.org/api/items/8122>,<https://www.analoggamemuseum.org/ontology/provenance>,"""萬印堂より寄贈、2024年7月""","""アークライトより寄贈、ゲームマーケットサンプル（2023春）"""
<https://id.analoggamemuseum.org/api/items/8123>,<http://omeka.org/s/vocabs/o#modified>,"""2026-01-08T18:24:40+00:00""^^<http://www.w3.org/2001/XMLSchema#dateTime>","""2026-02-14T07:25:14+00:00""^^<http://www.w3.org/2001/XMLSchema#dateTime>"
<https://id.analoggamemuseum.org/api/items/8123>,<https://www.analoggamemuseum.org/ontology/exemplarOf>,<https://id.analoggamemuseum.org/api/items/6736>,<https://id.analoggamemuseum.org/api/items/6817>
<https://id.analoggamemuseum.org/api/items/8124>,<http://omeka.org/s/vocabs/o#modified>,"""2026-01-08T18:24:40+00:00""^^<http://www.w3.org/2001/XMLSchema#dateTime>","""2026-02-14T07:39:18+00:00""^^<http://www.w3.org/2001/XMLSchema#dateTime>"
<https://id.analoggamemuseum.org/api/items/8124>,<https://www.analoggamemuseum.org/ontology/exemplarOf>,<https://id.analoggamemuseum.org/api/items/6737>,<https://id.analoggamemuseum.org/api/items/6802>
<https://id.analoggamemuseum.org/api/items/8125>,<http://omeka.org/s/vocabs/o#modified>,"""2026-01-08T18:24:40+00:00""^^<http://www.w3.org/2001/XMLSchema#dateTime>","""2026-02-15T07:17:37+00:00""^^<http://www.w3.org/2001/XMLSchema#dateTime>"
<https://id.analoggamemuseum.org/api/items/8125>,<https://www.analoggamemuseum.org/ontology/exemplarOf>,<https://id.analoggamemuseum.org/api/items/6738>,
<https://id.analoggamemuseum.org/api/items/8125>,<https://www.analoggamemuseum.org/ontology/exemplarOf>,,<https://id.analoggamemuseum.org/api/items/6821>
<https://id.analoggamemuseum.org/api/items/8125>,<https://www.analoggamemuseum.org/ontology/exemplarOf>,,<https://id.analoggamemuseum.org/api/items/9641>
<https://id.analoggamemuseum.org/api/items/8125>,<https://www.analoggamemuseum.org/ontology/provenance>,"""萬印堂より寄贈、2024年7月""","""アークライトより寄贈、ゲームマーケットサンプル（2023春）"""
<https://id.analoggamemuseum.org/api/items/8126>,<http://omeka.org/s/vocabs/o#modified>,"""2026-01-08T18:24:40+00:00""^^<http://www.w3.org/2001/XMLSchema#dateTime>","""2026-02-15T07:09:48+00:00""^^<http://www.w3.org/2001/XMLSchema#dateTime>"
<https://id.analoggamemuseum.org/api/items/8126>,<http://omeka.org/s/vocabs/o#title>,"""A1254""","""A2534"""
<https://id.analoggamemuseum.org/api/items/8126>,<http://purl.org/dc/terms/title>,"""A1254""","""A2534"""
<https://id.analoggamemuseum.org/api/items/8126>,<https://www.analoggamemuseum.org/ontology/exemplarOf>,<https://id.analoggamemuseum.org/api/items/6739>,<https://id.analoggamemuseum.org/api/items/6822>
<https://id.analoggamemuseum.org/api/items/8126>,<https://www.analoggamemuseum.org/ontology/identifier>,"""A1254""","""A2534"""
<https://id.analoggamemuseum.org/api/items/8126>,<https://www.analoggamemuseum.org/ontology/provenance>,"""萬印堂より寄贈、2024年7月""","""アークライトより寄贈、ゲームマーケットサンプル（2023春）"""
<https://id.analoggamemuseum.org/api/items/8127>,<http://omeka.org/s/vocabs/o#modified>,"""2026-01-08T18:24:40+00:00""^^<http://www.w3.org/2001/XMLSchema#dateTime>","""2026-02-15T06:22:49+00:00""^^<http://www.w3.org/2001/XMLSchema#dateTime>"
<https://id.analoggamemuseum.org/api/items/8127>,<https://www.analoggamemuseum.org/ontology/exemplarOf>,<https://id.analoggamemuseum.org/api/items/6740>,<https://id.analoggamemuseum.org/api/items/6824>
<https://id.analoggamemuseum.org/api/items/8128>,<http://omeka.org/s/vocabs/o#media>,,<https://id.analoggamemuseum.org/api/media/18866>
<https://id.analoggamemuseum.org/api/items/8128>,<http://omeka.org/s/vocabs/o#media>,,<https://id.analoggamemuseum.org/api/media/18867>
<https://id.analoggamemuseum.org/api/items/8129>,<http://omeka.org/s/vocabs/o#media>,,<https://id.analoggamemuseum.org/api/media/18868>
<https://id.analoggamemuseum.org/api/items/8129>,<http://omeka.org/s/vocabs/o#media>,,<https://id.analoggamemuseum.org/api/media/18869>
<https://id.analoggamemuseum.org/api/items/8130>,<http://omeka.org/s/vocabs/o#modified>,"""2026-01-08T18:24:40+00:00""^^<http://www.w3.org/2001/XMLSchema#dateTime>","""2026-02-15T06:48:14+00:00""^^<http://www.w3.org/2001/XMLSchema#dateTime>"
<https://id.analoggamemuseum.org/api/items/8130>,<https://www.analoggamemuseum.org/ontology/exemplarOf>,<https://id.analoggamemuseum.org/api/items/6743>,<https://id.analoggamemuseum.org/api/items/6827>
<https://id.analoggamemuseum.org/api/items/8131>,<http://omeka.org/s/vocabs/o#modified>,"""2026-01-08T18:24:40+00:00""^^<http://www.w3.org/2001/XMLSchema#dateTime>","""2026-02-15T07:03:21+00:00""^^<http://www.w3.org/2001/XMLSchema#dateTime>"
<https://id.analoggamemuseum.org/api/items/8131>,<http://omeka.org/s/vocabs/o#title>,"""A1255""","""A2532"""
<https://id.analoggamemuseum.org/api/items/8131>,<http://purl.org/dc/terms/title>,"""A1255""","""A2532"""
<https://id.analoggamemuseum.org/api/items/8131>,<https://www.analoggamemuseum.org/ontology/exemplarOf>,<https://id.analoggamemuseum.org/api/items/6744>,<https://id.analoggamemuseum.org/api/items/6823>
<https://id.analoggamemuseum.org/api/items/8131>,<https://www.analoggamemuseum.org/ontology/identifier>,"""A1255""","""A2532"""
<https://id.analoggamemuseum.org/api/items/8131>,<https://www.analoggamemuseum.org/ontology/provenance>,"""萬印堂より寄贈、2024年7月""","""アークライトより寄贈、ゲームマーケットサンプル（2023春）"""
<https://id.analoggamemuseum.org/api/items/8132>,<http://omeka.org/s/vocabs/o#modified>,"""2026-01-08T18:24:40+00:00""^^<http://www.w3.org/2001/XMLSchema#dateTime>","""2026-02-15T07:21:12+00:00""^^<http://www.w3.org/2001/XMLSchema#dateTime>"
<https://id.analoggamemuseum.org/api/items/8132>,<https://www.analoggamemuseum.org/ontology/exemplarOf>,<https://id.analoggamemuseum.org/api/items/6745>,<https://id.analoggamemuseum.org/api/items/6820>
<https://id.analoggamemuseum.org/api/items/8132>,<https://www.analoggamemuseum.org/ontology/provenance>,"""萬印堂より寄贈、2024年7月""","""アークライトより寄贈、ゲームマーケットサンプル（2023春）"""
<https://id.analoggamemuseum.org/api/items/8133>,<http://omeka.org/s/vocabs/o#media>,,<https://id.analoggamemuseum.org/api/media/18874>
<https://id.analoggamemuseum.org/api/items/8133>,<http://omeka.org/s/vocabs/o#media>,,<https://id.analoggamemuseum.org/api/media/18875>
<https://id.analoggamemuseum.org/api/items/8135>,<http://omeka.org/s/vocabs/o#media>,,<https://id.analoggamemuseum.org/api/media/18870>
<https://id.analoggamemuseum.org/api/items/8135>,<http://omeka.org/s/vocabs/o#media>,,<https://id.analoggamemuseum.org/api/media/18871>
<https://id.analoggamemuseum.org/api/items/8135>,<http://omeka.org/s/vocabs/o#modified>,"""2026-01-08T18:24:40+00:00""^^<http://www.w3.org/2001/XMLSchema#dateTime>","""2026-02-15T07:06:27+00:00""^^<http://www.w3.org/2001/XMLSchema#dateTime>"
<https://id.analoggamemuseum.org/api/items/8135>,<http://omeka.org/s/vocabs/o#title>,"""A1259""","""A2533"""
<https://id.analoggamemuseum.org/api/items/8135>,<http://purl.org/dc/terms/title>,"""A1259""","""A2533"""
<https://id.analoggamemuseum.org/api/items/8135>,<https://www.analoggamemuseum.org/ontology/identifier>,"""A1259""","""A2533"""
<https://id.analoggamemuseum.org/api/items/8138>,<http://omeka.org/s/vocabs/o#media>,,<https://id.analoggamemuseum.org/api/media/18818>
<https://id.analoggamemuseum.org/api/items/8138>,<http://omeka.org/s/vocabs/o#media>,,<https://id.analoggamemuseum.org/api/media/18819>
<https://id.analoggamemuseum.org/api/items/8143>,<http://omeka.org/s/vocabs/o#media>,,<https://id.analoggamemuseum.org/api/media/20100>
<https://id.analoggamemuseum.org/api/items/8143>,<http://omeka.org/s/vocabs/o#media>,,<https://id.analoggamemuseum.org/api/media/20101>
<https://id.analoggamemuseum.org/api/items/8144>,<http://omeka.org/s/vocabs/o#media>,,<https://id.analoggamemuseum.org/api/media/20104>
<https://id.analoggamemuseum.org/api/items/8144>,<http://omeka.org/s/vocabs/o#media>,,<https://id.analoggamemuseum.org/api/media/20105>
<https://id.analoggamemuseum.org/api/items/8145>,<http://omeka.org/s/vocabs/o#media>,,<https://id.analoggamemuseum.org/api/media/20102>
<https://id.analoggamemuseum.org/api/items/8145>,<http://omeka.org/s/vocabs/o#media>,,<https://id.analoggamemuseum.org/api/media/20103>
<https://id.analoggamemuseum.org/api/items/8146>,<http://omeka.org/s/vocabs/o#media>,,<https://id.analoggamemuseum.org/api/media/20110>
<https://id.analoggamemuseum.org/api/items/8146>,<http://omeka.org/s/vocabs/o#media>,,<https://id.analoggamemuseum.org/api/media/20111>
<https://id.analoggamemuseum.org/api/items/8147>,<http://omeka.org/s/vocabs/o#media>,,<https://id.analoggamemuseum.org/api/media/20112>
<https://id.analoggamemuseum.org/api/items/8147>,<http://omeka.org/s/vocabs/o#media>,,<https://id.analoggamemuseum.org/api/media/20113>
<https://id.analoggamemuseum.org/api/items/8148>,<http://omeka.org/s/vocabs/o#media>,,<https://id.analoggamemuseum.org/api/media/20071>
<https://id.analoggamemuseum.org/api/items/8148>,<http://omeka.org/s/vocabs/o#media>,,<https://id.analoggamemuseum.org/api/media/20072>
<https://id.analoggamemuseum.org/api/items/8149>,<http://omeka.org/s/vocabs/o#media>,,<https://id.analoggamemuseum.org/api/media/20069>
<https://id.analoggamemuseum.org/api/items/8149>,<http://omeka.org/s/vocabs/o#media>,,<https://id.analoggamemuseum.org/api/media/20070>
<https://id.analoggamemuseum.org/api/items/8150>,<http://omeka.org/s/vocabs/o#media>,,<https://id.analoggamemuseum.org/api/media/20108>
<https://id.analoggamemuseum.org/api/items/8150>,<http://omeka.org/s/vocabs/o#media>,,<https://id.analoggamemuseum.org/api/media/20109>
<https://id.analoggamemuseum.org/api/items/8151>,<http://omeka.org/s/vocabs/o#media>,,<https://id.analoggamemuseum.org/api/media/20106>
<https://id.analoggamemuseum.org/api/items/8151>,<http://omeka.org/s/vocabs/o#media>,,<https://id.analoggamemuseum.org/api/media/20107>
<https://id.analoggamemuseum.org/api/items/8152>,<http://omeka.org/s/vocabs/o#media>,,<https://id.analoggamemuseum.org/api/media/20063>
<https://id.analoggamemuseum.org/api/items/8152>,<http://omeka.org/s/vocabs/o#media>,,<https://id.analoggamemuseum.org/api/media/20064>
<https://id.analoggamemuseum.org/api/items/8153>,<http://omeka.org/s/vocabs/o#media>,,<https://id.analoggamemuseum.org/api/media/20065>
<https://id.analoggamemuseum.org/api/items/8153>,<http://omeka.org/s/vocabs/o#media>,,<https://id.analoggamemuseum.org/api/media/20066>
<https://id.analoggamemuseum.org/api/items/8154>,<http://omeka.org/s/vocabs/o#media>,,<https://id.analoggamemuseum.org/api/media/20067>
<https://id.analoggamemuseum.org/api/items/8154>,<http://omeka.org/s/vocabs/o#media>,,<https://id.analoggamemuseum.org/api/media/20068>
<https://id.analoggamemuseum.org/api/items/8155>,<http://omeka.org/s/vocabs/o#media>,,<https://id.analoggamemuseum.org/api/media/20114>
<https://id.analoggamemuseum.org/api/items/8155>,<http://omeka.org/s/vocabs/o#media>,,<https://id.analoggamemuseum.org/api/media/20115>
<https://id.analoggamemuseum.org/api/items/8155>,<http://omeka.org/s/vocabs/o#media>,,<https://id.analoggamemuseum.org/api/media/20116>
<https://id.analoggamemuseum.org/api/items/8156>,<http://omeka.org/s/vocabs/o#media>,,<https://id.analoggamemuseum.org/api/media/20117>
<https://id.analoggamemuseum.org/api/items/8156>,<http://omeka.org/s/vocabs/o#media>,,<https://id.analoggamemuseum.org/api/media/20118>
<https://id.analoggamemuseum.org/api/items/8156>,<http://omeka.org/s/vocabs/o#media>,,<https://id.analoggamemuseum.org/api/media/20119>
<https://id.analoggamemuseum.org/api/items/8157>,<http://omeka.org/s/vocabs/o#media>,,<https://id.analoggamemuseum.org/api/media/20098>
<https://id.analoggamemuseum.org/api/items/8157>,<http://omeka.org/s/vocabs/o#media>,,<https://id.analoggamemuseum.org/api/media/20099>
<https://id.analoggamemuseum.org/api/items/8158>,<http://omeka.org/s/vocabs/o#media>,,<https://id.analoggamemuseum.org/api/media/20057>
<https://id.analoggamemuseum.org/api/items/8158>,<http://omeka.org/s/vocabs/o#media>,,<https://id.analoggamemuseum.org/api/media/20058>
<https://id.analoggamemuseum.org/api/items/8159>,<http://omeka.org/s/vocabs/o#media>,,<https://id.analoggamemuseum.org/api/media/20059>
<https://id.analoggamemuseum.org/api/items/8159>,<http://omeka.org/s/vocabs/o#media>,,<https://id.analoggamemuseum.org/api/media/20060>
<https://id.analoggamemuseum.org/api/items/8160>,<http://omeka.org/s/vocabs/o#media>,,<https://id.analoggamemuseum.org/api/media/20078>
<https://id.analoggamemuseum.org/api/items/8160>,<http://omeka.org/s/vocabs/o#media>,,<https://id.analoggamemuseum.org/api/media/20079>
<https://id.analoggamemuseum.org/api/items/8161>,<http://omeka.org/s/vocabs/o#media>,,<https://id.analoggamemuseum.org/api/media/20076>
<https://id.analoggamemuseum.org/api/items/8161>,<http://omeka.org/s/vocabs/o#media>,,<https://id.analoggamemuseum.org/api/media/20077>
<https://id.analoggamemuseum.org/api/items/8162>,<http://omeka.org/s/vocabs/o#media>,,<https://id.analoggamemuseum.org/api/media/20124>
<https://id.analoggamemuseum.org/api/items/8162>,<http://omeka.org/s/vocabs/o#media>,,<https://id.analoggamemuseum.org/api/media/20125>
<https://id.analoggamemuseum.org/api/items/8163>,<http://omeka.org/s/vocabs/o#media>,,<https://id.analoggamemuseum.org/api/media/20122>
<https://id.analoggamemuseum.org/api/items/8163>,<http://omeka.org/s/vocabs/o#media>,,<https://id.analoggamemuseum.org/api/media/20123>
<https://id.analoggamemuseum.org/api/items/8164>,<http://omeka.org/s/vocabs/o#media>,,<https://id.analoggamemuseum.org/api/media/20061>
<https://id.analoggamemuseum.org/api/items/8164>,<http://omeka.org/s/vocabs/o#media>,,<https://id.analoggamemuseum.org/api/media/20062>
<https://id.analoggamemuseum.org/api/items/8165>,<http://omeka.org/s/vocabs/o#media>,,<https://id.analoggamemuseum.org/api/media/20090>
<https://id.analoggamemuseum.org/api/items/8165>,<http://omeka.org/s/vocabs/o#media>,,<https://id.analoggamemuseum.org/api/media/20091>
<https://id.analoggamemuseum.org/api/items/8166>,<http://omeka.org/s/vocabs/o#media>,,<https://id.analoggamemuseum.org/api/media/20094>
<https://id.analoggamemuseum.org/api/items/8166>,<http://omeka.org/s/vocabs/o#media>,,<https://id.analoggamemuseum.org/api/media/20095>
<https://id.analoggamemuseum.org/api/items/8167>,<http://omeka.org/s/vocabs/o#media>,,<https://id.analoggamemuseum.org/api/media/20126>
<https://id.analoggamemuseum.org/api/items/8167>,<http://omeka.org/s/vocabs/o#media>,,<https://id.analoggamemuseum.org/api/media/20127>
<https://id.analoggamemuseum.org/api/items/8168>,<http://omeka.org/s/vocabs/o#media>,,<https://id.analoggamemuseum.org/api/media/20086>
<https://id.analoggamemuseum.org/api/items/8168>,<http://omeka.org/s/vocabs/o#media>,,<https://id.analoggamemuseum.org/api/media/20087>
<https://id.analoggamemuseum.org/api/items/8169>,<http://omeka.org/s/vocabs/o#media>,,<https://id.analoggamemuseum.org/api/media/20088>
<https://id.analoggamemuseum.org/api/items/8169>,<http://omeka.org/s/vocabs/o#media>,,<https://id.analoggamemuseum.org/api/media/20089>
<https://id.analoggamemuseum.org/api/items/8170>,<http://omeka.org/s/vocabs/o#media>,,<https://id.analoggamemuseum.org/api/media/20084>
<https://id.analoggamemuseum.org/api/items/8170>,<http://omeka.org/s/vocabs/o#media>,,<https://id.analoggamemuseum.org/api/media/20085>
<https://id.analoggamemuseum.org/api/items/8171>,<http://omeka.org/s/vocabs/o#media>,,<https://id.analoggamemuseum.org/api/media/20082>
<https://id.analoggamemuseum.org/api/items/8171>,<http://omeka.org/s/vocabs/o#media>,,<https://id.analoggamemuseum.org/api/media/20083>
<https://id.analoggamemuseum.org/api/items/8172>,<http://omeka.org/s/vocabs/o#media>,,<https://id.analoggamemuseum.org/api/media/20092>
<https://id.analoggamemuseum.org/api/items/8172>,<http://omeka.org/s/vocabs/o#media>,,<https://id.analoggamemuseum.org/api/media/20093>
<https://id.analoggamemuseum.org/api/items/8173>,<http://omeka.org/s/vocabs/o#media>,,<https://id.analoggamemuseum.org/api/media/20130>
<https://id.analoggamemuseum.org/api/items/8173>,<http://omeka.org/s/vocabs/o#media>,,<https://id.analoggamemuseum.org/api/media/20131>
<https://id.analoggamemuseum.org/api/items/8174>,<http://omeka.org/s/vocabs/o#media>,,<https://id.analoggamemuseum.org/api/media/20080>
<https://id.analoggamemuseum.org/api/items/8174>,<http://omeka.org/s/vocabs/o#media>,,<https://id.analoggamemuseum.org/api/media/20081>
<https://id.analoggamemuseum.org/api/items/8175>,<http://omeka.org/s/vocabs/o#media>,,<https://id.analoggamemuseum.org/api/media/20128>
<https://id.analoggamemuseum.org/api/items/8175>,<http://omeka.org/s/vocabs/o#media>,,<https://id.analoggamemuseum.org/api/media/20129>
<https://id.analoggamemuseum.org/api/items/8176>,<http://omeka.org/s/vocabs/o#media>,,<https://id.analoggamemuseum.org/api/media/20132>
<https://id.analoggamemuseum.org/api/items/8176>,<http://omeka.org/s/vocabs/o#media>,,<https://id.analoggamemuseum.org/api/media/20133>
<https://id.analoggamemuseum.org/api/items/8177>,<http://omeka.org/s/vocabs/o#media>,,<https://id.analoggamemuseum.org/api/media/20140>
<https://id.analoggamemuseum.org/api/items/8177>,<http://omeka.org/s/vocabs/o#media>,,<https://id.analoggamemuseum.org/api/media/20141>
<https://id.analoggamemuseum.org/api/items/8178>,<http://omeka.org/s/vocabs/o#media>,,<https://id.analoggamemuseum.org/api/media/20146>
<https://id.analoggamemuseum.org/api/items/8178>,<http://omeka.org/s/vocabs/o#media>,,<https://id.analoggamemuseum.org/api/media/20147>
<https://id.analoggamemuseum.org/api/items/8179>,<http://omeka.org/s/vocabs/o#media>,,<https://id.analoggamemuseum.org/api/media/20144>
<https://id.analoggamemuseum.org/api/items/8179>,<http://omeka.org/s/vocabs/o#media>,,<https://id.analoggamemuseum.org/api/media/20145>
<https://id.analoggamemuseum.org/api/items/8180>,<http://omeka.org/s/vocabs/o#media>,,<https://id.analoggamemuseum.org/api/media/20148>
<https://id.analoggamemuseum.org/api/items/8180>,<http://omeka.org/s/vocabs/o#media>,,<https://id.analoggamemuseum.org/api/media/20149>
<https://id.analoggamemuseum.org/api/items/8181>,<http://omeka.org/s/vocabs/o#media>,,<https://id.analoggamemuseum.org/api/media/20138>
<https://id.analoggamemuseum.org/api/items/8181>,<http://omeka.org/s/vocabs/o#media>,,<https://id.analoggamemuseum.org/api/media/20139>
<https://id.analoggamemuseum.org/api/items/8182>,<http://omeka.org/s/vocabs/o#media>,,<https://id.analoggamemuseum.org/api/media/20136>
<https://id.analoggamemuseum.org/api/items/8182>,<http://omeka.org/s/vocabs/o#media>,,<https://id.analoggamemuseum.org/api/media/20137>
<https://id.analoggamemuseum.org/api/items/8183>,<http://omeka.org/s/vocabs/o#media>,,<https://id.analoggamemuseum.org/api/media/20134>
<https://id.analoggamemuseum.org/api/items/8183>,<http://omeka.org/s/vocabs/o#media>,,<https://id.analoggamemuseum.org/api/media/20135>
<https://id.analoggamemuseum.org/api/items/8184>,<http://omeka.org/s/vocabs/o#media>,,<https://id.analoggamemuseum.org/api/media/18834>
<https://id.analoggamemuseum.org/api/items/8184>,<http://omeka.org/s/vocabs/o#media>,,<https://id.analoggamemuseum.org/api/media/18835>
<https://id.analoggamemuseum.org/api/items/8184>,<http://omeka.org/s/vocabs/o#modified>,"""2026-01-08T18:24:40+00:00""^^<http://www.w3.org/2001/XMLSchema#dateTime>","""2026-02-16T13:15:15+00:00""^^<http://www.w3.org/2001/XMLSchema#dateTime>"
<https://id.analoggamemuseum.org/api/items/8184>,<http://omeka.org/s/vocabs/o#title>,"""A1242""","""A2510"""
<https://id.analoggamemuseum.org/api/items/8184>,<http://purl.org/dc/terms/title>,"""A1242""","""A2510"""
<https://id.analoggamemuseum.org/api/items/8184>,<https://www.analoggamemuseum.org/ontology/exemplarOf>,<https://id.analoggamemuseum.org/api/items/6797>,<https://id.analoggamemuseum.org/api/items/6729>
<https://id.analoggamemuseum.org/api/items/8184>,<https://www.analoggamemuseum.org/ontology/identifier>,"""A1242""","""A2510"""
<https://id.analoggamemuseum.org/api/items/8184>,<https://www.analoggamemuseum.org/ontology/provenance>,"""Kコレクションとして2021年7月に受け入れ""","""萬印堂より寄贈、2024年7月"""
<https://id.analoggamemuseum.org/api/items/8189>,<http://omeka.org/s/vocabs/o#media>,,<https://id.analoggamemuseum.org/api/media/18836>
<https://id.analoggamemuseum.org/api/items/8189>,<http://omeka.org/s/vocabs/o#media>,,<https://id.analoggamemuseum.org/api/media/18837>
<https://id.analoggamemuseum.org/api/items/8189>,<http://omeka.org/s/vocabs/o#modified>,"""2026-01-08T18:24:40+00:00""^^<http://www.w3.org/2001/XMLSchema#dateTime>","""2026-02-14T07:38:56+00:00""^^<http://www.w3.org/2001/XMLSchema#dateTime>"
<https://id.analoggamemuseum.org/api/items/8189>,<http://omeka.org/s/vocabs/o#title>,"""A1243""","""A2497"""
<https://id.analoggamemuseum.org/api/items/8189>,<http://purl.org/dc/terms/title>,"""A1243""","""A2497"""
<https://id.analoggamemuseum.org/api/items/8189>,<https://www.analoggamemuseum.org/ontology/exemplarOf>,<https://id.analoggamemuseum.org/api/items/6802>,<https://id.analoggamemuseum.org/api/items/6737>
<https://id.analoggamemuseum.org/api/items/8189>,<https://www.analoggamemuseum.org/ontology/identifier>,"""A1243""","""A2497"""
<https://id.analoggamemuseum.org/api/items/8196>,<http://omeka.org/s/vocabs/o#media>,,<https://id.analoggamemuseum.org/api/media/20160>
<https://id.analoggamemuseum.org/api/items/8196>,<http://omeka.org/s/vocabs/o#media>,,<https://id.analoggamemuseum.org/api/media/20161>
<https://id.analoggamemuseum.org/api/items/8196>,<http://omeka.org/s/vocabs/o#media>,,<https://id.analoggamemuseum.org/api/media/20162>
<https://id.analoggamemuseum.org/api/items/8197>,<http://omeka.org/s/vocabs/o#media>,,<https://id.analoggamemuseum.org/api/media/20155>
<https://id.analoggamemuseum.org/api/items/8197>,<http://omeka.org/s/vocabs/o#media>,,<https://id.analoggamemuseum.org/api/media/20156>
<https://id.analoggamemuseum.org/api/items/8197>,<http://omeka.org/s/vocabs/o#media>,,<https://id.analoggamemuseum.org/api/media/20157>
<https://id.analoggamemuseum.org/api/items/8198>,<http://omeka.org/s/vocabs/o#media>,,<https://id.analoggamemuseum.org/api/media/20152>
<https://id.analoggamemuseum.org/api/items/8198>,<http://omeka.org/s/vocabs/o#media>,,<https://id.analoggamemuseum.org/api/media/20153>
<https://id.analoggamemuseum.org/api/items/8198>,<http://omeka.org/s/vocabs/o#media>,,<https://id.analoggamemuseum.org/api/media/20154>
<https://id.analoggamemuseum.org/api/items/8199>,<http://omeka.org/s/vocabs/o#media>,,<https://id.analoggamemuseum.org/api/media/20150>
<https://id.analoggamemuseum.org/api/items/8199>,<http://omeka.org/s/vocabs/o#media>,,<https://id.analoggamemuseum.org/api/media/20151>
<https://id.analoggamemuseum.org/api/items/8200>,<http://omeka.org/s/vocabs/o#media>,,<https://id.analoggamemuseum.org/api/media/20158>
<https://id.analoggamemuseum.org/api/items/8200>,<http://omeka.org/s/vocabs/o#media>,,<https://id.analoggamemuseum.org/api/media/20159>
<https://id.analoggamemuseum.org/api/items/8202>,<http://omeka.org/s/vocabs/o#media>,,<https://id.analoggamemuseum.org/api/media/20171>
<https://id.analoggamemuseum.org/api/items/8202>,<http://omeka.org/s/vocabs/o#media>,,<https://id.analoggamemuseum.org/api/media/20172>
<https://id.analoggamemuseum.org/api/items/8203>,<http://omeka.org/s/vocabs/o#media>,,<https://id.analoggamemuseum.org/api/media/20178>
<https://id.analoggamemuseum.org/api/items/8203>,<http://omeka.org/s/vocabs/o#media>,,<https://id.analoggamemuseum.org/api/media/20179>
<https://id.analoggamemuseum.org/api/items/8203>,<http://omeka.org/s/vocabs/o#media>,,<https://id.analoggamemuseum.org/api/media/20180>
<https://id.analoggamemuseum.org/api/items/8204>,<http://omeka.org/s/vocabs/o#media>,,<https://id.analoggamemuseum.org/api/media/20175>
<https://id.analoggamemuseum.org/api/items/8204>,<http://omeka.org/s/vocabs/o#media>,,<https://id.analoggamemuseum.org/api/media/20176>
<https://id.analoggamemuseum.org/api/items/8204>,<http://omeka.org/s/vocabs/o#media>,,<https://id.analoggamemuseum.org/api/media/20177>
<https://id.analoggamemuseum.org/api/items/8205>,<http://omeka.org/s/vocabs/o#media>,,<https://id.analoggamemuseum.org/api/media/20173>
<https://id.analoggamemuseum.org/api/items/8205>,<http://omeka.org/s/vocabs/o#media>,,<https://id.analoggamemuseum.org/api/media/20174>
<https://id.analoggamemuseum.org/api/items/8206>,<http://omeka.org/s/vocabs/o#media>,,<https://id.analoggamemuseum.org/api/media/20169>
<https://id.analoggamemuseum.org/api/items/8206>,<http://omeka.org/s/vocabs/o#media>,,<https://id.analoggamemuseum.org/api/media/20170>
<https://id.analoggamemuseum.org/api/items/8207>,<http://omeka.org/s/vocabs/o#media>,,<https://id.analoggamemuseum.org/api/media/20163>
<https://id.analoggamemuseum.org/api/items/8207>,<http://omeka.org/s/vocabs/o#media>,,<https://id.analoggamemuseum.org/api/media/20164>
<https://id.analoggamemuseum.org/api/items/8208>,<http://omeka.org/s/vocabs/o#media>,,<https://id.analoggamemuseum.org/api/media/20165>
<https://id.analoggamemuseum.org/api/items/8208>,<http://omeka.org/s/vocabs/o#media>,,<https://id.analoggamemuseum.org/api/media/20166>
<https://id.analoggamemuseum.org/api/items/8209>,<http://omeka.org/s/vocabs/o#media>,,<https://id.analoggamemuseum.org/api/media/20181>
<https://id.analoggamemuseum.org/api/items/8209>,<http://omeka.org/s/vocabs/o#media>,,<https://id.analoggamemuseum.org/api/media/20182>
<https://id.analoggamemuseum.org/api/items/8209>,<http://omeka.org/s/vocabs/o#media>,,<https://id.analoggamemuseum.org/api/media/20183>
<https://id.analoggamemuseum.org/api/items/8210>,<http://omeka.org/s/vocabs/o#media>,,<https://id.analoggamemuseum.org/api/media/18840>
<https://id.analoggamemuseum.org/api/items/8210>,<http://omeka.org/s/vocabs/o#media>,,<https://id.analoggamemuseum.org/api/media/18841>
<https://id.analoggamemuseum.org/api/items/8210>,<http://omeka.org/s/vocabs/o#modified>,"""2026-01-08T18:24:40+00:00""^^<http://www.w3.org/2001/XMLSchema#dateTime>","""2026-02-14T07:24:44+00:00""^^<http://www.w3.org/2001/XMLSchema#dateTime>"
<https://id.analoggamemuseum.org/api/items/8210>,<http://omeka.org/s/vocabs/o#title>,"""A1245""","""A2485"""
<https://id.analoggamemuseum.org/api/items/8210>,<http://purl.org/dc/terms/title>,"""A1245""","""A2485"""
<https://id.analoggamemuseum.org/api/items/8210>,<https://www.analoggamemuseum.org/ontology/exemplarOf>,<https://id.analoggamemuseum.org/api/items/6817>,<https://id.analoggamemuseum.org/api/items/6736>
<https://id.analoggamemuseum.org/api/items/8210>,<https://www.analoggamemuseum.org/ontology/identifier>,"""A1245""","""A2485"""
<https://id.analoggamemuseum.org/api/items/8211>,<http://omeka.org/s/vocabs/o#media>,,<https://id.analoggamemuseum.org/api/media/18842>
<https://id.analoggamemuseum.org/api/items/8211>,<http://omeka.org/s/vocabs/o#media>,,<https://id.analoggamemuseum.org/api/media/18843>
<https://id.analoggamemuseum.org/api/items/8211>,<http://omeka.org/s/vocabs/o#modified>,"""2026-01-08T18:24:40+00:00""^^<http://www.w3.org/2001/XMLSchema#dateTime>","""2026-02-16T13:56:03+00:00""^^<http://www.w3.org/2001/XMLSchema#dateTime>"
<https://id.analoggamemuseum.org/api/items/8211>,<http://omeka.org/s/vocabs/o#title>,"""A1246""","""A2457"""
<https://id.analoggamemuseum.org/api/items/8211>,<http://purl.org/dc/terms/title>,"""A1246""","""A2457"""
<https://id.analoggamemuseum.org/api/items/8211>,<https://www.analoggamemuseum.org/ontology/exemplarOf>,<https://id.analoggamemuseum.org/api/items/6818>,<https://id.analoggamemuseum.org/api/items/6735>
<https://id.analoggamemuseum.org/api/items/8211>,<https://www.analoggamemuseum.org/ontology/identifier>,"""A1246""","""A2457"""
<https://id.analoggamemuseum.org/api/items/8211>,<https://www.analoggamemuseum.org/ontology/provenance>,"""アークライトより寄贈、ゲームマーケットサンプル（2023春）""","""萬印堂より寄贈、2024年7月"""
<https://id.analoggamemuseum.org/api/items/8212>,<http://omeka.org/s/vocabs/o#modified>,"""2026-01-08T18:24:40+00:00""^^<http://www.w3.org/2001/XMLSchema#dateTime>","""2026-02-14T06:43:39+00:00""^^<http://www.w3.org/2001/XMLSchema#dateTime>"
<https://id.analoggamemuseum.org/api/items/8213>,<http://omeka.org/s/vocabs/o#media>,,<https://id.analoggamemuseum.org/api/media/18856>
<https://id.analoggamemuseum.org/api/items/8213>,<http://omeka.org/s/vocabs/o#media>,,<https://id.analoggamemuseum.org/api/media/18857>
<https://id.analoggamemuseum.org/api/items/8213>,<http://omeka.org/s/vocabs/o#modified>,"""2026-01-08T18:24:40+00:00""^^<http://www.w3.org/2001/XMLSchema#dateTime>","""2026-02-15T07:20:34+00:00""^^<http://www.w3.org/2001/XMLSchema#dateTime>"
<https://id.analoggamemuseum.org/api/items/8213>,<http://omeka.org/s/vocabs/o#title>,"""A1252""","""A2536"""
<https://id.analoggamemuseum.org/api/items/8213>,<http://purl.org/dc/terms/title>,"""A1252""","""A2536"""
<https://id.analoggamemuseum.org/api/items/8213>,<https://www.analoggamemuseum.org/ontology/exemplarOf>,<https://id.analoggamemuseum.org/api/items/6820>,<https://id.analoggamemuseum.org/api/items/6745>
<https://id.analoggamemuseum.org/api/items/8213>,<https://www.analoggamemuseum.org/ontology/identifier>,"""A1252""","""A2536"""
<https://id.analoggamemuseum.org/api/items/8213>,<https://www.analoggamemuseum.org/ontology/provenance>,"""アークライトより寄贈、ゲームマーケットサンプル（2023春）""","""萬印堂より寄贈、2024年7月"""
<https://id.analoggamemuseum.org/api/items/8214>,<http://omeka.org/s/vocabs/o#media>,,<https://id.analoggamemuseum.org/api/media/18858>
<https://id.analoggamemuseum.org/api/items/8214>,<http://omeka.org/s/vocabs/o#media>,,<https://id.analoggamemuseum.org/api/media/18859>
<https://id.analoggamemuseum.org/api/items/8214>,<http://omeka.org/s/vocabs/o#modified>,"""2026-01-08T18:24:40+00:00""^^<http://www.w3.org/2001/XMLSchema#dateTime>","""2026-02-15T07:16:16+00:00""^^<http://www.w3.org/2001/XMLSchema#dateTime>"
<https://id.analoggamemuseum.org/api/items/8214>,<http://omeka.org/s/vocabs/o#title>,"""A1253""","""A2535"""
<https://id.analoggamemuseum.org/api/items/8214>,<http://purl.org/dc/terms/title>,"""A1253""","""A2535"""
<https://id.analoggamemuseum.org/api/items/8214>,<https://www.analoggamemuseum.org/ontology/exemplarOf>,<https://id.analoggamemuseum.org/api/items/6821>,<https://id.analoggamemuseum.org/api/items/6738>
<https://id.analoggamemuseum.org/api/items/8214>,<https://www.analoggamemuseum.org/ontology/identifier>,"""A1253""","""A2535"""
<https://id.analoggamemuseum.org/api/items/8214>,<https://www.analoggamemuseum.org/ontology/provenance>,"""アークライトより寄贈、ゲームマーケットサンプル（2023春）""","""萬印堂より寄贈、2024年7月"""
<https://id.analoggamemuseum.org/api/items/8215>,<http://omeka.org/s/vocabs/o#media>,,<https://id.analoggamemuseum.org/api/media/18860>
<https://id.analoggamemuseum.org/api/items/8215>,<http://omeka.org/s/vocabs/o#media>,,<https://id.analoggamemuseum.org/api/media/18861>
<https://id.analoggamemuseum.org/api/items/8215>,<http://omeka.org/s/vocabs/o#modified>,"""2026-01-08T18:24:40+00:00""^^<http://www.w3.org/2001/XMLSchema#dateTime>","""2026-02-15T07:10:28+00:00""^^<http://www.w3.org/2001/XMLSchema#dateTime>"
<https://id.analoggamemuseum.org/api/items/8215>,<https://www.analoggamemuseum.org/ontology/exemplarOf>,<https://id.analoggamemuseum.org/api/items/6822>,<https://id.analoggamemuseum.org/api/items/6739>
<https://id.analoggamemuseum.org/api/items/8215>,<https://www.analoggamemuseum.org/ontology/provenance>,"""アークライトより寄贈、ゲームマーケットサンプル（2023春）""","""萬印堂より寄贈、2024年7月"""
<https://id.analoggamemuseum.org/api/items/8216>,<http://omeka.org/s/vocabs/o#media>,,<https://id.analoggamemuseum.org/api/media/18862>
<https://id.analoggamemuseum.org/api/items/8216>,<http://omeka.org/s/vocabs/o#media>,,<https://id.analoggamemuseum.org/api/media/18863>
<https://id.analoggamemuseum.org/api/items/8216>,<http://omeka.org/s/vocabs/o#modified>,"""2026-01-08T18:24:40+00:00""^^<http://www.w3.org/2001/XMLSchema#dateTime>","""2026-02-15T07:04:40+00:00""^^<http://www.w3.org/2001/XMLSchema#dateTime>"
<https://id.analoggamemuseum.org/api/items/8216>,<https://www.analoggamemuseum.org/ontology/exemplarOf>,<https://id.analoggamemuseum.org/api/items/6823>,<https://id.analoggamemuseum.org/api/items/6744>
<https://id.analoggamemuseum.org/api/items/8216>,<https://www.analoggamemuseum.org/ontology/provenance>,"""アークライトより寄贈、ゲームマーケットサンプル（2023春）""","""萬印堂より寄贈、2024年7月"""
<https://id.analoggamemuseum.org/api/items/8217>,<http://omeka.org/s/vocabs/o#media>,,<https://id.analoggamemuseum.org/api/media/18864>
<https://id.analoggamemuseum.org/api/items/8217>,<http://omeka.org/s/vocabs/o#media>,,<https://id.analoggamemuseum.org/api/media/18865>
<https://id.analoggamemuseum.org/api/items/8217>,<http://omeka.org/s/vocabs/o#modified>,"""2026-01-08T18:24:40+00:00""^^<http://www.w3.org/2001/XMLSchema#dateTime>","""2026-02-15T06:22:22+00:00""^^<http://www.w3.org/2001/XMLSchema#dateTime>"
<https://id.analoggamemuseum.org/api/items/8217>,<http://omeka.org/s/vocabs/o#title>,"""A1256""","""A2521"""
<https://id.analoggamemuseum.org/api/items/8217>,<http://purl.org/dc/terms/title>,"""A1256""","""A2521"""
<https://id.analoggamemuseum.org/api/items/8217>,<https://www.analoggamemuseum.org/ontology/exemplarOf>,<https://id.analoggamemuseum.org/api/items/6824>,<https://id.analoggamemuseum.org/api/items/6740>
<https://id.analoggamemuseum.org/api/items/8217>,<https://www.analoggamemuseum.org/ontology/identifier>,"""A1256""","""A2521"""
<https://id.analoggamemuseum.org/api/items/8219>,<http://omeka.org/s/vocabs/o#media>,,<https://id.analoggamemuseum.org/api/media/18848>
<https://id.analoggamemuseum.org/api/items/8219>,<http://omeka.org/s/vocabs/o#media>,,<https://id.analoggamemuseum.org/api/media/18849>
<https://id.analoggamemuseum.org/api/items/8219>,<http://omeka.org/s/vocabs/o#modified>,"""2026-01-08T18:24:40+00:00""^^<http://www.w3.org/2001/XMLSchema#dateTime>","""2026-02-14T06:50:31+00:00""^^<http://www.w3.org/2001/XMLSchema#dateTime>"
<https://id.analoggamemuseum.org/api/items/8219>,<http://omeka.org/s/vocabs/o#title>,"""A1249""","""A2471"""
<https://id.analoggamemuseum.org/api/items/8219>,<http://purl.org/dc/terms/title>,"""A1249""","""A2471"""
<https://id.analoggamemuseum.org/api/items/8219>,<https://www.analoggamemuseum.org/ontology/exemplarOf>,<https://id.analoggamemuseum.org/api/items/6825>,<https://id.analoggamemuseum.org/api/items/6732>
<https://id.analoggamemuseum.org/api/items/8219>,<https://www.analoggamemuseum.org/ontology/identifier>,"""A1249""","""A2471"""
<https://id.analoggamemuseum.org/api/items/8220>,<http://omeka.org/s/vocabs/o#media>,,<https://id.analoggamemuseum.org/api/media/18852>
<https://id.analoggamemuseum.org/api/items/8220>,<http://omeka.org/s/vocabs/o#media>,,<https://id.analoggamemuseum.org/api/media/18853>
<https://id.analoggamemuseum.org/api/items/8220>,<http://omeka.org/s/vocabs/o#modified>,"""2026-01-08T18:24:40+00:00""^^<http://www.w3.org/2001/XMLSchema#dateTime>","""2026-02-14T07:09:30+00:00""^^<http://www.w3.org/2001/XMLSchema#dateTime>"
<https://id.analoggamemuseum.org/api/items/8220>,<http://omeka.org/s/vocabs/o#title>,"""A1250""","""A2477"""
<https://id.analoggamemuseum.org/api/items/8220>,<http://purl.org/dc/terms/title>,"""A1250""","""A2477"""
<https://id.analoggamemuseum.org/api/items/8220>,<https://www.analoggamemuseum.org/ontology/exemplarOf>,<https://id.analoggamemuseum.org/api/items/6826>,<https://id.analoggamemuseum.org/api/items/6733>
<https://id.analoggamemuseum.org/api/items/8220>,<https://www.analoggamemuseum.org/ontology/identifier>,"""A1250""","""A2477"""
<https://id.analoggamemuseum.org/api/items/8221>,<http://omeka.org/s/vocabs/o#media>,,<https://id.analoggamemuseum.org/api/media/18854>
<https://id.analoggamemuseum.org/api/items/8221>,<http://omeka.org/s/vocabs/o#media>,,<https://id.analoggamemuseum.org/api/media/18855>
<https://id.analoggamemuseum.org/api/items/8221>,<http://omeka.org/s/vocabs/o#modified>,"""2026-01-08T18:24:40+00:00""^^<http://www.w3.org/2001/XMLSchema#dateTime>","""2026-02-15T06:47:48+00:00""^^<http://www.w3.org/2001/XMLSchema#dateTime>"
<https://id.analoggamemuseum.org/api/items/8221>,<http://omeka.org/s/vocabs/o#title>,"""A1251""","""A2531"""
<https://id.analoggamemuseum.org/api/items/8221>,<http://purl.org/dc/terms/title>,"""A1251""","""A2531"""
<https://id.analoggamemuseum.org/api/items/8221>,<https://www.analoggamemuseum.org/ontology/exemplarOf>,<https://id.analoggamemuseum.org/api/items/6827>,<https://id.analoggamemuseum.org/api/items/6743>
<https://id.analoggamemuseum.org/api/items/8221>,<https://www.analoggamemuseum.org/ontology/identifier>,"""A1251""","""A2531"""
<https://id.analoggamemuseum.org/api/items/8239>,<http://omeka.org/s/vocabs/o#media>,,<https://id.analoggamemuseum.org/api/media/20184>
<https://id.analoggamemuseum.org/api/items/8239>,<http://omeka.org/s/vocabs/o#media>,,<https://id.analoggamemuseum.org/api/media/20185>
<https://id.analoggamemuseum.org/api/items/8240>,<http://omeka.org/s/vocabs/o#media>,,<https://id.analoggamemuseum.org/api/media/20186>
<https://id.analoggamemuseum.org/api/items/8240>,<http://omeka.org/s/vocabs/o#media>,,<https://id.analoggamemuseum.org/api/media/20187>
<https://id.analoggamemuseum.org/api/items/8241>,<http://omeka.org/s/vocabs/o#media>,,<https://id.analoggamemuseum.org/api/media/20188>
<https://id.analoggamemuseum.org/api/items/8241>,<http://omeka.org/s/vocabs/o#media>,,<https://id.analoggamemuseum.org/api/media/20189>
<https://id.analoggamemuseum.org/api/items/8242>,<http://omeka.org/s/vocabs/o#media>,,<https://id.analoggamemuseum.org/api/media/20190>
<https://id.analoggamemuseum.org/api/items/8242>,<http://omeka.org/s/vocabs/o#media>,,<https://id.analoggamemuseum.org/api/media/20191>
<https://id.analoggamemuseum.org/api/items/8243>,<http://omeka.org/s/vocabs/o#media>,,<https://id.analoggamemuseum.org/api/media/20192>
<https://id.analoggamemuseum.org/api/items/8243>,<http://omeka.org/s/vocabs/o#media>,,<https://id.analoggamemuseum.org/api/media/20193>
<https://id.analoggamemuseum.org/api/items/8244>,<http://omeka.org/s/vocabs/o#media>,,<https://id.analoggamemuseum.org/api/media/20194>
<https://id.analoggamemuseum.org/api/items/8244>,<http://omeka.org/s/vocabs/o#media>,,<https://id.analoggamemuseum.org/api/media/20195>
<https://id.analoggamemuseum.org/api/items/8245>,<http://omeka.org/s/vocabs/o#media>,,<https://id.analoggamemuseum.org/api/media/20196>
<https://id.analoggamemuseum.org/api/items/8245>,<http://omeka.org/s/vocabs/o#media>,,<https://id.analoggamemuseum.org/api/media/20197>
<https://id.analoggamemuseum.org/api/items/8246>,<http://omeka.org/s/vocabs/o#media>,,<https://id.analoggamemuseum.org/api/media/20198>
<https://id.analoggamemuseum.org/api/items/8246>,<http://omeka.org/s/vocabs/o#media>,,<https://id.analoggamemuseum.org/api/media/20199>
<https://id.analoggamemuseum.org/api/items/8247>,<http://omeka.org/s/vocabs/o#media>,,<https://id.analoggamemuseum.org/api/media/20200>
<https://id.analoggamemuseum.org/api/items/8247>,<http://omeka.org/s/vocabs/o#media>,,<https://id.analoggamemuseum.org/api/media/20201>
<https://id.analoggamemuseum.org/api/items/8248>,<http://omeka.org/s/vocabs/o#media>,,<https://id.analoggamemuseum.org/api/media/20202>
<https://id.analoggamemuseum.org/api/items/8248>,<http://omeka.org/s/vocabs/o#media>,,<https://id.analoggamemuseum.org/api/media/20203>
<https://id.analoggamemuseum.org/api/items/8249>,<http://omeka.org/s/vocabs/o#media>,,<https://id.analoggamemuseum.org/api/media/20204>
<https://id.analoggamemuseum.org/api/items/8249>,<http://omeka.org/s/vocabs/o#media>,,<https://id.analoggamemuseum.org/api/media/20205>
<https://id.analoggamemuseum.org/api/items/8250>,<http://omeka.org/s/vocabs/o#media>,,<https://id.analoggamemuseum.org/api/media/20206>
<https://id.analoggamemuseum.org/api/items/8250>,<http://omeka.org/s/vocabs/o#media>,,<https://id.analoggamemuseum.org/api/media/20207>
<https://id.analoggamemuseum.org/api/items/8251>,<http://omeka.org/s/vocabs/o#media>,,<https://id.analoggamemuseum.org/api/media/20208>
<https://id.analoggamemuseum.org/api/items/8251>,<http://omeka.org/s/vocabs/o#media>,,<https://id.analoggamemuseum.org/api/media/20209>
<https://id.analoggamemuseum.org/api/items/8252>,<http://omeka.org/s/vocabs/o#media>,,<https://id.analoggamemuseum.org/api/media/20210>
<https://id.analoggamemuseum.org/api/items/8252>,<http://omeka.org/s/vocabs/o#media>,,<https://id.analoggamemuseum.org/api/media/20211>
<https://id.analoggamemuseum.org/api/items/8253>,<http://omeka.org/s/vocabs/o#media>,,<https://id.analoggamemuseum.org/api/media/20214>
<https://id.analoggamemuseum.org/api/items/8253>,<http://omeka.org/s/vocabs/o#media>,,<https://id.analoggamemuseum.org/api/media/20215>
<https://id.analoggamemuseum.org/api/items/8254>,<http://omeka.org/s/vocabs/o#media>,,<https://id.analoggamemuseum.org/api/media/20216>
<https://id.analoggamemuseum.org/api/items/8254>,<http://omeka.org/s/vocabs/o#media>,,<https://id.analoggamemuseum.org/api/media/20217>
<https://id.analoggamemuseum.org/api/items/8255>,<http://omeka.org/s/vocabs/o#media>,,<https://id.analoggamemuseum.org/api/media/20218>
<https://id.analoggamemuseum.org/api/items/8255>,<http://omeka.org/s/vocabs/o#media>,,<https://id.analoggamemuseum.org/api/media/20219>
<https://id.analoggamemuseum.org/api/items/8256>,<http://omeka.org/s/vocabs/o#media>,,<https://id.analoggamemuseum.org/api/media/20220>
<https://id.analoggamemuseum.org/api/items/8256>,<http://omeka.org/s/vocabs/o#media>,,<https://id.analoggamemuseum.org/api/media/20221>
<https://id.analoggamemuseum.org/api/items/8257>,<http://omeka.org/s/vocabs/o#media>,,<https://id.analoggamemuseum.org/api/media/20222>
<https://id.analoggamemuseum.org/api/items/8257>,<http://omeka.org/s/vocabs/o#media>,,<https://id.analoggamemuseum.org/api/media/20223>
<https://id.analoggamemuseum.org/api/items/8258>,<http://omeka.org/s/vocabs/o#media>,,<https://id.analoggamemuseum.org/api/media/20224>
<https://id.analoggamemuseum.org/api/items/8258>,<http://omeka.org/s/vocabs/o#media>,,<https://id.analoggamemuseum.org/api/media/20225>
<https://id.analoggamemuseum.org/api/items/8259>,<http://omeka.org/s/vocabs/o#media>,,<https://id.analoggamemuseum.org/api/media/20226>
<https://id.analoggamemuseum.org/api/items/8259>,<http://omeka.org/s/vocabs/o#media>,,<https://id.analoggamemuseum.org/api/media/20227>
<https://id.analoggamemuseum.org/api/items/8260>,<http://omeka.org/s/vocabs/o#media>,,<https://id.analoggamemuseum.org/api/media/20228>
<https://id.analoggamemuseum.org/api/items/8260>,<http://omeka.org/s/vocabs/o#media>,,<https://id.analoggamemuseum.org/api/media/20229>
<https://id.analoggamemuseum.org/api/items/8261>,<http://omeka.org/s/vocabs/o#media>,,<https://id.analoggamemuseum.org/api/media/20230>
<https://id.analoggamemuseum.org/api/items/8261>,<http://omeka.org/s/vocabs/o#media>,,<https://id.analoggamemuseum.org/api/media/20231>
<https://id.analoggamemuseum.org/api/items/8262>,<http://omeka.org/s/vocabs/o#media>,,<https://id.analoggamemuseum.org/api/media/20232>
<https://id.analoggamemuseum.org/api/items/8262>,<http://omeka.org/s/vocabs/o#media>,,<https://id.analoggamemuseum.org/api/media/20233>
<https://id.analoggamemuseum.org/api/items/8263>,<http://omeka.org/s/vocabs/o#media>,,<https://id.analoggamemuseum.org/api/media/20236>
<https://id.analoggamemuseum.org/api/items/8263>,<http://omeka.org/s/vocabs/o#media>,,<https://id.analoggamemuseum.org/api/media/20237>
<https://id.analoggamemuseum.org/api/items/8264>,<http://omeka.org/s/vocabs/o#media>,,<https://id.analoggamemuseum.org/api/media/20238>
<https://id.analoggamemuseum.org/api/items/8264>,<http://omeka.org/s/vocabs/o#media>,,<https://id.analoggamemuseum.org/api/media/20239>
<https://id.analoggamemuseum.org/api/items/8265>,<http://omeka.org/s/vocabs/o#media>,,<https://id.analoggamemuseum.org/api/media/20240>
<https://id.analoggamemuseum.org/api/items/8265>,<http://omeka.org/s/vocabs/o#media>,,<https://id.analoggamemuseum.org/api/media/20241>
<https://id.analoggamemuseum.org/api/items/8266>,<http://omeka.org/s/vocabs/o#media>,,<https://id.analoggamemuseum.org/api/media/20242>
<https://id.analoggamemuseum.org/api/items/8266>,<http://omeka.org/s/vocabs/o#media>,,<https://id.analoggamemuseum.org/api/media/20243>
<https://id.analoggamemuseum.org/api/items/8267>,<http://omeka.org/s/vocabs/o#media>,,<https://id.analoggamemuseum.org/api/media/20244>
<https://id.analoggamemuseum.org/api/items/8267>,<http://omeka.org/s/vocabs/o#media>,,<https://id.analoggamemuseum.org/api/media/20245>
<https://id.analoggamemuseum.org/api/items/8268>,<http://omeka.org/s/vocabs/o#media>,,<https://id.analoggamemuseum.org/api/media/20246>
<https://id.analoggamemuseum.org/api/items/8268>,<http://omeka.org/s/vocabs/o#media>,,<https://id.analoggamemuseum.org/api/media/20247>
<https://id.analoggamemuseum.org/api/items/8269>,<http://omeka.org/s/vocabs/o#media>,,<https://id.analoggamemuseum.org/api/media/20248>
<https://id.analoggamemuseum.org/api/items/8269>,<http://omeka.org/s/vocabs/o#media>,,<https://id.analoggamemuseum.org/api/media/20249>
<https://id.analoggamemuseum.org/api/items/8270>,<http://omeka.org/s/vocabs/o#media>,,<https://id.analoggamemuseum.org/api/media/20250>
<https://id.analoggamemuseum.org/api/items/8270>,<http://omeka.org/s/vocabs/o#media>,,<https://id.analoggamemuseum.org/api/media/20251>
<https://id.analoggamemuseum.org/api/items/8271>,<http://omeka.org/s/vocabs/o#media>,,<https://id.analoggamemuseum.org/api/media/20252>
<https://id.analoggamemuseum.org/api/items/8271>,<http://omeka.org/s/vocabs/o#media>,,<https://id.analoggamemuseum.org/api/media/20253>
<https://id.analoggamemuseum.org/api/items/8272>,<http://omeka.org/s/vocabs/o#media>,,<https://id.analoggamemuseum.org/api/media/20254>
<https://id.analoggamemuseum.org/api/items/8272>,<http://omeka.org/s/vocabs/o#media>,,<https://id.analoggamemuseum.org/api/media/20255>
<https://id.analoggamemuseum.org/api/items/8273>,<http://omeka.org/s/vocabs/o#media>,,<https://id.analoggamemuseum.org/api/media/20259>
<https://id.analoggamemuseum.org/api/items/8273>,<http://omeka.org/s/vocabs/o#media>,,<https://id.analoggamemuseum.org/api/media/20260>
<https://id.analoggamemuseum.org/api/items/8274>,<http://omeka.org/s/vocabs/o#media>,,<https://id.analoggamemuseum.org/api/media/20261>
<https://id.analoggamemuseum.org/api/items/8274>,<http://omeka.org/s/vocabs/o#media>,,<https://id.analoggamemuseum.org/api/media/20262>
<https://id.analoggamemuseum.org/api/items/8274>,<http://omeka.org/s/vocabs/o#media>,,<https://id.analoggamemuseum.org/api/media/20263>
<https://id.analoggamemuseum.org/api/items/8275>,<http://omeka.org/s/vocabs/o#media>,,<https://id.analoggamemuseum.org/api/media/20264>
<https://id.analoggamemuseum.org/api/items/8275>,<http://omeka.org/s/vocabs/o#media>,,<https://id.analoggamemuseum.org/api/media/20265>
<https://id.analoggamemuseum.org/api/items/8276>,<http://omeka.org/s/vocabs/o#media>,,<https://id.analoggamemuseum.org/api/media/20266>
<https://id.analoggamemuseum.org/api/items/8276>,<http://omeka.org/s/vocabs/o#media>,,<https://id.analoggamemuseum.org/api/media/20267>
<https://id.analoggamemuseum.org/api/items/8277>,<http://omeka.org/s/vocabs/o#media>,,<https://id.analoggamemuseum.org/api/media/20268>
<https://id.analoggamemuseum.org/api/items/8277>,<http://omeka.org/s/vocabs/o#media>,,<https://id.analoggamemuseum.org/api/media/20269>
<https://id.analoggamemuseum.org/api/items/8277>,<http://omeka.org/s/vocabs/o#media>,,<https://id.analoggamemuseum.org/api/media/20270>
<https://id.analoggamemuseum.org/api/items/8278>,<http://omeka.org/s/vocabs/o#media>,,<https://id.analoggamemuseum.org/api/media/20271>
<https://id.analoggamemuseum.org/api/items/8278>,<http://omeka.org/s/vocabs/o#media>,,<https://id.analoggamemuseum.org/api/media/20272>
<https://id.analoggamemuseum.org/api/items/8279>,<http://omeka.org/s/vocabs/o#media>,,<https://id.analoggamemuseum.org/api/media/20273>
<https://id.analoggamemuseum.org/api/items/8279>,<http://omeka.org/s/vocabs/o#media>,,<https://id.analoggamemuseum.org/api/media/20274>
<https://id.analoggamemuseum.org/api/items/8280>,<http://omeka.org/s/vocabs/o#media>,,<https://id.analoggamemuseum.org/api/media/20275>
<https://id.analoggamemuseum.org/api/items/8280>,<http://omeka.org/s/vocabs/o#media>,,<https://id.analoggamemuseum.org/api/media/20276>
<https://id.analoggamemuseum.org/api/items/8281>,<http://omeka.org/s/vocabs/o#media>,,<https://id.analoggamemuseum.org/api/media/20277>
<https://id.analoggamemuseum.org/api/items/8281>,<http://omeka.org/s/vocabs/o#media>,,<https://id.analoggamemuseum.org/api/media/20278>
<https://id.analoggamemuseum.org/api/items/8282>,<http://omeka.org/s/vocabs/o#media>,,<https://id.analoggamemuseum.org/api/media/20279>
<https://id.analoggamemuseum.org/api/items/8282>,<http://omeka.org/s/vocabs/o#media>,,<https://id.analoggamemuseum.org/api/media/20280>
<https://id.analoggamemuseum.org/api/items/8283>,<http://omeka.org/s/vocabs/o#media>,,<https://id.analoggamemuseum.org/api/media/20283>
<https://id.analoggamemuseum.org/api/items/8283>,<http://omeka.org/s/vocabs/o#media>,,<https://id.analoggamemuseum.org/api/media/20284>
<https://id.analoggamemuseum.org/api/items/8284>,<http://omeka.org/s/vocabs/o#media>,,<https://id.analoggamemuseum.org/api/media/20285>
<https://id.analoggamemuseum.org/api/items/8284>,<http://omeka.org/s/vocabs/o#media>,,<https://id.analoggamemuseum.org/api/media/20286>
<https://id.analoggamemuseum.org/api/items/8284>,<http://omeka.org/s/vocabs/o#media>,,<https://id.analoggamemuseum.org/api/media/20287>
<https://id.analoggamemuseum.org/api/items/8285>,<http://omeka.org/s/vocabs/o#media>,,<https://id.analoggamemuseum.org/api/media/20288>
<https://id.analoggamemuseum.org/api/items/8285>,<http://omeka.org/s/vocabs/o#media>,,<https://id.analoggamemuseum.org/api/media/20289>
<https://id.analoggamemuseum.org/api/items/8286>,<http://omeka.org/s/vocabs/o#media>,,<https://id.analoggamemuseum.org/api/media/20290>
<https://id.analoggamemuseum.org/api/items/8286>,<http://omeka.org/s/vocabs/o#media>,,<https://id.analoggamemuseum.org/api/media/20291>
<https://id.analoggamemuseum.org/api/items/8287>,<http://omeka.org/s/vocabs/o#media>,,<https://id.analoggamemuseum.org/api/media/20292>
<https://id.analoggamemuseum.org/api/items/8287>,<http://omeka.org/s/vocabs/o#media>,,<https://id.analoggamemuseum.org/api/media/20293>
<https://id.analoggamemuseum.org/api/items/8288>,<http://omeka.org/s/vocabs/o#media>,,<https://id.analoggamemuseum.org/api/media/20294>
<https://id.analoggamemuseum.org/api/items/8288>,<http://omeka.org/s/vocabs/o#media>,,<https://id.analoggamemuseum.org/api/media/20295>
<https://id.analoggamemuseum.org/api/items/8289>,<http://omeka.org/s/vocabs/o#media>,,<https://id.analoggamemuseum.org/api/media/20296>
<https://id.analoggamemuseum.org/api/items/8289>,<http://omeka.org/s/vocabs/o#media>,,<https://id.analoggamemuseum.org/api/media/20297>
<https://id.analoggamemuseum.org/api/items/8290>,<http://omeka.org/s/vocabs/o#media>,,<https://id.analoggamemuseum.org/api/media/20298>
<https://id.analoggamemuseum.org/api/items/8290>,<http://omeka.org/s/vocabs/o#media>,,<https://id.analoggamemuseum.org/api/media/20299>
<https://id.analoggamemuseum.org/api/items/8291>,<http://omeka.org/s/vocabs/o#media>,,<https://id.analoggamemuseum.org/api/media/20300>
<https://id.analoggamemuseum.org/api/items/8291>,<http://omeka.org/s/vocabs/o#media>,,<https://id.analoggamemuseum.org/api/media/20301>
<https://id.analoggamemuseum.org/api/items/8292>,<http://omeka.org/s/vocabs/o#media>,,<https://id.analoggamemuseum.org/api/media/20302>
<https://id.analoggamemuseum.org/api/items/8292>,<http://omeka.org/s/vocabs/o#media>,,<https://id.analoggamemuseum.org/api/media/20303>
<https://id.analoggamemuseum.org/api/items/8293>,<http://omeka.org/s/vocabs/o#media>,,<https://id.analoggamemuseum.org/api/media/20304>
<https://id.analoggamemuseum.org/api/items/8293>,<http://omeka.org/s/vocabs/o#media>,,<https://id.analoggamemuseum.org/api/media/20305>
<https://id.analoggamemuseum.org/api/items/8294>,<http://omeka.org/s/vocabs/o#media>,,<https://id.analoggamemuseum.org/api/media/20306>
<https://id.analoggamemuseum.org/api/items/8294>,<http://omeka.org/s/vocabs/o#media>,,<https://id.analoggamemuseum.org/api/media/20307>
<https://id.analoggamemuseum.org/api/items/8295>,<http://omeka.org/s/vocabs/o#media>,,<https://id.analoggamemuseum.org/api/media/20308>
<https://id.analoggamemuseum.org/api/items/8295>,<http://omeka.org/s/vocabs/o#media>,,<https://id.analoggamemuseum.org/api/media/20309>
<https://id.analoggamemuseum.org/api/items/8296>,<http://omeka.org/s/vocabs/o#media>,,<https://id.analoggamemuseum.org/api/media/20310>
<https://id.analoggamemuseum.org/api/items/8296>,<http://omeka.org/s/vocabs/o#media>,,<https://id.analoggamemuseum.org/api/media/20311>
<https://id.analoggamemuseum.org/api/items/8297>,<http://omeka.org/s/vocabs/o#media>,,<https://id.analoggamemuseum.org/api/media/20312>
<https://id.analoggamemuseum.org/api/items/8297>,<http://omeka.org/s/vocabs/o#media>,,<https://id.analoggamemuseum.org/api/media/20313>
<https://id.analoggamemuseum.org/api/items/8298>,<http://omeka.org/s/vocabs/o#media>,,<https://id.analoggamemuseum.org/api/media/20314>
<https://id.analoggamemuseum.org/api/items/8298>,<http://omeka.org/s/vocabs/o#media>,,<https://id.analoggamemuseum.org/api/media/20315>
<https://id.analoggamemuseum.org/api/items/8299>,<http://omeka.org/s/vocabs/o#media>,,<https://id.analoggamemuseum.org/api/media/20316>
<https://id.analoggamemuseum.org/api/items/8299>,<http://omeka.org/s/vocabs/o#media>,,<https://id.analoggamemuseum.org/api/media/20317>
<https://id.analoggamemuseum.org/api/items/8300>,<http://omeka.org/s/vocabs/o#media>,,<https://id.analoggamemuseum.org/api/media/20318>
<https://id.analoggamemuseum.org/api/items/8300>,<http://omeka.org/s/vocabs/o#media>,,<https://id.analoggamemuseum.org/api/media/20319>
<https://id.analoggamemuseum.org/api/items/8301>,<http://omeka.org/s/vocabs/o#media>,,<https://id.analoggamemuseum.org/api/media/20320>
<https://id.analoggamemuseum.org/api/items/8301>,<http://omeka.org/s/vocabs/o#media>,,<https://id.analoggamemuseum.org/api/media/20321>
<https://id.analoggamemuseum.org/api/items/8302>,<http://omeka.org/s/vocabs/o#media>,,<https://id.analoggamemuseum.org/api/media/20322>
<https://id.analoggamemuseum.org/api/items/8302>,<http://omeka.org/s/vocabs/o#media>,,<https://id.analoggamemuseum.org/api/media/20323>
<https://id.analoggamemuseum.org/api/items/8303>,<http://omeka.org/s/vocabs/o#media>,,<https://id.analoggamemuseum.org/api/media/20326>
<https://id.analoggamemuseum.org/api/items/8303>,<http://omeka.org/s/vocabs/o#media>,,<https://id.analoggamemuseum.org/api/media/20327>
<https://id.analoggamemuseum.org/api/items/8304>,<http://omeka.org/s/vocabs/o#media>,,<https://id.analoggamemuseum.org/api/media/20328>
<https://id.analoggamemuseum.org/api/items/8304>,<http://omeka.org/s/vocabs/o#media>,,<https://id.analoggamemuseum.org/api/media/20329>
<https://id.analoggamemuseum.org/api/items/8305>,<http://omeka.org/s/vocabs/o#media>,,<https://id.analoggamemuseum.org/api/media/20330>
<https://id.analoggamemuseum.org/api/items/8305>,<http://omeka.org/s/vocabs/o#media>,,<https://id.analoggamemuseum.org/api/media/20331>
<https://id.analoggamemuseum.org/api/items/8306>,<http://omeka.org/s/vocabs/o#media>,,<https://id.analoggamemuseum.org/api/media/20332>
<https://id.analoggamemuseum.org/api/items/8306>,<http://omeka.org/s/vocabs/o#media>,,<https://id.analoggamemuseum.org/api/media/20333>
<https://id.analoggamemuseum.org/api/items/8307>,<http://omeka.org/s/vocabs/o#media>,,<https://id.analoggamemuseum.org/api/media/20334>
<https://id.analoggamemuseum.org/api/items/8307>,<http://omeka.org/s/vocabs/o#media>,,<https://id.analoggamemuseum.org/api/media/20335>
<https://id.analoggamemuseum.org/api/items/8307>,<http://omeka.org/s/vocabs/o#media>,,<https://id.analoggamemuseum.org/api/media/20336>
<https://id.analoggamemuseum.org/api/items/8308>,<http://omeka.org/s/vocabs/o#media>,,<https://id.analoggamemuseum.org/api/media/20337>
<https://id.analoggamemuseum.org/api/items/8308>,<http://omeka.org/s/vocabs/o#media>,,<https://id.analoggamemuseum.org/api/media/20338>
<https://id.analoggamemuseum.org/api/items/8309>,<http://omeka.org/s/vocabs/o#media>,,<https://id.analoggamemuseum.org/api/media/20339>
<https://id.analoggamemuseum.org/api/items/8309>,<http://omeka.org/s/vocabs/o#media>,,<https://id.analoggamemuseum.org/api/media/20340>
<https://id.analoggamemuseum.org/api/items/8310>,<http://omeka.org/s/vocabs/o#media>,,<https://id.analoggamemuseum.org/api/media/20341>
<https://id.analoggamemuseum.org/api/items/8310>,<http://omeka.org/s/vocabs/o#media>,,<https://id.analoggamemuseum.org/api/media/20342>
<https://id.analoggamemuseum.org/api/items/8311>,<http://omeka.org/s/vocabs/o#media>,,<https://id.analoggamemuseum.org/api/media/20343>
<https://id.analoggamemuseum.org/api/items/8311>,<http://omeka.org/s/vocabs/o#media>,,<https://id.analoggamemuseum.org/api/media/20344>
<https://id.analoggamemuseum.org/api/items/8312>,<http://omeka.org/s/vocabs/o#media>,,<https://id.analoggamemuseum.org/api/media/20345>
<https://id.analoggamemuseum.org/api/items/8312>,<http://omeka.org/s/vocabs/o#media>,,<https://id.analoggamemuseum.org/api/media/20346>
<https://id.analoggamemuseum.org/api/items/8313>,<http://omeka.org/s/vocabs/o#media>,,<https://id.analoggamemuseum.org/api/media/20349>
<https://id.analoggamemuseum.org/api/items/8313>,<http://omeka.org/s/vocabs/o#media>,,<https://id.analoggamemuseum.org/api/media/20350>
<https://id.analoggamemuseum.org/api/items/8314>,<http://omeka.org/s/vocabs/o#media>,,<https://id.analoggamemuseum.org/api/media/20351>
<https://id.analoggamemuseum.org/api/items/8314>,<http://omeka.org/s/vocabs/o#media>,,<https://id.analoggamemuseum.org/api/media/20352>
<https://id.analoggamemuseum.org/api/items/8315>,<http://omeka.org/s/vocabs/o#media>,,<https://id.analoggamemuseum.org/api/media/20353>
<https://id.analoggamemuseum.org/api/items/8315>,<http://omeka.org/s/vocabs/o#media>,,<https://id.analoggamemuseum.org/api/media/20354>
<https://id.analoggamemuseum.org/api/items/8316>,<http://omeka.org/s/vocabs/o#media>,,<https://id.analoggamemuseum.org/api/media/20355>
<https://id.analoggamemuseum.org/api/items/8316>,<http://omeka.org/s/vocabs/o#media>,,<https://id.analoggamemuseum.org/api/media/20356>
<https://id.analoggamemuseum.org/api/items/8317>,<http://omeka.org/s/vocabs/o#media>,,<https://id.analoggamemuseum.org/api/media/20357>
<https://id.analoggamemuseum.org/api/items/8317>,<http://omeka.org/s/vocabs/o#media>,,<https://id.analoggamemuseum.org/api/media/20358>
<https://id.analoggamemuseum.org/api/items/8318>,<http://omeka.org/s/vocabs/o#media>,,<https://id.analoggamemuseum.org/api/media/20359>
<https://id.analoggamemuseum.org/api/items/8318>,<http://omeka.org/s/vocabs/o#media>,,<https://id.analoggamemuseum.org/api/media/20360>
<https://id.analoggamemuseum.org/api/items/8319>,<http://omeka.org/s/vocabs/o#media>,,<https://id.analoggamemuseum.org/api/media/20361>
<https://id.analoggamemuseum.org/api/items/8319>,<http://omeka.org/s/vocabs/o#media>,,<https://id.analoggamemuseum.org/api/media/20362>
<https://id.analoggamemuseum.org/api/items/8320>,<http://omeka.org/s/vocabs/o#media>,,<https://id.analoggamemuseum.org/api/media/20363>
<https://id.analoggamemuseum.org/api/items/8320>,<http://omeka.org/s/vocabs/o#media>,,<https://id.analoggamemuseum.org/api/media/20364>
<https://id.analoggamemuseum.org/api/items/8321>,<http://omeka.org/s/vocabs/o#media>,,<https://id.analoggamemuseum.org/api/media/20365>
<https://id.analoggamemuseum.org/api/items/8321>,<http://omeka.org/s/vocabs/o#media>,,<https://id.analoggamemuseum.org/api/media/20366>
<https://id.analoggamemuseum.org/api/items/8322>,<http://omeka.org/s/vocabs/o#media>,,<https://id.analoggamemuseum.org/api/media/20367>
<https://id.analoggamemuseum.org/api/items/8322>,<http://omeka.org/s/vocabs/o#media>,,<https://id.analoggamemuseum.org/api/media/20368>
<https://id.analoggamemuseum.org/api/items/8323>,<http://omeka.org/s/vocabs/o#media>,,<https://id.analoggamemuseum.org/api/media/20371>
<https://id.analoggamemuseum.org/api/items/8323>,<http://omeka.org/s/vocabs/o#media>,,<https://id.analoggamemuseum.org/api/media/20372>
<https://id.analoggamemuseum.org/api/items/8324>,<http://omeka.org/s/vocabs/o#media>,,<https://id.analoggamemuseum.org/api/media/20373>
<https://id.analoggamemuseum.org/api/items/8324>,<http://omeka.org/s/vocabs/o#media>,,<https://id.analoggamemuseum.org/api/media/20374>
<https://id.analoggamemuseum.org/api/items/8325>,<http://omeka.org/s/vocabs/o#media>,,<https://id.analoggamemuseum.org/api/media/20375>
<https://id.analoggamemuseum.org/api/items/8325>,<http://omeka.org/s/vocabs/o#media>,,<https://id.analoggamemuseum.org/api/media/20376>
<https://id.analoggamemuseum.org/api/items/8325>,<http://omeka.org/s/vocabs/o#media>,,<https://id.analoggamemuseum.org/api/media/20377>
<https://id.analoggamemuseum.org/api/items/8326>,<http://omeka.org/s/vocabs/o#media>,,<https://id.analoggamemuseum.org/api/media/20378>
<https://id.analoggamemuseum.org/api/items/8326>,<http://omeka.org/s/vocabs/o#media>,,<https://id.analoggamemuseum.org/api/media/20379>
<https://id.analoggamemuseum.org/api/items/8326>,<http://omeka.org/s/vocabs/o#media>,,<https://id.analoggamemuseum.org/api/media/20380>
<https://id.analoggamemuseum.org/api/items/8327>,<http://omeka.org/s/vocabs/o#media>,,<https://id.analoggamemuseum.org/api/media/20381>
<https://id.analoggamemuseum.org/api/items/8327>,<http://omeka.org/s/vocabs/o#media>,,<https://id.analoggamemuseum.org/api/media/20382>
<https://id.analoggamemuseum.org/api/items/8328>,<http://omeka.org/s/vocabs/o#media>,,<https://id.analoggamemuseum.org/api/media/20383>
<https://id.analoggamemuseum.org/api/items/8328>,<http://omeka.org/s/vocabs/o#media>,,<https://id.analoggamemuseum.org/api/media/20384>
<https://id.analoggamemuseum.org/api/items/8328>,<http://omeka.org/s/vocabs/o#media>,,<https://id.analoggamemuseum.org/api/media/20385>
<https://id.analoggamemuseum.org/api/items/8329>,<http://omeka.org/s/vocabs/o#media>,,<https://id.analoggamemuseum.org/api/media/20386>
<https://id.analoggamemuseum.org/api/items/8329>,<http://omeka.org/s/vocabs/o#media>,,<https://id.analoggamemuseum.org/api/media/20387>
<https://id.analoggamemuseum.org/api/items/8330>,<http://omeka.org/s/vocabs/o#media>,,<https://id.analoggamemuseum.org/api/media/20388>
<https://id.analoggamemuseum.org/api/items/8330>,<http://omeka.org/s/vocabs/o#media>,,<https://id.analoggamemuseum.org/api/media/20389>
<https://id.analoggamemuseum.org/api/items/8331>,<http://omeka.org/s/vocabs/o#media>,,<https://id.analoggamemuseum.org/api/media/20390>
<https://id.analoggamemuseum.org/api/items/8331>,<http://omeka.org/s/vocabs/o#media>,,<https://id.analoggamemuseum.org/api/media/20391>
<https://id.analoggamemuseum.org/api/items/8332>,<http://omeka.org/s/vocabs/o#media>,,<https://id.analoggamemuseum.org/api/media/20392>
<https://id.analoggamemuseum.org/api/items/8332>,<http://omeka.org/s/vocabs/o#media>,,<https://id.analoggamemuseum.org/api/media/20393>
<https://id.analoggamemuseum.org/api/items/8332>,<http://omeka.org/s/vocabs/o#media>,,<https://id.analoggamemuseum.org/api/media/20394>
<https://id.analoggamemuseum.org/api/items/8333>,<http://omeka.org/s/vocabs/o#media>,,<https://id.analoggamemuseum.org/api/media/20397>
<https://id.analoggamemuseum.org/api/items/8333>,<http://omeka.org/s/vocabs/o#media>,,<https://id.analoggamemuseum.org/api/media/20398>
<https://id.analoggamemuseum.org/api/items/8334>,<http://omeka.org/s/vocabs/o#media>,,<https://id.analoggamemuseum.org/api/media/20399>
<https://id.analoggamemuseum.org/api/items/8334>,<http://omeka.org/s/vocabs/o#media>,,<https://id.analoggamemuseum.org/api/media/20400>
<https://id.analoggamemuseum.org/api/items/8335>,<http://omeka.org/s/vocabs/o#media>,,<https://id.analoggamemuseum.org/api/media/20401>
<https://id.analoggamemuseum.org/api/items/8335>,<http://omeka.org/s/vocabs/o#media>,,<https://id.analoggamemuseum.org/api/media/20402>
<https://id.analoggamemuseum.org/api/items/8336>,<http://omeka.org/s/vocabs/o#media>,,<https://id.analoggamemuseum.org/api/media/20403>
<https://id.analoggamemuseum.org/api/items/8336>,<http://omeka.org/s/vocabs/o#media>,,<https://id.analoggamemuseum.org/api/media/20404>
<https://id.analoggamemuseum.org/api/items/8337>,<http://omeka.org/s/vocabs/o#media>,,<https://id.analoggamemuseum.org/api/media/20405>
<https://id.analoggamemuseum.org/api/items/8337>,<http://omeka.org/s/vocabs/o#media>,,<https://id.analoggamemuseum.org/api/media/20406>
<https://id.analoggamemuseum.org/api/items/8338>,<http://omeka.org/s/vocabs/o#media>,,<https://id.analoggamemuseum.org/api/media/20407>
<https://id.analoggamemuseum.org/api/items/8338>,<http://omeka.org/s/vocabs/o#media>,,<https://id.analoggamemuseum.org/api/media/20408>
<https://id.analoggamemuseum.org/api/items/8339>,<http://omeka.org/s/vocabs/o#media>,,<https://id.analoggamemuseum.org/api/media/20409>
<https://id.analoggamemuseum.org/api/items/8339>,<http://omeka.org/s/vocabs/o#media>,,<https://id.analoggamemuseum.org/api/media/20410>
<https://id.analoggamemuseum.org/api/items/8340>,<http://omeka.org/s/vocabs/o#media>,,<https://id.analoggamemuseum.org/api/media/20411>
<https://id.analoggamemuseum.org/api/items/8340>,<http://omeka.org/s/vocabs/o#media>,,<https://id.analoggamemuseum.org/api/media/20412>
<https://id.analoggamemuseum.org/api/items/8341>,<http://omeka.org/s/vocabs/o#media>,,<https://id.analoggamemuseum.org/api/media/20413>
<https://id.analoggamemuseum.org/api/items/8341>,<http://omeka.org/s/vocabs/o#media>,,<https://id.analoggamemuseum.org/api/media/20414>
<https://id.analoggamemuseum.org/api/items/8342>,<http://omeka.org/s/vocabs/o#media>,,<https://id.analoggamemuseum.org/api/media/20415>
<https://id.analoggamemuseum.org/api/items/8342>,<http://omeka.org/s/vocabs/o#media>,,<https://id.analoggamemuseum.org/api/media/20416>
<https://id.analoggamemuseum.org/api/items/8342>,<http://omeka.org/s/vocabs/o#media>,,<https://id.analoggamemuseum.org/api/media/20417>
<https://id.analoggamemuseum.org/api/items/8343>,<http://omeka.org/s/vocabs/o#media>,,<https://id.analoggamemuseum.org/api/media/20420>
<https://id.analoggamemuseum.org/api/items/8343>,<http://omeka.org/s/vocabs/o#media>,,<https://id.analoggamemuseum.org/api/media/20421>
<https://id.analoggamemuseum.org/api/items/8344>,<http://omeka.org/s/vocabs/o#media>,,<https://id.analoggamemuseum.org/api/media/20422>
<https://id.analoggamemuseum.org/api/items/8344>,<http://omeka.org/s/vocabs/o#media>,,<https://id.analoggamemuseum.org/api/media/20423>
<https://id.analoggamemuseum.org/api/items/8345>,<http://omeka.org/s/vocabs/o#media>,,<https://id.analoggamemuseum.org/api/media/20424>
<https://id.analoggamemuseum.org/api/items/8345>,<http://omeka.org/s/vocabs/o#media>,,<https://id.analoggamemuseum.org/api/media/20425>
<https://id.analoggamemuseum.org/api/items/8346>,<http://omeka.org/s/vocabs/o#media>,,<https://id.analoggamemuseum.org/api/media/20426>
<https://id.analoggamemuseum.org/api/items/8346>,<http://omeka.org/s/vocabs/o#media>,,<https://id.analoggamemuseum.org/api/media/20427>
<https://id.analoggamemuseum.org/api/items/8347>,<http://omeka.org/s/vocabs/o#media>,,<https://id.analoggamemuseum.org/api/media/20428>
<https://id.analoggamemuseum.org/api/items/8347>,<http://omeka.org/s/vocabs/o#media>,,<https://id.analoggamemuseum.org/api/media/20429>
<https://id.analoggamemuseum.org/api/items/8348>,<http://omeka.org/s/vocabs/o#media>,,<https://id.analoggamemuseum.org/api/media/20430>
<https://id.analoggamemuseum.org/api/items/8348>,<http://omeka.org/s/vocabs/o#media>,,<https://id.analoggamemuseum.org/api/media/20431>
<https://id.analoggamemuseum.org/api/items/8349>,<http://omeka.org/s/vocabs/o#media>,,<https://id.analoggamemuseum.org/api/media/20432>
<https://id.analoggamemuseum.org/api/items/8349>,<http://omeka.org/s/vocabs/o#media>,,<https://id.analoggamemuseum.org/api/media/20433>
<https://id.analoggamemuseum.org/api/items/8350>,<http://omeka.org/s/vocabs/o#media>,,<https://id.analoggamemuseum.org/api/media/20434>
<https://id.analoggamemuseum.org/api/items/8350>,<http://omeka.org/s/vocabs/o#media>,,<https://id.analoggamemuseum.org/api/media/20435>
<https://id.analoggamemuseum.org/api/items/8351>,<http://omeka.org/s/vocabs/o#media>,,<https://id.analoggamemuseum.org/api/media/20436>
<https://id.analoggamemuseum.org/api/items/8351>,<http://omeka.org/s/vocabs/o#media>,,<https://id.analoggamemuseum.org/api/media/20437>
<https://id.analoggamemuseum.org/api/items/8352>,<http://omeka.org/s/vocabs/o#media>,,<https://id.analoggamemuseum.org/api/media/20438>
<https://id.analoggamemuseum.org/api/items/8352>,<http://omeka.org/s/vocabs/o#media>,,<https://id.analoggamemuseum.org/api/media/20439>
<https://id.analoggamemuseum.org/api/items/8353>,<http://omeka.org/s/vocabs/o#media>,,<https://id.analoggamemuseum.org/api/media/20442>
<https://id.analoggamemuseum.org/api/items/8353>,<http://omeka.org/s/vocabs/o#media>,,<https://id.analoggamemuseum.org/api/media/20443>
<https://id.analoggamemuseum.org/api/items/8354>,<http://omeka.org/s/vocabs/o#media>,,<https://id.analoggamemuseum.org/api/media/20444>
<https://id.analoggamemuseum.org/api/items/8354>,<http://omeka.org/s/vocabs/o#media>,,<https://id.analoggamemuseum.org/api/media/20445>
<https://id.analoggamemuseum.org/api/items/8355>,<http://omeka.org/s/vocabs/o#media>,,<https://id.analoggamemuseum.org/api/media/20446>
<https://id.analoggamemuseum.org/api/items/8355>,<http://omeka.org/s/vocabs/o#media>,,<https://id.analoggamemuseum.org/api/media/20447>
<https://id.analoggamemuseum.org/api/items/8363>,<http://omeka.org/s/vocabs/o#modified>,"""2026-01-08T18:24:41+00:00""^^<http://www.w3.org/2001/XMLSchema#dateTime>","""2026-02-15T08:03:10+00:00""^^<http://www.w3.org/2001/XMLSchema#dateTime>"
<https://id.analoggamemuseum.org/api/items/8363>,<http://omeka.org/s/vocabs/o#title>,"""A1321""","""E159"""
<https://id.analoggamemuseum.org/api/items/8363>,<http://purl.org/dc/terms/title>,"""A1321""","""E159"""
<https://id.analoggamemuseum.org/api/items/8363>,<https://www.analoggamemuseum.org/ontology/identifier>,"""A1321""","""E159"""
<https://id.analoggamemuseum.org/api/items/8410>,<http://omeka.org/s/vocabs/o#modified>,"""2026-01-08T18:24:41+00:00""^^<http://www.w3.org/2001/XMLSchema#dateTime>","""2026-02-15T07:29:42+00:00""^^<http://www.w3.org/2001/XMLSchema#dateTime>"
<https://id.analoggamemuseum.org/api/items/8410>,<http://omeka.org/s/vocabs/o#title>,"""A1328""","""A2538"""
<https://id.analoggamemuseum.org/api/items/8410>,<http://purl.org/dc/terms/title>,"""A1328""","""A2538"""
<https://id.analoggamemuseum.org/api/items/8410>,<https://www.analoggamemuseum.org/ontology/identifier>,"""A1328""","""A2538"""
<https://id.analoggamemuseum.org/api/items/8411>,<http://omeka.org/s/vocabs/o#modified>,"""2026-01-08T18:24:41+00:00""^^<http://www.w3.org/2001/XMLSchema#dateTime>","""2026-02-15T07:31:13+00:00""^^<http://www.w3.org/2001/XMLSchema#dateTime>"
<https://id.analoggamemuseum.org/api/items/8411>,<http://omeka.org/s/vocabs/o#title>,"""A1329""","""A2539"""
<https://id.analoggamemuseum.org/api/items/8411>,<http://purl.org/dc/terms/title>,"""A1329""","""A2539"""
<https://id.analoggamemuseum.org/api/items/8411>,<https://www.analoggamemuseum.org/ontology/identifier>,"""A1329""","""A2539"""
<https://id.analoggamemuseum.org/api/media/18775>,<http://omeka.org/s/vocabs/o#id>,,"""18775""^^<http://www.w3.org/2001/XMLSchema#integer>"
<https://id.analoggamemuseum.org/api/media/18776>,<http://omeka.org/s/vocabs/o#id>,,"""18776""^^<http://www.w3.org/2001/XMLSchema#integer>"
<https://id.analoggamemuseum.org/api/media/18777>,<http://omeka.org/s/vocabs/o#id>,,"""18777""^^<http://www.w3.org/2001/XMLSchema#integer>"
<https://id.analoggamemuseum.org/api/media/18778>,<http://omeka.org/s/vocabs/o#id>,,"""18778""^^<http://www.w3.org/2001/XMLSchema#integer>"
<https://id.analoggamemuseum.org/api/media/18779>,<http://omeka.org/s/vocabs/o#id>,,"""18779""^^<http://www.w3.org/2001/XMLSchema#integer>"
<https://id.analoggamemuseum.org/api/media/18780>,<http://omeka.org/s/vocabs/o#id>,,"""18780""^^<http://www.w3.org/2001/XMLSchema#integer>"
<https://id.analoggamemuseum.org/api/media/18781>,<http://omeka.org/s/vocabs/o#id>,,"""18781""^^<http://www.w3.org/2001/XMLSchema#integer>"
<https://id.analoggamemuseum.org/api/media/18782>,<http://omeka.org/s/vocabs/o#id>,,"""18782""^^<http://www.w3.org/2001/XMLSchema#integer>"
<https://id.analoggamemuseum.org/api/media/18783>,<http://omeka.org/s/vocabs/o#id>,,"""18783""^^<http://www.w3.org/2001/XMLSchema#integer>"
<https://id.analoggamemuseum.org/api/media/18784>,<http://omeka.org/s/vocabs/o#id>,,"""18784""^^<http://www.w3.org/2001/XMLSchema#integer>"
<https://id.analoggamemuseum.org/api/media/18785>,<http://omeka.org/s/vocabs/o#id>,,"""18785""^^<http://www.w3.org/2001/XMLSchema#integer>"
<https://id.analoggamemuseum.org/api/media/18786>,<http://omeka.org/s/vocabs/o#id>,,"""18786""^^<http://www.w3.org/2001/XMLSchema#integer>"
<https://id.analoggamemuseum.org/api/media/18787>,<http://omeka.org/s/vocabs/o#id>,,"""18787""^^<http://www.w3.org/2001/XMLSchema#integer>"
<https://id.analoggamemuseum.org/api/media/18788>,<http://omeka.org/s/vocabs/o#id>,,"""18788""^^<http://www.w3.org/2001/XMLSchema#integer>"
<https://id.analoggamemuseum.org/api/media/18789>,<http://omeka.org/s/vocabs/o#id>,,"""18789""^^<http://www.w3.org/2001/XMLSchema#integer>"
<https://id.analoggamemuseum.org/api/media/18790>,<http://omeka.org/s/vocabs/o#id>,,"""18790""^^<http://www.w3.org/2001/XMLSchema#integer>"
<https://id.analoggamemuseum.org/api/media/18791>,<http://omeka.org/s/vocabs/o#id>,,"""18791""^^<http://www.w3.org/2001/XMLSchema#integer>"
<https://id.analoggamemuseum.org/api/media/18792>,<http://omeka.org/s/vocabs/o#id>,,"""18792""^^<http://www.w3.org/2001/XMLSchema#integer>"
<https://id.analoggamemuseum.org/api/media/18793>,<http://omeka.org/s/vocabs/o#id>,,"""18793""^^<http://www.w3.org/2001/XMLSchema#integer>"
<https://id.analoggamemuseum.org/api/media/18794>,<http://omeka.org/s/vocabs/o#id>,,"""18794""^^<http://www.w3.org/2001/XMLSchema#integer>"
<https://id.analoggamemuseum.org/api/media/18795>,<http://omeka.org/s/vocabs/o#id>,,"""18795""^^<http://www.w3.org/2001/XMLSchema#integer>"
<https://id.analoggamemuseum.org/api/media/18796>,<http://omeka.org/s/vocabs/o#id>,,"""18796""^^<http://www.w3.org/2001/XMLSchema#integer>"
<https://id.analoggamemuseum.org/api/media/18797>,<http://omeka.org/s/vocabs/o#id>,,"""18797""^^<http://www.w3.org/2001/XMLSchema#integer>"
<https://id.analoggamemuseum.org/api/media/18798>,<http://omeka.org/s/vocabs/o#id>,,"""18798""^^<http://www.w3.org/2001/XMLSchema#integer>"
<https://id.analoggamemuseum.org/api/media/18799>,<http://omeka.org/s/vocabs/o#id>,,"""18799""^^<http://www.w3.org/2001/XMLSchema#integer>"
<https://id.analoggamemuseum.org/api/media/18800>,<http://omeka.org/s/vocabs/o#id>,,"""18800""^^<http://www.w3.org/2001/XMLSchema#integer>"
<https://id.analoggamemuseum.org/api/media/18801>,<http://omeka.org/s/vocabs/o#id>,,"""18801""^^<http://www.w3.org/2001/XMLSchema#integer>"
<https://id.analoggamemuseum.org/api/media/18802>,<http://omeka.org/s/vocabs/o#id>,,"""18802""^^<http://www.w3.org/2001/XMLSchema#integer>"
<https://id.analoggamemuseum.org/api/media/18803>,<http://omeka.org/s/vocabs/o#id>,,"""18803""^^<http://www.w3.org/2001/XMLSchema#integer>"
<https://id.analoggamemuseum.org/api/media/18804>,<http://omeka.org/s/vocabs/o#id>,,"""18804""^^<http://www.w3.org/2001/XMLSchema#integer>"
<https://id.analoggamemuseum.org/api/media/18805>,<http://omeka.org/s/vocabs/o#id>,,"""18805""^^<http://www.w3.org/2001/XMLSchema#integer>"
<https://id.analoggamemuseum.org/api/media/18806>,<http://omeka.org/s/vocabs/o#id>,,"""18806""^^<http://www.w3.org/2001/XMLSchema#integer>"
<https://id.analoggamemuseum.org/api/media/18807>,<http://omeka.org/s/vocabs/o#id>,,"""18807""^^<http://www.w3.org/2001/XMLSchema#integer>"
<https://id.analoggamemuseum.org/api/media/18808>,<http://omeka.org/s/vocabs/o#id>,,"""18808""^^<http://www.w3.org/2001/XMLSchema#integer>"
<https://id.analoggamemuseum.org/api/media/18809>,<http://omeka.org/s/vocabs/o#id>,,"""18809""^^<http://www.w3.org/2001/XMLSchema#integer>"
<https://id.analoggamemuseum.org/api/media/18810>,<http://omeka.org/s/vocabs/o#id>,,"""18810""^^<http://www.w3.org/2001/XMLSchema#integer>"
<https://id.analoggamemuseum.org/api/media/18811>,<http://omeka.org/s/vocabs/o#id>,,"""18811""^^<http://www.w3.org/2001/XMLSchema#integer>"
<https://id.analoggamemuseum.org/api/media/18812>,<http://omeka.org/s/vocabs/o#id>,,"""18812""^^<http://www.w3.org/2001/XMLSchema#integer>"
<https://id.analoggamemuseum.org/api/media/18813>,<http://omeka.org/s/vocabs/o#id>,,"""18813""^^<http://www.w3.org/2001/XMLSchema#integer>"
<https://id.analoggamemuseum.org/api/media/18814>,<http://omeka.org/s/vocabs/o#id>,,"""18814""^^<http://www.w3.org/2001/XMLSchema#integer>"
<https://id.analoggamemuseum.org/api/media/18815>,<http://omeka.org/s/vocabs/o#id>,,"""18815""^^<http://www.w3.org/2001/XMLSchema#integer>"
<https://id.analoggamemuseum.org/api/media/18816>,<http://omeka.org/s/vocabs/o#id>,,"""18816""^^<http://www.w3.org/2001/XMLSchema#integer>"
<https://id.analoggamemuseum.org/api/media/18817>,<http://omeka.org/s/vocabs/o#id>,,"""18817""^^<http://www.w3.org/2001/XMLSchema#integer>"
<https://id.analoggamemuseum.org/api/media/18818>,<http://omeka.org/s/vocabs/o#id>,,"""18818""^^<http://www.w3.org/2001/XMLSchema#integer>"
<https://id.analoggamemuseum.org/api/media/18819>,<http://omeka.org/s/vocabs/o#id>,,"""18819""^^<http://www.w3.org/2001/XMLSchema#integer>"
<https://id.analoggamemuseum.org/api/media/18820>,<http://omeka.org/s/vocabs/o#id>,,"""18820""^^<http://www.w3.org/2001/XMLSchema#integer>"
<https://id.analoggamemuseum.org/api/media/18821>,<http://omeka.org/s/vocabs/o#id>,,"""18821""^^<http://www.w3.org/2001/XMLSchema#integer>"
<https://id.analoggamemuseum.org/api/media/18822>,<http://omeka.org/s/vocabs/o#id>,,"""18822""^^<http://www.w3.org/2001/XMLSchema#integer>"
<https://id.analoggamemuseum.org/api/media/18823>,<http://omeka.org/s/vocabs/o#id>,,"""18823""^^<http://www.w3.org/2001/XMLSchema#integer>"
<https://id.analoggamemuseum.org/api/media/18824>,<http://omeka.org/s/vocabs/o#id>,,"""18824""^^<http://www.w3.org/2001/XMLSchema#integer>"
<https://id.analoggamemuseum.org/api/media/18825>,<http://omeka.org/s/vocabs/o#id>,,"""18825""^^<http://www.w3.org/2001/XMLSchema#integer>"
<https://id.analoggamemuseum.org/api/media/18826>,<http://omeka.org/s/vocabs/o#id>,,"""18826""^^<http://www.w3.org/2001/XMLSchema#integer>"
<https://id.analoggamemuseum.org/api/media/18827>,<http://omeka.org/s/vocabs/o#id>,,"""18827""^^<http://www.w3.org/2001/XMLSchema#integer>"
<https://id.analoggamemuseum.org/api/media/18828>,<http://omeka.org/s/vocabs/o#id>,,"""18828""^^<http://www.w3.org/2001/XMLSchema#integer>"
<https://id.analoggamemuseum.org/api/media/18829>,<http://omeka.org/s/vocabs/o#id>,,"""18829""^^<http://www.w3.org/2001/XMLSchema#integer>"
<https://id.analoggamemuseum.org/api/media/18830>,<http://omeka.org/s/vocabs/o#id>,,"""18830""^^<http://www.w3.org/2001/XMLSchema#integer>"
<https://id.analoggamemuseum.org/api/media/18831>,<http://omeka.org/s/vocabs/o#id>,,"""18831""^^<http://www.w3.org/2001/XMLSchema#integer>"
<https://id.analoggamemuseum.org/api/media/18832>,<http://omeka.org/s/vocabs/o#id>,,"""18832""^^<http://www.w3.org/2001/XMLSchema#integer>"
<https://id.analoggamemuseum.org/api/media/18833>,<http://omeka.org/s/vocabs/o#id>,,"""18833""^^<http://www.w3.org/2001/XMLSchema#integer>"
<https://id.analoggamemuseum.org/api/media/18834>,<http://omeka.org/s/vocabs/o#id>,,"""18834""^^<http://www.w3.org/2001/XMLSchema#integer>"
<https://id.analoggamemuseum.org/api/media/18835>,<http://omeka.org/s/vocabs/o#id>,,"""18835""^^<http://www.w3.org/2001/XMLSchema#integer>"
<https://id.analoggamemuseum.org/api/media/18836>,<http://omeka.org/s/vocabs/o#id>,,"""18836""^^<http://www.w3.org/2001/XMLSchema#integer>"
<https://id.analoggamemuseum.org/api/media/18837>,<http://omeka.org/s/vocabs/o#id>,,"""18837""^^<http://www.w3.org/2001/XMLSchema#integer>"
<https://id.analoggamemuseum.org/api/media/18838>,<http://omeka.org/s/vocabs/o#id>,,"""18838""^^<http://www.w3.org/2001/XMLSchema#integer>"
<https://id.analoggamemuseum.org/api/media/18839>,<http://omeka.org/s/vocabs/o#id>,,"""18839""^^<http://www.w3.org/2001/XMLSchema#integer>"
<https://id.analoggamemuseum.org/api/media/18840>,<http://omeka.org/s/vocabs/o#id>,,"""18840""^^<http://www.w3.org/2001/XMLSchema#integer>"
<https://id.analoggamemuseum.org/api/media/18841>,<http://omeka.org/s/vocabs/o#id>,,"""18841""^^<http://www.w3.org/2001/XMLSchema#integer>"
<https://id.analoggamemuseum.org/api/media/18842>,<http://omeka.org/s/vocabs/o#id>,,"""18842""^^<http://www.w3.org/2001/XMLSchema#integer>"
<https://id.analoggamemuseum.org/api/media/18843>,<http://omeka.org/s/vocabs/o#id>,,"""18843""^^<http://www.w3.org/2001/XMLSchema#integer>"
<https://id.analoggamemuseum.org/api/media/18846>,<http://omeka.org/s/vocabs/o#id>,,"""18846""^^<http://www.w3.org/2001/XMLSchema#integer>"
<https://id.analoggamemuseum.org/api/media/18847>,<http://omeka.org/s/vocabs/o#id>,,"""18847""^^<http://www.w3.org/2001/XMLSchema#integer>"
<https://id.analoggamemuseum.org/api/media/18848>,<http://omeka.org/s/vocabs/o#id>,,"""18848""^^<http://www.w3.org/2001/XMLSchema#integer>"
<https://id.analoggamemuseum.org/api/media/18849>,<http://omeka.org/s/vocabs/o#id>,,"""18849""^^<http://www.w3.org/2001/XMLSchema#integer>"
<https://id.analoggamemuseum.org/api/media/18850>,<http://omeka.org/s/vocabs/o#id>,,"""18850""^^<http://www.w3.org/2001/XMLSchema#integer>"
<https://id.analoggamemuseum.org/api/media/18851>,<http://omeka.org/s/vocabs/o#id>,,"""18851""^^<http://www.w3.org/2001/XMLSchema#integer>"
<https://id.analoggamemuseum.org/api/media/18852>,<http://omeka.org/s/vocabs/o#id>,,"""18852""^^<http://www.w3.org/2001/XMLSchema#integer>"
<https://id.analoggamemuseum.org/api/media/18853>,<http://omeka.org/s/vocabs/o#id>,,"""18853""^^<http://www.w3.org/2001/XMLSchema#integer>"
<https://id.analoggamemuseum.org/api/media/18854>,<http://omeka.org/s/vocabs/o#id>,,"""18854""^^<http://www.w3.org/2001/XMLSchema#integer>"
<https://id.analoggamemuseum.org/api/media/18855>,<http://omeka.org/s/vocabs/o#id>,,"""18855""^^<http://www.w3.org/2001/XMLSchema#integer>"
<https://id.analoggamemuseum.org/api/media/18856>,<http://omeka.org/s/vocabs/o#id>,,"""18856""^^<http://www.w3.org/2001/XMLSchema#integer>"
<https://id.analoggamemuseum.org/api/media/18857>,<http://omeka.org/s/vocabs/o#id>,,"""18857""^^<http://www.w3.org/2001/XMLSchema#integer>"
<https://id.analoggamemuseum.org/api/media/18858>,<http://omeka.org/s/vocabs/o#id>,,"""18858""^^<http://www.w3.org/2001/XMLSchema#integer>"
<https://id.analoggamemuseum.org/api/media/18859>,<http://omeka.org/s/vocabs/o#id>,,"""18859""^^<http://www.w3.org/2001/XMLSchema#integer>"
<https://id.analoggamemuseum.org/api/media/18860>,<http://omeka.org/s/vocabs/o#id>,,"""18860""^^<http://www.w3.org/2001/XMLSchema#integer>"
<https://id.analoggamemuseum.org/api/media/18861>,<http://omeka.org/s/vocabs/o#id>,,"""18861""^^<http://www.w3.org/2001/XMLSchema#integer>"
<https://id.analoggamemuseum.org/api/media/18862>,<http://omeka.org/s/vocabs/o#id>,,"""18862""^^<http://www.w3.org/2001/XMLSchema#integer>"
<https://id.analoggamemuseum.org/api/media/18863>,<http://omeka.org/s/vocabs/o#id>,,"""18863""^^<http://www.w3.org/2001/XMLSchema#integer>"
<https://id.analoggamemuseum.org/api/media/18864>,<http://omeka.org/s/vocabs/o#id>,,"""18864""^^<http://www.w3.org/2001/XMLSchema#integer>"
<https://id.analoggamemuseum.org/api/media/18865>,<http://omeka.org/s/vocabs/o#id>,,"""18865""^^<http://www.w3.org/2001/XMLSchema#integer>"
<https://id.analoggamemuseum.org/api/media/18866>,<http://omeka.org/s/vocabs/o#id>,,"""18866""^^<http://www.w3.org/2001/XMLSchema#integer>"
<https://id.analoggamemuseum.org/api/media/18867>,<http://omeka.org/s/vocabs/o#id>,,"""18867""^^<http://www.w3.org/2001/XMLSchema#integer>"
<https://id.analoggamemuseum.org/api/media/18868>,<http://omeka.org/s/vocabs/o#id>,,"""18868""^^<http://www.w3.org/2001/XMLSchema#integer>"
<https://id.analoggamemuseum.org/api/media/18869>,<http://omeka.org/s/vocabs/o#id>,,"""18869""^^<http://www.w3.org/2001/XMLSchema#integer>"
<https://id.analoggamemuseum.org/api/media/18870>,<http://omeka.org/s/vocabs/o#id>,,"""18870""^^<http://www.w3.org/2001/XMLSchema#integer>"
<https://id.analoggamemuseum.org/api/media/18871>,<http://omeka.org/s/vocabs/o#id>,,"""18871""^^<http://www.w3.org/2001/XMLSchema#integer>"
<https://id.analoggamemuseum.org/api/media/18872>,<http://omeka.org/s/vocabs/o#id>,,"""18872""^^<http://www.w3.org/2001/XMLSchema#integer>"
<https://id.analoggamemuseum.org/api/media/18873>,<http://omeka.org/s/vocabs/o#id>,,"""18873""^^<http://www.w3.org/2001/XMLSchema#integer>"
<https://id.analoggamemuseum.org/api/media/18874>,<http://omeka.org/s/vocabs/o#id>,,"""18874""^^<http://www.w3.org/2001/XMLSchema#integer>"
<https://id.analoggamemuseum.org/api/media/18875>,<http://omeka.org/s/vocabs/o#id>,,"""18875""^^<http://www.w3.org/2001/XMLSchema#integer>"
<https://id.analoggamemuseum.org/api/media/18876>,<http://omeka.org/s/vocabs/o#id>,,"""18876""^^<http://www.w3.org/2001/XMLSchema#integer>"
<https://id.analoggamemuseum.org/api/media/18877>,<http://omeka.org/s/vocabs/o#id>,,"""18877""^^<http://www.w3.org/2001/XMLSchema#integer>"
<https://id.analoggamemuseum.org/api/media/18878>,<http://omeka.org/s/vocabs/o#id>,,"""18878""^^<http://www.w3.org/2001/XMLSchema#integer>"
<https://id.analoggamemuseum.org/api/media/18879>,<http://omeka.org/s/vocabs/o#id>,,"""18879""^^<http://www.w3.org/2001/XMLSchema#integer>"
<https://id.analoggamemuseum.org/api/media/18880>,<http://omeka.org/s/vocabs/o#id>,,"""18880""^^<http://www.w3.org/2001/XMLSchema#integer>"
<https://id.analoggamemuseum.org/api/media/18881>,<http://omeka.org/s/vocabs/o#id>,,"""18881""^^<http://www.w3.org/2001/XMLSchema#integer>"
<https://id.analoggamemuseum.org/api/media/18882>,<http://omeka.org/s/vocabs/o#id>,,"""18882""^^<http://www.w3.org/2001/XMLSchema#integer>"
<https://id.analoggamemuseum.org/api/media/18883>,<http://omeka.org/s/vocabs/o#id>,,"""18883""^^<http://www.w3.org/2001/XMLSchema#integer>"
<https://id.analoggamemuseum.org/api/media/18884>,<http://omeka.org/s/vocabs/o#id>,,"""18884""^^<http://www.w3.org/2001/XMLSchema#integer>"
<https://id.analoggamemuseum.org/api/media/18885>,<http://omeka.org/s/vocabs/o#id>,,"""18885""^^<http://www.w3.org/2001/XMLSchema#integer>"
<https://id.analoggamemuseum.org/api/media/18886>,<http://omeka.org/s/vocabs/o#id>,,"""18886""^^<http://www.w3.org/2001/XMLSchema#integer>"
<https://id.analoggamemuseum.org/api/media/18887>,<http://omeka.org/s/vocabs/o#id>,,"""18887""^^<http://www.w3.org/2001/XMLSchema#integer>"
<https://id.analoggamemuseum.org/api/media/18888>,<http://omeka.org/s/vocabs/o#id>,,"""18888""^^<http://www.w3.org/2001/XMLSchema#integer>"
<https://id.analoggamemuseum.org/api/media/18889>,<http://omeka.org/s/vocabs/o#id>,,"""18889""^^<http://www.w3.org/2001/XMLSchema#integer>"
<https://id.analoggamemuseum.org/api/media/18890>,<http://omeka.org/s/vocabs/o#id>,,"""18890""^^<http://www.w3.org/2001/XMLSchema#integer>"
<https://id.analoggamemuseum.org/api/media/18891>,<http://omeka.org/s/vocabs/o#id>,,"""18891""^^<http://www.w3.org/2001/XMLSchema#integer>"
<https://id.analoggamemuseum.org/api/media/18892>,<http://omeka.org/s/vocabs/o#id>,,"""18892""^^<http://www.w3.org/2001/XMLSchema#integer>"
<https://id.analoggamemuseum.org/api/media/18893>,<http://omeka.org/s/vocabs/o#id>,,"""18893""^^<http://www.w3.org/2001/XMLSchema#integer>"
<https://id.analoggamemuseum.org/api/media/18894>,<http://omeka.org/s/vocabs/o#id>,,"""18894""^^<http://www.w3.org/2001/XMLSchema#integer>"
<https://id.analoggamemuseum.org/api/media/18895>,<http://omeka.org/s/vocabs/o#id>,,"""18895""^^<http://www.w3.org/2001/XMLSchema#integer>"
<https://id.analoggamemuseum.org/api/media/18896>,<http://omeka.org/s/vocabs/o#id>,,"""18896""^^<http://www.w3.org/2001/XMLSchema#integer>"
<https://id.analoggamemuseum.org/api/media/18897>,<http://omeka.org/s/vocabs/o#id>,,"""18897""^^<http://www.w3.org/2001/XMLSchema#integer>"
<https://id.analoggamemuseum.org/api/media/18898>,<http://omeka.org/s/vocabs/o#id>,,"""18898""^^<http://www.w3.org/2001/XMLSchema#integer>"
<https://id.analoggamemuseum.org/api/media/18899>,<http://omeka.org/s/vocabs/o#id>,,"""18899""^^<http://www.w3.org/2001/XMLSchema#integer>"
<https://id.analoggamemuseum.org/api/media/18900>,<http://omeka.org/s/vocabs/o#id>,,"""18900""^^<http://www.w3.org/2001/XMLSchema#integer>"
<https://id.analoggamemuseum.org/api/media/18901>,<http://omeka.org/s/vocabs/o#id>,,"""18901""^^<http://www.w3.org/2001/XMLSchema#integer>"
<https://id.analoggamemuseum.org/api/media/18902>,<http://omeka.org/s/vocabs/o#id>,,"""18902""^^<http://www.w3.org/2001/XMLSchema#integer>"
<https://id.analoggamemuseum.org/api/media/18903>,<http://omeka.org/s/vocabs/o#id>,,"""18903""^^<http://www.w3.org/2001/XMLSchema#integer>"
<https://id.analoggamemuseum.org/api/media/18904>,<http://omeka.org/s/vocabs/o#id>,,"""18904""^^<http://www.w3.org/2001/XMLSchema#integer>"
<https://id.analoggamemuseum.org/api/media/18905>,<http://omeka.org/s/vocabs/o#id>,,"""18905""^^<http://www.w3.org/2001/XMLSchema#integer>"
<https://id.analoggamemuseum.org/api/media/18906>,<http://omeka.org/s/vocabs/o#id>,,"""18906""^^<http://www.w3.org/2001/XMLSchema#integer>"
<https://id.analoggamemuseum.org/api/media/18907>,<http://omeka.org/s/vocabs/o#id>,,"""18907""^^<http://www.w3.org/2001/XMLSchema#integer>"
<https://id.analoggamemuseum.org/api/media/18908>,<http://omeka.org/s/vocabs/o#id>,,"""18908""^^<http://www.w3.org/2001/XMLSchema#integer>"
<https://id.analoggamemuseum.org/api/media/18909>,<http://omeka.org/s/vocabs/o#id>,,"""18909""^^<http://www.w3.org/2001/XMLSchema#integer>"
<https://id.analoggamemuseum.org/api/media/18910>,<http://omeka.org/s/vocabs/o#id>,,"""18910""^^<http://www.w3.org/2001/XMLSchema#integer>"
<https://id.analoggamemuseum.org/api/media/18911>,<http://omeka.org/s/vocabs/o#id>,,"""18911""^^<http://www.w3.org/2001/XMLSchema#integer>"
<https://id.analoggamemuseum.org/api/media/18912>,<http://omeka.org/s/vocabs/o#id>,,"""18912""^^<http://www.w3.org/2001/XMLSchema#integer>"
<https://id.analoggamemuseum.org/api/media/18913>,<http://omeka.org/s/vocabs/o#id>,,"""18913""^^<http://www.w3.org/2001/XMLSchema#integer>"
<https://id.analoggamemuseum.org/api/media/18914>,<http://omeka.org/s/vocabs/o#id>,,"""18914""^^<http://www.w3.org/2001/XMLSchema#integer>"
<https://id.analoggamemuseum.org/api/media/18915>,<http://omeka.org/s/vocabs/o#id>,,"""18915""^^<http://www.w3.org/2001/XMLSchema#integer>"
<https://id.analoggamemuseum.org/api/media/18916>,<http://omeka.org/s/vocabs/o#id>,,"""18916""^^<http://www.w3.org/2001/XMLSchema#integer>"
<https://id.analoggamemuseum.org/api/media/18917>,<http://omeka.org/s/vocabs/o#id>,,"""18917""^^<http://www.w3.org/2001/XMLSchema#integer>"
<https://id.analoggamemuseum.org/api/media/18918>,<http://omeka.org/s/vocabs/o#id>,,"""18918""^^<http://www.w3.org/2001/XMLSchema#integer>"
<https://id.analoggamemuseum.org/api/media/18919>,<http://omeka.org/s/vocabs/o#id>,,"""18919""^^<http://www.w3.org/2001/XMLSchema#integer>"
<https://id.analoggamemuseum.org/api/media/18920>,<http://omeka.org/s/vocabs/o#id>,,"""18920""^^<http://www.w3.org/2001/XMLSchema#integer>"
<https://id.analoggamemuseum.org/api/media/18921>,<http://omeka.org/s/vocabs/o#id>,,"""18921""^^<http://www.w3.org/2001/XMLSchema#integer>"
<https://id.analoggamemuseum.org/api/media/18922>,<http://omeka.org/s/vocabs/o#id>,,"""18922""^^<http://www.w3.org/2001/XMLSchema#integer>"
<https://id.analoggamemuseum.org/api/media/18923>,<http://omeka.org/s/vocabs/o#id>,,"""18923""^^<http://www.w3.org/2001/XMLSchema#integer>"
<https://id.analoggamemuseum.org/api/media/18924>,<http://omeka.org/s/vocabs/o#id>,,"""18924""^^<http://www.w3.org/2001/XMLSchema#integer>"
<https://id.analoggamemuseum.org/api/media/18925>,<http://omeka.org/s/vocabs/o#id>,,"""18925""^^<http://www.w3.org/2001/XMLSchema#integer>"
<https://id.analoggamemuseum.org/api/media/18926>,<http://omeka.org/s/vocabs/o#id>,,"""18926""^^<http://www.w3.org/2001/XMLSchema#integer>"
<https://id.analoggamemuseum.org/api/media/18927>,<http://omeka.org/s/vocabs/o#id>,,"""18927""^^<http://www.w3.org/2001/XMLSchema#integer>"
<https://id.analoggamemuseum.org/api/media/18928>,<http://omeka.org/s/vocabs/o#id>,,"""18928""^^<http://www.w3.org/2001/XMLSchema#integer>"
<https://id.analoggamemuseum.org/api/media/18929>,<http://omeka.org/s/vocabs/o#id>,,"""18929""^^<http://www.w3.org/2001/XMLSchema#integer>"
<https://id.analoggamemuseum.org/api/media/18930>,<http://omeka.org/s/vocabs/o#id>,,"""18930""^^<http://www.w3.org/2001/XMLSchema#integer>"
<https://id.analoggamemuseum.org/api/media/18931>,<http://omeka.org/s/vocabs/o#id>,,"""18931""^^<http://www.w3.org/2001/XMLSchema#integer>"
<https://id.analoggamemuseum.org/api/media/18932>,<http://omeka.org/s/vocabs/o#id>,,"""18932""^^<http://www.w3.org/2001/XMLSchema#integer>"
<https://id.analoggamemuseum.org/api/media/18933>,<http://omeka.org/s/vocabs/o#id>,,"""18933""^^<http://www.w3.org/2001/XMLSchema#integer>"
<https://id.analoggamemuseum.org/api/media/18934>,<http://omeka.org/s/vocabs/o#id>,,"""18934""^^<http://www.w3.org/2001/XMLSchema#integer>"
<https://id.analoggamemuseum.org/api/media/18935>,<http://omeka.org/s/vocabs/o#id>,,"""18935""^^<http://www.w3.org/2001/XMLSchema#integer>"
<https://id.analoggamemuseum.org/api/media/18936>,<http://omeka.org/s/vocabs/o#id>,,"""18936""^^<http://www.w3.org/2001/XMLSchema#integer>"
<https://id.analoggamemuseum.org/api/media/18937>,<http://omeka.org/s/vocabs/o#id>,,"""18937""^^<http://www.w3.org/2001/XMLSchema#integer>"
<https://id.analoggamemuseum.org/api/media/18938>,<http://omeka.org/s/vocabs/o#id>,,"""18938""^^<http://www.w3.org/2001/XMLSchema#integer>"
<https://id.analoggamemuseum.org/api/media/18939>,<http://omeka.org/s/vocabs/o#id>,,"""18939""^^<http://www.w3.org/2001/XMLSchema#integer>"
<https://id.analoggamemuseum.org/api/media/18940>,<http://omeka.org/s/vocabs/o#id>,,"""18940""^^<http://www.w3.org/2001/XMLSchema#integer>"
<https://id.analoggamemuseum.org/api/media/18941>,<http://omeka.org/s/vocabs/o#id>,,"""18941""^^<http://www.w3.org/2001/XMLSchema#integer>"
<https://id.analoggamemuseum.org/api/media/18942>,<http://omeka.org/s/vocabs/o#id>,,"""18942""^^<http://www.w3.org/2001/XMLSchema#integer>"
<https://id.analoggamemuseum.org/api/media/18943>,<http://omeka.org/s/vocabs/o#id>,,"""18943""^^<http://www.w3.org/2001/XMLSchema#integer>"
<https://id.analoggamemuseum.org/api/media/18944>,<http://omeka.org/s/vocabs/o#id>,,"""18944""^^<http://www.w3.org/2001/XMLSchema#integer>"
<https://id.analoggamemuseum.org/api/media/18945>,<http://omeka.org/s/vocabs/o#id>,,"""18945""^^<http://www.w3.org/2001/XMLSchema#integer>"
<https://id.analoggamemuseum.org/api/media/18946>,<http://omeka.org/s/vocabs/o#id>,,"""18946""^^<http://www.w3.org/2001/XMLSchema#integer>"
<https://id.analoggamemuseum.org/api/media/18947>,<http://omeka.org/s/vocabs/o#id>,,"""18947""^^<http://www.w3.org/2001/XMLSchema#integer>"
<https://id.analoggamemuseum.org/api/media/18948>,<http://omeka.org/s/vocabs/o#id>,,"""18948""^^<http://www.w3.org/2001/XMLSchema#integer>"
<https://id.analoggamemuseum.org/api/media/18949>,<http://omeka.org/s/vocabs/o#id>,,"""18949""^^<http://www.w3.org/2001/XMLSchema#integer>"
<https://id.analoggamemuseum.org/api/media/18950>,<http://omeka.org/s/vocabs/o#id>,,"""18950""^^<http://www.w3.org/2001/XMLSchema#integer>"
<https://id.analoggamemuseum.org/api/media/18951>,<http://omeka.org/s/vocabs/o#id>,,"""18951""^^<http://www.w3.org/2001/XMLSchema#integer>"
<https://id.analoggamemuseum.org/api/media/18952>,<http://omeka.org/s/vocabs/o#id>,,"""18952""^^<http://www.w3.org/2001/XMLSchema#integer>"
<https://id.analoggamemuseum.org/api/media/18953>,<http://omeka.org/s/vocabs/o#id>,,"""18953""^^<http://www.w3.org/2001/XMLSchema#integer>"
<https://id.analoggamemuseum.org/api/media/18954>,<http://omeka.org/s/vocabs/o#id>,,"""18954""^^<http://www.w3.org/2001/XMLSchema#integer>"
<https://id.analoggamemuseum.org/api/media/18955>,<http://omeka.org/s/vocabs/o#id>,,"""18955""^^<http://www.w3.org/2001/XMLSchema#integer>"
<https://id.analoggamemuseum.org/api/media/18956>,<http://omeka.org/s/vocabs/o#id>,,"""18956""^^<http://www.w3.org/2001/XMLSchema#integer>"
<https://id.analoggamemuseum.org/api/media/18957>,<http://omeka.org/s/vocabs/o#id>,,"""18957""^^<http://www.w3.org/2001/XMLSchema#integer>"
<https://id.analoggamemuseum.org/api/media/18958>,<http://omeka.org/s/vocabs/o#id>,,"""18958""^^<http://www.w3.org/2001/XMLSchema#integer>"
<https://id.analoggamemuseum.org/api/media/18959>,<http://omeka.org/s/vocabs/o#id>,,"""18959""^^<http://www.w3.org/2001/XMLSchema#integer>"
<https://id.analoggamemuseum.org/api/media/18960>,<http://omeka.org/s/vocabs/o#id>,,"""18960""^^<http://www.w3.org/2001/XMLSchema#integer>"
<https://id.analoggamemuseum.org/api/media/18961>,<http://omeka.org/s/vocabs/o#id>,,"""18961""^^<http://www.w3.org/2001/XMLSchema#integer>"
<https://id.analoggamemuseum.org/api/media/18962>,<http://omeka.org/s/vocabs/o#id>,,"""18962""^^<http://www.w3.org/2001/XMLSchema#integer>"
<https://id.analoggamemuseum.org/api/media/18963>,<http://omeka.org/s/vocabs/o#id>,,"""18963""^^<http://www.w3.org/2001/XMLSchema#integer>"
<https://id.analoggamemuseum.org/api/media/18964>,<http://omeka.org/s/vocabs/o#id>,,"""18964""^^<http://www.w3.org/2001/XMLSchema#integer>"
<https://id.analoggamemuseum.org/api/media/18965>,<http://omeka.org/s/vocabs/o#id>,,"""18965""^^<http://www.w3.org/2001/XMLSchema#integer>"
<https://id.analoggamemuseum.org/api/media/18966>,<http://omeka.org/s/vocabs/o#id>,,"""18966""^^<http://www.w3.org/2001/XMLSchema#integer>"
<https://id.analoggamemuseum.org/api/media/18967>,<http://omeka.org/s/vocabs/o#id>,,"""18967""^^<http://www.w3.org/2001/XMLSchema#integer>"
<https://id.analoggamemuseum.org/api/media/18968>,<http://omeka.org/s/vocabs/o#id>,,"""18968""^^<http://www.w3.org/2001/XMLSchema#integer>"
<https://id.analoggamemuseum.org/api/media/18969>,<http://omeka.org/s/vocabs/o#id>,,"""18969""^^<http://www.w3.org/2001/XMLSchema#integer>"
<https://id.analoggamemuseum.org/api/media/18970>,<http://omeka.org/s/vocabs/o#id>,,"""18970""^^<http://www.w3.org/2001/XMLSchema#integer>"
<https://id.analoggamemuseum.org/api/media/18971>,<http://omeka.org/s/vocabs/o#id>,,"""18971""^^<http://www.w3.org/2001/XMLSchema#integer>"
<https://id.analoggamemuseum.org/api/media/18972>,<http://omeka.org/s/vocabs/o#id>,,"""18972""^^<http://www.w3.org/2001/XMLSchema#integer>"
<https://id.analoggamemuseum.org/api/media/18973>,<http://omeka.org/s/vocabs/o#id>,,"""18973""^^<http://www.w3.org/2001/XMLSchema#integer>"
<https://id.analoggamemuseum.org/api/media/18974>,<http://omeka.org/s/vocabs/o#id>,,"""18974""^^<http://www.w3.org/2001/XMLSchema#integer>"
<https://id.analoggamemuseum.org/api/media/18975>,<http://omeka.org/s/vocabs/o#id>,,"""18975""^^<http://www.w3.org/2001/XMLSchema#integer>"
<https://id.analoggamemuseum.org/api/media/18976>,<http://omeka.org/s/vocabs/o#id>,,"""18976""^^<http://www.w3.org/2001/XMLSchema#integer>"
<https://id.analoggamemuseum.org/api/media/18977>,<http://omeka.org/s/vocabs/o#id>,,"""18977""^^<http://www.w3.org/2001/XMLSchema#integer>"
<https://id.analoggamemuseum.org/api/media/18978>,<http://omeka.org/s/vocabs/o#id>,,"""18978""^^<http://www.w3.org/2001/XMLSchema#integer>"
<https://id.analoggamemuseum.org/api/media/18979>,<http://omeka.org/s/vocabs/o#id>,,"""18979""^^<http://www.w3.org/2001/XMLSchema#integer>"
<https://id.analoggamemuseum.org/api/media/18980>,<http://omeka.org/s/vocabs/o#id>,,"""18980""^^<http://www.w3.org/2001/XMLSchema#integer>"
<https://id.analoggamemuseum.org/api/media/18981>,<http://omeka.org/s/vocabs/o#id>,,"""18981""^^<http://www.w3.org/2001/XMLSchema#integer>"
<https://id.analoggamemuseum.org/api/media/18982>,<http://omeka.org/s/vocabs/o#id>,,"""18982""^^<http://www.w3.org/2001/XMLSchema#integer>"
<https://id.analoggamemuseum.org/api/media/18983>,<http://omeka.org/s/vocabs/o#id>,,"""18983""^^<http://www.w3.org/2001/XMLSchema#integer>"
<https://id.analoggamemuseum.org/api/media/18984>,<http://omeka.org/s/vocabs/o#id>,,"""18984""^^<http://www.w3.org/2001/XMLSchema#integer>"
<https://id.analoggamemuseum.org/api/media/18985>,<http://omeka.org/s/vocabs/o#id>,,"""18985""^^<http://www.w3.org/2001/XMLSchema#integer>"
<https://id.analoggamemuseum.org/api/media/18986>,<http://omeka.org/s/vocabs/o#id>,,"""18986""^^<http://www.w3.org/2001/XMLSchema#integer>"
<https://id.analoggamemuseum.org/api/media/18987>,<http://omeka.org/s/vocabs/o#id>,,"""18987""^^<http://www.w3.org/2001/XMLSchema#integer>"
<https://id.analoggamemuseum.org/api/media/18988>,<http://omeka.org/s/vocabs/o#id>,,"""18988""^^<http://www.w3.org/2001/XMLSchema#integer>"
<https://id.analoggamemuseum.org/api/media/18989>,<http://omeka.org/s/vocabs/o#id>,,"""18989""^^<http://www.w3.org/2001/XMLSchema#integer>"
<https://id.analoggamemuseum.org/api/media/18990>,<http://omeka.org/s/vocabs/o#id>,,"""18990""^^<http://www.w3.org/2001/XMLSchema#integer>"
<https://id.analoggamemuseum.org/api/media/18991>,<http://omeka.org/s/vocabs/o#id>,,"""18991""^^<http://www.w3.org/2001/XMLSchema#integer>"
<https://id.analoggamemuseum.org/api/media/18992>,<http://omeka.org/s/vocabs/o#id>,,"""18992""^^<http://www.w3.org/2001/XMLSchema#integer>"
<https://id.analoggamemuseum.org/api/media/18993>,<http://omeka.org/s/vocabs/o#id>,,"""18993""^^<http://www.w3.org/2001/XMLSchema#integer>"
<https://id.analoggamemuseum.org/api/media/18994>,<http://omeka.org/s/vocabs/o#id>,,"""18994""^^<http://www.w3.org/2001/XMLSchema#integer>"
<https://id.analoggamemuseum.org/api/media/18995>,<http://omeka.org/s/vocabs/o#id>,,"""18995""^^<http://www.w3.org/2001/XMLSchema#integer>"
<https://id.analoggamemuseum.org/api/media/18996>,<http://omeka.org/s/vocabs/o#id>,,"""18996""^^<http://www.w3.org/2001/XMLSchema#integer>"
<https://id.analoggamemuseum.org/api/media/18997>,<http://omeka.org/s/vocabs/o#id>,,"""18997""^^<http://www.w3.org/2001/XMLSchema#integer>"
<https://id.analoggamemuseum.org/api/media/18998>,<http://omeka.org/s/vocabs/o#id>,,"""18998""^^<http://www.w3.org/2001/XMLSchema#integer>"
<https://id.analoggamemuseum.org/api/media/18999>,<http://omeka.org/s/vocabs/o#id>,,"""18999""^^<http://www.w3.org/2001/XMLSchema#integer>"
<https://id.analoggamemuseum.org/api/media/19000>,<http://omeka.org/s/vocabs/o#id>,,"""19000""^^<http://www.w3.org/2001/XMLSchema#integer>"
<https://id.analoggamemuseum.org/api/media/19001>,<http://omeka.org/s/vocabs/o#id>,,"""19001""^^<http://www.w3.org/2001/XMLSchema#integer>"
<https://id.analoggamemuseum.org/api/media/19002>,<http://omeka.org/s/vocabs/o#id>,,"""19002""^^<http://www.w3.org/2001/XMLSchema#integer>"
<https://id.analoggamemuseum.org/api/media/19003>,<http://omeka.org/s/vocabs/o#id>,,"""19003""^^<http://www.w3.org/2001/XMLSchema#integer>"
<https://id.analoggamemuseum.org/api/media/19004>,<http://omeka.org/s/vocabs/o#id>,,"""19004""^^<http://www.w3.org/2001/XMLSchema#integer>"
<https://id.analoggamemuseum.org/api/media/19005>,<http://omeka.org/s/vocabs/o#id>,,"""19005""^^<http://www.w3.org/2001/XMLSchema#integer>"
<https://id.analoggamemuseum.org/api/media/19006>,<http://omeka.org/s/vocabs/o#id>,,"""19006""^^<http://www.w3.org/2001/XMLSchema#integer>"
<https://id.analoggamemuseum.org/api/media/19007>,<http://omeka.org/s/vocabs/o#id>,,"""19007""^^<http://www.w3.org/2001/XMLSchema#integer>"
<https://id.analoggamemuseum.org/api/media/19008>,<http://omeka.org/s/vocabs/o#id>,,"""19008""^^<http://www.w3.org/2001/XMLSchema#integer>"
<https://id.analoggamemuseum.org/api/media/19009>,<http://omeka.org/s/vocabs/o#id>,,"""19009""^^<http://www.w3.org/2001/XMLSchema#integer>"
<https://id.analoggamemuseum.org/api/media/19010>,<http://omeka.org/s/vocabs/o#id>,,"""19010""^^<http://www.w3.org/2001/XMLSchema#integer>"
<https://id.analoggamemuseum.org/api/media/19011>,<http://omeka.org/s/vocabs/o#id>,,"""19011""^^<http://www.w3.org/2001/XMLSchema#integer>"
<https://id.analoggamemuseum.org/api/media/19012>,<http://omeka.org/s/vocabs/o#id>,,"""19012""^^<http://www.w3.org/2001/XMLSchema#integer>"
<https://id.analoggamemuseum.org/api/media/19013>,<http://omeka.org/s/vocabs/o#id>,,"""19013""^^<http://www.w3.org/2001/XMLSchema#integer>"
<https://id.analoggamemuseum.org/api/media/19014>,<http://omeka.org/s/vocabs/o#id>,,"""19014""^^<http://www.w3.org/2001/XMLSchema#integer>"
<https://id.analoggamemuseum.org/api/media/19015>,<http://omeka.org/s/vocabs/o#id>,,"""19015""^^<http://www.w3.org/2001/XMLSchema#integer>"
<https://id.analoggamemuseum.org/api/media/19016>,<http://omeka.org/s/vocabs/o#id>,,"""19016""^^<http://www.w3.org/2001/XMLSchema#integer>"
<https://id.analoggamemuseum.org/api/media/19017>,<http://omeka.org/s/vocabs/o#id>,,"""19017""^^<http://www.w3.org/2001/XMLSchema#integer>"
<https://id.analoggamemuseum.org/api/media/19018>,<http://omeka.org/s/vocabs/o#id>,,"""19018""^^<http://www.w3.org/2001/XMLSchema#integer>"
<https://id.analoggamemuseum.org/api/media/19019>,<http://omeka.org/s/vocabs/o#id>,,"""19019""^^<http://www.w3.org/2001/XMLSchema#integer>"
<https://id.analoggamemuseum.org/api/media/19020>,<http://omeka.org/s/vocabs/o#id>,,"""19020""^^<http://www.w3.org/2001/XMLSchema#integer>"
<https://id.analoggamemuseum.org/api/media/19021>,<http://omeka.org/s/vocabs/o#id>,,"""19021""^^<http://www.w3.org/2001/XMLSchema#integer>"
<https://id.analoggamemuseum.org/api/media/19022>,<http://omeka.org/s/vocabs/o#id>,,"""19022""^^<http://www.w3.org/2001/XMLSchema#integer>"
<https://id.analoggamemuseum.org/api/media/19023>,<http://omeka.org/s/vocabs/o#id>,,"""19023""^^<http://www.w3.org/2001/XMLSchema#integer>"
<https://id.analoggamemuseum.org/api/media/19024>,<http://omeka.org/s/vocabs/o#id>,,"""19024""^^<http://www.w3.org/2001/XMLSchema#integer>"
<https://id.analoggamemuseum.org/api/media/19025>,<http://omeka.org/s/vocabs/o#id>,,"""19025""^^<http://www.w3.org/2001/XMLSchema#integer>"
<https://id.analoggamemuseum.org/api/media/19026>,<http://omeka.org/s/vocabs/o#id>,,"""19026""^^<http://www.w3.org/2001/XMLSchema#integer>"
<https://id.analoggamemuseum.org/api/media/19027>,<http://omeka.org/s/vocabs/o#id>,,"""19027""^^<http://www.w3.org/2001/XMLSchema#integer>"
<https://id.analoggamemuseum.org/api/media/19028>,<http://omeka.org/s/vocabs/o#id>,,"""19028""^^<http://www.w3.org/2001/XMLSchema#integer>"
<https://id.analoggamemuseum.org/api/media/19029>,<http://omeka.org/s/vocabs/o#id>,,"""19029""^^<http://www.w3.org/2001/XMLSchema#integer>"
<https://id.analoggamemuseum.org/api/media/19030>,<http://omeka.org/s/vocabs/o#id>,,"""19030""^^<http://www.w3.org/2001/XMLSchema#integer>"
<https://id.analoggamemuseum.org/api/media/19031>,<http://omeka.org/s/vocabs/o#id>,,"""19031""^^<http://www.w3.org/2001/XMLSchema#integer>"
<https://id.analoggamemuseum.org/api/media/19032>,<http://omeka.org/s/vocabs/o#id>,,"""19032""^^<http://www.w3.org/2001/XMLSchema#integer>"
<https://id.analoggamemuseum.org/api/media/19033>,<http://omeka.org/s/vocabs/o#id>,,"""19033""^^<http://www.w3.org/2001/XMLSchema#integer>"
<https://id.analoggamemuseum.org/api/media/19034>,<http://omeka.org/s/vocabs/o#id>,,"""19034""^^<http://www.w3.org/2001/XMLSchema#integer>"
<https://id.analoggamemuseum.org/api/media/19035>,<http://omeka.org/s/vocabs/o#id>,,"""19035""^^<http://www.w3.org/2001/XMLSchema#integer>"
<https://id.analoggamemuseum.org/api/media/19036>,<http://omeka.org/s/vocabs/o#id>,,"""19036""^^<http://www.w3.org/2001/XMLSchema#integer>"
<https://id.analoggamemuseum.org/api/media/19037>,<http://omeka.org/s/vocabs/o#id>,,"""19037""^^<http://www.w3.org/2001/XMLSchema#integer>"
<https://id.analoggamemuseum.org/api/media/19038>,<http://omeka.org/s/vocabs/o#id>,,"""19038""^^<http://www.w3.org/2001/XMLSchema#integer>"
<https://id.analoggamemuseum.org/api/media/19039>,<http://omeka.org/s/vocabs/o#id>,,"""19039""^^<http://www.w3.org/2001/XMLSchema#integer>"
<https://id.analoggamemuseum.org/api/media/19040>,<http://omeka.org/s/vocabs/o#id>,,"""19040""^^<http://www.w3.org/2001/XMLSchema#integer>"
<https://id.analoggamemuseum.org/api/media/19041>,<http://omeka.org/s/vocabs/o#id>,,"""19041""^^<http://www.w3.org/2001/XMLSchema#integer>"
<https://id.analoggamemuseum.org/api/media/19042>,<http://omeka.org/s/vocabs/o#id>,,"""19042""^^<http://www.w3.org/2001/XMLSchema#integer>"
<https://id.analoggamemuseum.org/api/media/19043>,<http://omeka.org/s/vocabs/o#id>,,"""19043""^^<http://www.w3.org/2001/XMLSchema#integer>"
<https://id.analoggamemuseum.org/api/media/19044>,<http://omeka.org/s/vocabs/o#id>,,"""19044""^^<http://www.w3.org/2001/XMLSchema#integer>"
<https://id.analoggamemuseum.org/api/media/19045>,<http://omeka.org/s/vocabs/o#id>,,"""19045""^^<http://www.w3.org/2001/XMLSchema#integer>"
<https://id.analoggamemuseum.org/api/media/19046>,<http://omeka.org/s/vocabs/o#id>,,"""19046""^^<http://www.w3.org/2001/XMLSchema#integer>"
<https://id.analoggamemuseum.org/api/media/19047>,<http://omeka.org/s/vocabs/o#id>,,"""19047""^^<http://www.w3.org/2001/XMLSchema#integer>"
<https://id.analoggamemuseum.org/api/media/19048>,<http://omeka.org/s/vocabs/o#id>,,"""19048""^^<http://www.w3.org/2001/XMLSchema#integer>"
<https://id.analoggamemuseum.org/api/media/19049>,<http://omeka.org/s/vocabs/o#id>,,"""19049""^^<http://www.w3.org/2001/XMLSchema#integer>"
<https://id.analoggamemuseum.org/api/media/19050>,<http://omeka.org/s/vocabs/o#id>,,"""19050""^^<http://www.w3.org/2001/XMLSchema#integer>"
<https://id.analoggamemuseum.org/api/media/19051>,<http://omeka.org/s/vocabs/o#id>,,"""19051""^^<http://www.w3.org/2001/XMLSchema#integer>"
<https://id.analoggamemuseum.org/api/media/19052>,<http://omeka.org/s/vocabs/o#id>,,"""19052""^^<http://www.w3.org/2001/XMLSchema#integer>"
<https://id.analoggamemuseum.org/api/media/19053>,<http://omeka.org/s/vocabs/o#id>,,"""19053""^^<http://www.w3.org/2001/XMLSchema#integer>"
<https://id.analoggamemuseum.org/api/media/19054>,<http://omeka.org/s/vocabs/o#id>,,"""19054""^^<http://www.w3.org/2001/XMLSchema#integer>"
<https://id.analoggamemuseum.org/api/media/19055>,<http://omeka.org/s/vocabs/o#id>,,"""19055""^^<http://www.w3.org/2001/XMLSchema#integer>"
<https://id.analoggamemuseum.org/api/media/19056>,<http://omeka.org/s/vocabs/o#id>,,"""19056""^^<http://www.w3.org/2001/XMLSchema#integer>"
<https://id.analoggamemuseum.org/api/media/19057>,<http://omeka.org/s/vocabs/o#id>,,"""19057""^^<http://www.w3.org/2001/XMLSchema#integer>"
<https://id.analoggamemuseum.org/api/media/19058>,<http://omeka.org/s/vocabs/o#id>,,"""19058""^^<http://www.w3.org/2001/XMLSchema#integer>"
<https://id.analoggamemuseum.org/api/media/19059>,<http://omeka.org/s/vocabs/o#id>,,"""19059""^^<http://www.w3.org/2001/XMLSchema#integer>"
<https://id.analoggamemuseum.org/api/media/19060>,<http://omeka.org/s/vocabs/o#id>,,"""19060""^^<http://www.w3.org/2001/XMLSchema#integer>"
<https://id.analoggamemuseum.org/api/media/19061>,<http://omeka.org/s/vocabs/o#id>,,"""19061""^^<http://www.w3.org/2001/XMLSchema#integer>"
<https://id.analoggamemuseum.org/api/media/19062>,<http://omeka.org/s/vocabs/o#id>,,"""19062""^^<http://www.w3.org/2001/XMLSchema#integer>"
<https://id.analoggamemuseum.org/api/media/19063>,<http://omeka.org/s/vocabs/o#id>,,"""19063""^^<http://www.w3.org/2001/XMLSchema#integer>"
<https://id.analoggamemuseum.org/api/media/19064>,<http://omeka.org/s/vocabs/o#id>,,"""19064""^^<http://www.w3.org/2001/XMLSchema#integer>"
<https://id.analoggamemuseum.org/api/media/19065>,<http://omeka.org/s/vocabs/o#id>,,"""19065""^^<http://www.w3.org/2001/XMLSchema#integer>"
<https://id.analoggamemuseum.org/api/media/19066>,<http://omeka.org/s/vocabs/o#id>,,"""19066""^^<http://www.w3.org/2001/XMLSchema#integer>"
<https://id.analoggamemuseum.org/api/media/19067>,<http://omeka.org/s/vocabs/o#id>,,"""19067""^^<http://www.w3.org/2001/XMLSchema#integer>"
<https://id.analoggamemuseum.org/api/media/19068>,<http://omeka.org/s/vocabs/o#id>,,"""19068""^^<http://www.w3.org/2001/XMLSchema#integer>"
<https://id.analoggamemuseum.org/api/media/19069>,<http://omeka.org/s/vocabs/o#id>,,"""19069""^^<http://www.w3.org/2001/XMLSchema#integer>"
<https://id.analoggamemuseum.org/api/media/19070>,<http://omeka.org/s/vocabs/o#id>,,"""19070""^^<http://www.w3.org/2001/XMLSchema#integer>"
<https://id.analoggamemuseum.org/api/media/19071>,<http://omeka.org/s/vocabs/o#id>,,"""19071""^^<http://www.w3.org/2001/XMLSchema#integer>"
<https://id.analoggamemuseum.org/api/media/19072>,<http://omeka.org/s/vocabs/o#id>,,"""19072""^^<http://www.w3.org/2001/XMLSchema#integer>"
<https://id.analoggamemuseum.org/api/media/19073>,<http://omeka.org/s/vocabs/o#id>,,"""19073""^^<http://www.w3.org/2001/XMLSchema#integer>"
<https://id.analoggamemuseum.org/api/media/19074>,<http://omeka.org/s/vocabs/o#id>,,"""19074""^^<http://www.w3.org/2001/XMLSchema#integer>"
<https://id.analoggamemuseum.org/api/media/19075>,<http://omeka.org/s/vocabs/o#id>,,"""19075""^^<http://www.w3.org/2001/XMLSchema#integer>"
<https://id.analoggamemuseum.org/api/media/19076>,<http://omeka.org/s/vocabs/o#id>,,"""19076""^^<http://www.w3.org/2001/XMLSchema#integer>"
<https://id.analoggamemuseum.org/api/media/19077>,<http://omeka.org/s/vocabs/o#id>,,"""19077""^^<http://www.w3.org/2001/XMLSchema#integer>"
<https://id.analoggamemuseum.org/api/media/19078>,<http://omeka.org/s/vocabs/o#id>,,"""19078""^^<http://www.w3.org/2001/XMLSchema#integer>"
<https://id.analoggamemuseum.org/api/media/19079>,<http://omeka.org/s/vocabs/o#id>,,"""19079""^^<http://www.w3.org/2001/XMLSchema#integer>"
<https://id.analoggamemuseum.org/api/media/19080>,<http://omeka.org/s/vocabs/o#id>,,"""19080""^^<http://www.w3.org/2001/XMLSchema#integer>"
<https://id.analoggamemuseum.org/api/media/19081>,<http://omeka.org/s/vocabs/o#id>,,"""19081""^^<http://www.w3.org/2001/XMLSchema#integer>"
<https://id.analoggamemuseum.org/api/media/19082>,<http://omeka.org/s/vocabs/o#id>,,"""19082""^^<http://www.w3.org/2001/XMLSchema#integer>"
<https://id.analoggamemuseum.org/api/media/19083>,<http://omeka.org/s/vocabs/o#id>,,"""19083""^^<http://www.w3.org/2001/XMLSchema#integer>"
<https://id.analoggamemuseum.org/api/media/19084>,<http://omeka.org/s/vocabs/o#id>,,"""19084""^^<http://www.w3.org/2001/XMLSchema#integer>"
<https://id.analoggamemuseum.org/api/media/19085>,<http://omeka.org/s/vocabs/o#id>,,"""19085""^^<http://www.w3.org/2001/XMLSchema#integer>"
<https://id.analoggamemuseum.org/api/media/19086>,<http://omeka.org/s/vocabs/o#id>,,"""19086""^^<http://www.w3.org/2001/XMLSchema#integer>"
<https://id.analoggamemuseum.org/api/media/19087>,<http://omeka.org/s/vocabs/o#id>,,"""19087""^^<http://www.w3.org/2001/XMLSchema#integer>"
<https://id.analoggamemuseum.org/api/media/19088>,<http://omeka.org/s/vocabs/o#id>,,"""19088""^^<http://www.w3.org/2001/XMLSchema#integer>"
<https://id.analoggamemuseum.org/api/media/19089>,<http://omeka.org/s/vocabs/o#id>,,"""19089""^^<http://www.w3.org/2001/XMLSchema#integer>"
<https://id.analoggamemuseum.org/api/media/19090>,<http://omeka.org/s/vocabs/o#id>,,"""19090""^^<http://www.w3.org/2001/XMLSchema#integer>"
<https://id.analoggamemuseum.org/api/media/19091>,<http://omeka.org/s/vocabs/o#id>,,"""19091""^^<http://www.w3.org/2001/XMLSchema#integer>"
<https://id.analoggamemuseum.org/api/media/19092>,<http://omeka.org/s/vocabs/o#id>,,"""19092""^^<http://www.w3.org/2001/XMLSchema#integer>"
<https://id.analoggamemuseum.org/api/media/19093>,<http://omeka.org/s/vocabs/o#id>,,"""19093""^^<http://www.w3.org/2001/XMLSchema#integer>"
<https://id.analoggamemuseum.org/api/media/19094>,<http://omeka.org/s/vocabs/o#id>,,"""19094""^^<http://www.w3.org/2001/XMLSchema#integer>"
<https://id.analoggamemuseum.org/api/media/19095>,<http://omeka.org/s/vocabs/o#id>,,"""19095""^^<http://www.w3.org/2001/XMLSchema#integer>"
<https://id.analoggamemuseum.org/api/media/19096>,<http://omeka.org/s/vocabs/o#id>,,"""19096""^^<http://www.w3.org/2001/XMLSchema#integer>"
<https://id.analoggamemuseum.org/api/media/19097>,<http://omeka.org/s/vocabs/o#id>,,"""19097""^^<http://www.w3.org/2001/XMLSchema#integer>"
<https://id.analoggamemuseum.org/api/media/19098>,<http://omeka.org/s/vocabs/o#id>,,"""19098""^^<http://www.w3.org/2001/XMLSchema#integer>"
<https://id.analoggamemuseum.org/api/media/19099>,<http://omeka.org/s/vocabs/o#id>,,"""19099""^^<http://www.w3.org/2001/XMLSchema#integer>"
<https://id.analoggamemuseum.org/api/media/19100>,<http://omeka.org/s/vocabs/o#id>,,"""19100""^^<http://www.w3.org/2001/XMLSchema#integer>"
<https://id.analoggamemuseum.org/api/media/19101>,<http://omeka.org/s/vocabs/o#id>,,"""19101""^^<http://www.w3.org/2001/XMLSchema#integer>"
<https://id.analoggamemuseum.org/api/media/19102>,<http://omeka.org/s/vocabs/o#id>,,"""19102""^^<http://www.w3.org/2001/XMLSchema#integer>"
<https://id.analoggamemuseum.org/api/media/19103>,<http://omeka.org/s/vocabs/o#id>,,"""19103""^^<http://www.w3.org/2001/XMLSchema#integer>"
<https://id.analoggamemuseum.org/api/media/19104>,<http://omeka.org/s/vocabs/o#id>,,"""19104""^^<http://www.w3.org/2001/XMLSchema#integer>"
<https://id.analoggamemuseum.org/api/media/19105>,<http://omeka.org/s/vocabs/o#id>,,"""19105""^^<http://www.w3.org/2001/XMLSchema#integer>"
<https://id.analoggamemuseum.org/api/media/19106>,<http://omeka.org/s/vocabs/o#id>,,"""19106""^^<http://www.w3.org/2001/XMLSchema#integer>"
<https://id.analoggamemuseum.org/api/media/19107>,<http://omeka.org/s/vocabs/o#id>,,"""19107""^^<http://www.w3.org/2001/XMLSchema#integer>"
<https://id.analoggamemuseum.org/api/media/19108>,<http://omeka.org/s/vocabs/o#id>,,"""19108""^^<http://www.w3.org/2001/XMLSchema#integer>"
<https://id.analoggamemuseum.org/api/media/19109>,<http://omeka.org/s/vocabs/o#id>,,"""19109""^^<http://www.w3.org/2001/XMLSchema#integer>"
<https://id.analoggamemuseum.org/api/media/19110>,<http://omeka.org/s/vocabs/o#id>,,"""19110""^^<http://www.w3.org/2001/XMLSchema#integer>"
<https://id.analoggamemuseum.org/api/media/19111>,<http://omeka.org/s/vocabs/o#id>,,"""19111""^^<http://www.w3.org/2001/XMLSchema#integer>"
<https://id.analoggamemuseum.org/api/media/19112>,<http://omeka.org/s/vocabs/o#id>,,"""19112""^^<http://www.w3.org/2001/XMLSchema#integer>"
<https://id.analoggamemuseum.org/api/media/19113>,<http://omeka.org/s/vocabs/o#id>,,"""19113""^^<http://www.w3.org/2001/XMLSchema#integer>"
<https://id.analoggamemuseum.org/api/media/19114>,<http://omeka.org/s/vocabs/o#id>,,"""19114""^^<http://www.w3.org/2001/XMLSchema#integer>"
<https://id.analoggamemuseum.org/api/media/19115>,<http://omeka.org/s/vocabs/o#id>,,"""19115""^^<http://www.w3.org/2001/XMLSchema#integer>"
<https://id.analoggamemuseum.org/api/media/19116>,<http://omeka.org/s/vocabs/o#id>,,"""19116""^^<http://www.w3.org/2001/XMLSchema#integer>"
<https://id.analoggamemuseum.org/api/media/19117>,<http://omeka.org/s/vocabs/o#id>,,"""19117""^^<http://www.w3.org/2001/XMLSchema#integer>"
<https://id.analoggamemuseum.org/api/media/19118>,<http://omeka.org/s/vocabs/o#id>,,"""19118""^^<http://www.w3.org/2001/XMLSchema#integer>"
<https://id.analoggamemuseum.org/api/media/19119>,<http://omeka.org/s/vocabs/o#id>,,"""19119""^^<http://www.w3.org/2001/XMLSchema#integer>"
<https://id.analoggamemuseum.org/api/media/19120>,<http://omeka.org/s/vocabs/o#id>,,"""19120""^^<http://www.w3.org/2001/XMLSchema#integer>"
<https://id.analoggamemuseum.org/api/media/19121>,<http://omeka.org/s/vocabs/o#id>,,"""19121""^^<http://www.w3.org/2001/XMLSchema#integer>"
<https://id.analoggamemuseum.org/api/media/19122>,<http://omeka.org/s/vocabs/o#id>,,"""19122""^^<http://www.w3.org/2001/XMLSchema#integer>"
<https://id.analoggamemuseum.org/api/media/19123>,<http://omeka.org/s/vocabs/o#id>,,"""19123""^^<http://www.w3.org/2001/XMLSchema#integer>"
<https://id.analoggamemuseum.org/api/media/19124>,<http://omeka.org/s/vocabs/o#id>,,"""19124""^^<http://www.w3.org/2001/XMLSchema#integer>"
<https://id.analoggamemuseum.org/api/media/19125>,<http://omeka.org/s/vocabs/o#id>,,"""19125""^^<http://www.w3.org/2001/XMLSchema#integer>"
<https://id.analoggamemuseum.org/api/media/19126>,<http://omeka.org/s/vocabs/o#id>,,"""19126""^^<http://www.w3.org/2001/XMLSchema#integer>"
<https://id.analoggamemuseum.org/api/media/19127>,<http://omeka.org/s/vocabs/o#id>,,"""19127""^^<http://www.w3.org/2001/XMLSchema#integer>"
<https://id.analoggamemuseum.org/api/media/19128>,<http://omeka.org/s/vocabs/o#id>,,"""19128""^^<http://www.w3.org/2001/XMLSchema#integer>"
<https://id.analoggamemuseum.org/api/media/19129>,<http://omeka.org/s/vocabs/o#id>,,"""19129""^^<http://www.w3.org/2001/XMLSchema#integer>"
<https://id.analoggamemuseum.org/api/media/19130>,<http://omeka.org/s/vocabs/o#id>,,"""19130""^^<http://www.w3.org/2001/XMLSchema#integer>"
<https://id.analoggamemuseum.org/api/media/19131>,<http://omeka.org/s/vocabs/o#id>,,"""19131""^^<http://www.w3.org/2001/XMLSchema#integer>"
<https://id.analoggamemuseum.org/api/media/19132>,<http://omeka.org/s/vocabs/o#id>,,"""19132""^^<http://www.w3.org/2001/XMLSchema#integer>"
<https://id.analoggamemuseum.org/api/media/19133>,<http://omeka.org/s/vocabs/o#id>,,"""19133""^^<http://www.w3.org/2001/XMLSchema#integer>"
<https://id.analoggamemuseum.org/api/media/19134>,<http://omeka.org/s/vocabs/o#id>,,"""19134""^^<http://www.w3.org/2001/XMLSchema#integer>"
<https://id.analoggamemuseum.org/api/media/19135>,<http://omeka.org/s/vocabs/o#id>,,"""19135""^^<http://www.w3.org/2001/XMLSchema#integer>"
<https://id.analoggamemuseum.org/api/media/19136>,<http://omeka.org/s/vocabs/o#id>,,"""19136""^^<http://www.w3.org/2001/XMLSchema#integer>"
<https://id.analoggamemuseum.org/api/media/19137>,<http://omeka.org/s/vocabs/o#id>,,"""19137""^^<http://www.w3.org/2001/XMLSchema#integer>"
<https://id.analoggamemuseum.org/api/media/19138>,<http://omeka.org/s/vocabs/o#id>,,"""19138""^^<http://www.w3.org/2001/XMLSchema#integer>"
<https://id.analoggamemuseum.org/api/media/19139>,<http://omeka.org/s/vocabs/o#id>,,"""19139""^^<http://www.w3.org/2001/XMLSchema#integer>"
<https://id.analoggamemuseum.org/api/media/19140>,<http://omeka.org/s/vocabs/o#id>,,"""19140""^^<http://www.w3.org/2001/XMLSchema#integer>"
<https://id.analoggamemuseum.org/api/media/19141>,<http://omeka.org/s/vocabs/o#id>,,"""19141""^^<http://www.w3.org/2001/XMLSchema#integer>"
<https://id.analoggamemuseum.org/api/media/19142>,<http://omeka.org/s/vocabs/o#id>,,"""19142""^^<http://www.w3.org/2001/XMLSchema#integer>"
<https://id.analoggamemuseum.org/api/media/19143>,<http://omeka.org/s/vocabs/o#id>,,"""19143""^^<http://www.w3.org/2001/XMLSchema#integer>"
<https://id.analoggamemuseum.org/api/media/19144>,<http://omeka.org/s/vocabs/o#id>,,"""19144""^^<http://www.w3.org/2001/XMLSchema#integer>"
<https://id.analoggamemuseum.org/api/media/19145>,<http://omeka.org/s/vocabs/o#id>,,"""19145""^^<http://www.w3.org/2001/XMLSchema#integer>"
<https://id.analoggamemuseum.org/api/media/19146>,<http://omeka.org/s/vocabs/o#id>,,"""19146""^^<http://www.w3.org/2001/XMLSchema#integer>"
<https://id.analoggamemuseum.org/api/media/19147>,<http://omeka.org/s/vocabs/o#id>,,"""19147""^^<http://www.w3.org/2001/XMLSchema#integer>"
<https://id.analoggamemuseum.org/api/media/19148>,<http://omeka.org/s/vocabs/o#id>,,"""19148""^^<http://www.w3.org/2001/XMLSchema#integer>"
<https://id.analoggamemuseum.org/api/media/19149>,<http://omeka.org/s/vocabs/o#id>,,"""19149""^^<http://www.w3.org/2001/XMLSchema#integer>"
<https://id.analoggamemuseum.org/api/media/19150>,<http://omeka.org/s/vocabs/o#id>,,"""19150""^^<http://www.w3.org/2001/XMLSchema#integer>"
<https://id.analoggamemuseum.org/api/media/19151>,<http://omeka.org/s/vocabs/o#id>,,"""19151""^^<http://www.w3.org/2001/XMLSchema#integer>"
<https://id.analoggamemuseum.org/api/media/19152>,<http://omeka.org/s/vocabs/o#id>,,"""19152""^^<http://www.w3.org/2001/XMLSchema#integer>"
<https://id.analoggamemuseum.org/api/media/19153>,<http://omeka.org/s/vocabs/o#id>,,"""19153""^^<http://www.w3.org/2001/XMLSchema#integer>"
<https://id.analoggamemuseum.org/api/media/19154>,<http://omeka.org/s/vocabs/o#id>,,"""19154""^^<http://www.w3.org/2001/XMLSchema#integer>"
<https://id.analoggamemuseum.org/api/media/19155>,<http://omeka.org/s/vocabs/o#id>,,"""19155""^^<http://www.w3.org/2001/XMLSchema#integer>"
<https://id.analoggamemuseum.org/api/media/19156>,<http://omeka.org/s/vocabs/o#id>,,"""19156""^^<http://www.w3.org/2001/XMLSchema#integer>"
<https://id.analoggamemuseum.org/api/media/19157>,<http://omeka.org/s/vocabs/o#id>,,"""19157""^^<http://www.w3.org/2001/XMLSchema#integer>"
<https://id.analoggamemuseum.org/api/media/19158>,<http://omeka.org/s/vocabs/o#id>,,"""19158""^^<http://www.w3.org/2001/XMLSchema#integer>"
<https://id.analoggamemuseum.org/api/media/19159>,<http://omeka.org/s/vocabs/o#id>,,"""19159""^^<http://www.w3.org/2001/XMLSchema#integer>"
<https://id.analoggamemuseum.org/api/media/19160>,<http://omeka.org/s/vocabs/o#id>,,"""19160""^^<http://www.w3.org/2001/XMLSchema#integer>"
<https://id.analoggamemuseum.org/api/media/19161>,<http://omeka.org/s/vocabs/o#id>,,"""19161""^^<http://www.w3.org/2001/XMLSchema#integer>"
<https://id.analoggamemuseum.org/api/media/19162>,<http://omeka.org/s/vocabs/o#id>,,"""19162""^^<http://www.w3.org/2001/XMLSchema#integer>"
<https://id.analoggamemuseum.org/api/media/19163>,<http://omeka.org/s/vocabs/o#id>,,"""19163""^^<http://www.w3.org/2001/XMLSchema#integer>"
<https://id.analoggamemuseum.org/api/media/19164>,<http://omeka.org/s/vocabs/o#id>,,"""19164""^^<http://www.w3.org/2001/XMLSchema#integer>"
<https://id.analoggamemuseum.org/api/media/19165>,<http://omeka.org/s/vocabs/o#id>,,"""19165""^^<http://www.w3.org/2001/XMLSchema#integer>"
<https://id.analoggamemuseum.org/api/media/19166>,<http://omeka.org/s/vocabs/o#id>,,"""19166""^^<http://www.w3.org/2001/XMLSchema#integer>"
<https://id.analoggamemuseum.org/api/media/19167>,<http://omeka.org/s/vocabs/o#id>,,"""19167""^^<http://www.w3.org/2001/XMLSchema#integer>"
<https://id.analoggamemuseum.org/api/media/19168>,<http://omeka.org/s/vocabs/o#id>,,"""19168""^^<http://www.w3.org/2001/XMLSchema#integer>"
<https://id.analoggamemuseum.org/api/media/19169>,<http://omeka.org/s/vocabs/o#id>,,"""19169""^^<http://www.w3.org/2001/XMLSchema#integer>"
<https://id.analoggamemuseum.org/api/media/19170>,<http://omeka.org/s/vocabs/o#id>,,"""19170""^^<http://www.w3.org/2001/XMLSchema#integer>"
<https://id.analoggamemuseum.org/api/media/19171>,<http://omeka.org/s/vocabs/o#id>,,"""19171""^^<http://www.w3.org/2001/XMLSchema#integer>"
<https://id.analoggamemuseum.org/api/media/19172>,<http://omeka.org/s/vocabs/o#id>,,"""19172""^^<http://www.w3.org/2001/XMLSchema#integer>"
<https://id.analoggamemuseum.org/api/media/19173>,<http://omeka.org/s/vocabs/o#id>,,"""19173""^^<http://www.w3.org/2001/XMLSchema#integer>"
<https://id.analoggamemuseum.org/api/media/19174>,<http://omeka.org/s/vocabs/o#id>,,"""19174""^^<http://www.w3.org/2001/XMLSchema#integer>"
<https://id.analoggamemuseum.org/api/media/19175>,<http://omeka.org/s/vocabs/o#id>,,"""19175""^^<http://www.w3.org/2001/XMLSchema#integer>"
<https://id.analoggamemuseum.org/api/media/19176>,<http://omeka.org/s/vocabs/o#id>,,"""19176""^^<http://www.w3.org/2001/XMLSchema#integer>"
<https://id.analoggamemuseum.org/api/media/19177>,<http://omeka.org/s/vocabs/o#id>,,"""19177""^^<http://www.w3.org/2001/XMLSchema#integer>"
<https://id.analoggamemuseum.org/api/media/19178>,<http://omeka.org/s/vocabs/o#id>,,"""19178""^^<http://www.w3.org/2001/XMLSchema#integer>"
<https://id.analoggamemuseum.org/api/media/19179>,<http://omeka.org/s/vocabs/o#id>,,"""19179""^^<http://www.w3.org/2001/XMLSchema#integer>"
<https://id.analoggamemuseum.org/api/media/19180>,<http://omeka.org/s/vocabs/o#id>,,"""19180""^^<http://www.w3.org/2001/XMLSchema#integer>"
<https://id.analoggamemuseum.org/api/media/19181>,<http://omeka.org/s/vocabs/o#id>,,"""19181""^^<http://www.w3.org/2001/XMLSchema#integer>"
<https://id.analoggamemuseum.org/api/media/19182>,<http://omeka.org/s/vocabs/o#id>,,"""19182""^^<http://www.w3.org/2001/XMLSchema#integer>"
<https://id.analoggamemuseum.org/api/media/19183>,<http://omeka.org/s/vocabs/o#id>,,"""19183""^^<http://www.w3.org/2001/XMLSchema#integer>"
<https://id.analoggamemuseum.org/api/media/19184>,<http://omeka.org/s/vocabs/o#id>,,"""19184""^^<http://www.w3.org/2001/XMLSchema#integer>"
<https://id.analoggamemuseum.org/api/media/19185>,<http://omeka.org/s/vocabs/o#id>,,"""19185""^^<http://www.w3.org/2001/XMLSchema#integer>"
<https://id.analoggamemuseum.org/api/media/19186>,<http://omeka.org/s/vocabs/o#id>,,"""19186""^^<http://www.w3.org/2001/XMLSchema#integer>"
<https://id.analoggamemuseum.org/api/media/19187>,<http://omeka.org/s/vocabs/o#id>,,"""19187""^^<http://www.w3.org/2001/XMLSchema#integer>"
<https://id.analoggamemuseum.org/api/media/19188>,<http://omeka.org/s/vocabs/o#id>,,"""19188""^^<http://www.w3.org/2001/XMLSchema#integer>"
<https://id.analoggamemuseum.org/api/media/19189>,<http://omeka.org/s/vocabs/o#id>,,"""19189""^^<http://www.w3.org/2001/XMLSchema#integer>"
<https://id.analoggamemuseum.org/api/media/19190>,<http://omeka.org/s/vocabs/o#id>,,"""19190""^^<http://www.w3.org/2001/XMLSchema#integer>"
<https://id.analoggamemuseum.org/api/media/19191>,<http://omeka.org/s/vocabs/o#id>,,"""19191""^^<http://www.w3.org/2001/XMLSchema#integer>"
<https://id.analoggamemuseum.org/api/media/19192>,<http://omeka.org/s/vocabs/o#id>,,"""19192""^^<http://www.w3.org/2001/XMLSchema#integer>"
<https://id.analoggamemuseum.org/api/media/19193>,<http://omeka.org/s/vocabs/o#id>,,"""19193""^^<http://www.w3.org/2001/XMLSchema#integer>"
<https://id.analoggamemuseum.org/api/media/19194>,<http://omeka.org/s/vocabs/o#id>,,"""19194""^^<http://www.w3.org/2001/XMLSchema#integer>"
<https://id.analoggamemuseum.org/api/media/19195>,<http://omeka.org/s/vocabs/o#id>,,"""19195""^^<http://www.w3.org/2001/XMLSchema#integer>"
<https://id.analoggamemuseum.org/api/media/19196>,<http://omeka.org/s/vocabs/o#id>,,"""19196""^^<http://www.w3.org/2001/XMLSchema#integer>"
<https://id.analoggamemuseum.org/api/media/19197>,<http://omeka.org/s/vocabs/o#id>,,"""19197""^^<http://www.w3.org/2001/XMLSchema#integer>"
<https://id.analoggamemuseum.org/api/media/19198>,<http://omeka.org/s/vocabs/o#id>,,"""19198""^^<http://www.w3.org/2001/XMLSchema#integer>"
<https://id.analoggamemuseum.org/api/media/19199>,<http://omeka.org/s/vocabs/o#id>,,"""19199""^^<http://www.w3.org/2001/XMLSchema#integer>"
<https://id.analoggamemuseum.org/api/media/19200>,<http://omeka.org/s/vocabs/o#id>,,"""19200""^^<http://www.w3.org/2001/XMLSchema#integer>"
<https://id.analoggamemuseum.org/api/media/19201>,<http://omeka.org/s/vocabs/o#id>,,"""19201""^^<http://www.w3.org/2001/XMLSchema#integer>"
<https://id.analoggamemuseum.org/api/media/19202>,<http://omeka.org/s/vocabs/o#id>,,"""19202""^^<http://www.w3.org/2001/XMLSchema#integer>"
<https://id.analoggamemuseum.org/api/media/19203>,<http://omeka.org/s/vocabs/o#id>,,"""19203""^^<http://www.w3.org/2001/XMLSchema#integer>"
<https://id.analoggamemuseum.org/api/media/19204>,<http://omeka.org/s/vocabs/o#id>,,"""19204""^^<http://www.w3.org/2001/XMLSchema#integer>"
<https://id.analoggamemuseum.org/api/media/19205>,<http://omeka.org/s/vocabs/o#id>,,"""19205""^^<http://www.w3.org/2001/XMLSchema#integer>"
<https://id.analoggamemuseum.org/api/media/19206>,<http://omeka.org/s/vocabs/o#id>,,"""19206""^^<http://www.w3.org/2001/XMLSchema#integer>"
<https://id.analoggamemuseum.org/api/media/19207>,<http://omeka.org/s/vocabs/o#id>,,"""19207""^^<http://www.w3.org/2001/XMLSchema#integer>"
<https://id.analoggamemuseum.org/api/media/19208>,<http://omeka.org/s/vocabs/o#id>,,"""19208""^^<http://www.w3.org/2001/XMLSchema#integer>"
<https://id.analoggamemuseum.org/api/media/19209>,<http://omeka.org/s/vocabs/o#id>,,"""19209""^^<http://www.w3.org/2001/XMLSchema#integer>"
<https://id.analoggamemuseum.org/api/media/19210>,<http://omeka.org/s/vocabs/o#id>,,"""19210""^^<http://www.w3.org/2001/XMLSchema#integer>"
<https://id.analoggamemuseum.org/api/media/19211>,<http://omeka.org/s/vocabs/o#id>,,"""19211""^^<http://www.w3.org/2001/XMLSchema#integer>"
<https://id.analoggamemuseum.org/api/media/19212>,<http://omeka.org/s/vocabs/o#id>,,"""19212""^^<http://www.w3.org/2001/XMLSchema#integer>"
<https://id.analoggamemuseum.org/api/media/19213>,<http://omeka.org/s/vocabs/o#id>,,"""19213""^^<http://www.w3.org/2001/XMLSchema#integer>"
<https://id.analoggamemuseum.org/api/media/19214>,<http://omeka.org/s/vocabs/o#id>,,"""19214""^^<http://www.w3.org/2001/XMLSchema#integer>"
<https://id.analoggamemuseum.org/api/media/19215>,<http://omeka.org/s/vocabs/o#id>,,"""19215""^^<http://www.w3.org/2001/XMLSchema#integer>"
<https://id.analoggamemuseum.org/api/media/19216>,<http://omeka.org/s/vocabs/o#id>,,"""19216""^^<http://www.w3.org/2001/XMLSchema#integer>"
<https://id.analoggamemuseum.org/api/media/19217>,<http://omeka.org/s/vocabs/o#id>,,"""19217""^^<http://www.w3.org/2001/XMLSchema#integer>"
<https://id.analoggamemuseum.org/api/media/19218>,<http://omeka.org/s/vocabs/o#id>,,"""19218""^^<http://www.w3.org/2001/XMLSchema#integer>"
<https://id.analoggamemuseum.org/api/media/19219>,<http://omeka.org/s/vocabs/o#id>,,"""19219""^^<http://www.w3.org/2001/XMLSchema#integer>"
<https://id.analoggamemuseum.org/api/media/19220>,<http://omeka.org/s/vocabs/o#id>,,"""19220""^^<http://www.w3.org/2001/XMLSchema#integer>"
<https://id.analoggamemuseum.org/api/media/19221>,<http://omeka.org/s/vocabs/o#id>,,"""19221""^^<http://www.w3.org/2001/XMLSchema#integer>"
<https://id.analoggamemuseum.org/api/media/19222>,<http://omeka.org/s/vocabs/o#id>,,"""19222""^^<http://www.w3.org/2001/XMLSchema#integer>"
<https://id.analoggamemuseum.org/api/media/19223>,<http://omeka.org/s/vocabs/o#id>,,"""19223""^^<http://www.w3.org/2001/XMLSchema#integer>"
<https://id.analoggamemuseum.org/api/media/19224>,<http://omeka.org/s/vocabs/o#id>,,"""19224""^^<http://www.w3.org/2001/XMLSchema#integer>"
<https://id.analoggamemuseum.org/api/media/19225>,<http://omeka.org/s/vocabs/o#id>,,"""19225""^^<http://www.w3.org/2001/XMLSchema#integer>"
<https://id.analoggamemuseum.org/api/media/19226>,<http://omeka.org/s/vocabs/o#id>,,"""19226""^^<http://www.w3.org/2001/XMLSchema#integer>"
<https://id.analoggamemuseum.org/api/media/19227>,<http://omeka.org/s/vocabs/o#id>,,"""19227""^^<http://www.w3.org/2001/XMLSchema#integer>"
<https://id.analoggamemuseum.org/api/media/19228>,<http://omeka.org/s/vocabs/o#id>,,"""19228""^^<http://www.w3.org/2001/XMLSchema#integer>"
<https://id.analoggamemuseum.org/api/media/19229>,<http://omeka.org/s/vocabs/o#id>,,"""19229""^^<http://www.w3.org/2001/XMLSchema#integer>"
<https://id.analoggamemuseum.org/api/media/19230>,<http://omeka.org/s/vocabs/o#id>,,"""19230""^^<http://www.w3.org/2001/XMLSchema#integer>"
<https://id.analoggamemuseum.org/api/media/19231>,<http://omeka.org/s/vocabs/o#id>,,"""19231""^^<http://www.w3.org/2001/XMLSchema#integer>"
<https://id.analoggamemuseum.org/api/media/19232>,<http://omeka.org/s/vocabs/o#id>,,"""19232""^^<http://www.w3.org/2001/XMLSchema#integer>"
<https://id.analoggamemuseum.org/api/media/19233>,<http://omeka.org/s/vocabs/o#id>,,"""19233""^^<http://www.w3.org/2001/XMLSchema#integer>"
<https://id.analoggamemuseum.org/api/media/19234>,<http://omeka.org/s/vocabs/o#id>,,"""19234""^^<http://www.w3.org/2001/XMLSchema#integer>"
<https://id.analoggamemuseum.org/api/media/19235>,<http://omeka.org/s/vocabs/o#id>,,"""19235""^^<http://www.w3.org/2001/XMLSchema#integer>"
<https://id.analoggamemuseum.org/api/media/19236>,<http://omeka.org/s/vocabs/o#id>,,"""19236""^^<http://www.w3.org/2001/XMLSchema#integer>"
<https://id.analoggamemuseum.org/api/media/19237>,<http://omeka.org/s/vocabs/o#id>,,"""19237""^^<http://www.w3.org/2001/XMLSchema#integer>"
<https://id.analoggamemuseum.org/api/media/19238>,<http://omeka.org/s/vocabs/o#id>,,"""19238""^^<http://www.w3.org/2001/XMLSchema#integer>"
<https://id.analoggamemuseum.org/api/media/19239>,<http://omeka.org/s/vocabs/o#id>,,"""19239""^^<http://www.w3.org/2001/XMLSchema#integer>"
<https://id.analoggamemuseum.org/api/media/19240>,<http://omeka.org/s/vocabs/o#id>,,"""19240""^^<http://www.w3.org/2001/XMLSchema#integer>"
<https://id.analoggamemuseum.org/api/media/19241>,<http://omeka.org/s/vocabs/o#id>,,"""19241""^^<http://www.w3.org/2001/XMLSchema#integer>"
<https://id.analoggamemuseum.org/api/media/19242>,<http://omeka.org/s/vocabs/o#id>,,"""19242""^^<http://www.w3.org/2001/XMLSchema#integer>"
<https://id.analoggamemuseum.org/api/media/19243>,<http://omeka.org/s/vocabs/o#id>,,"""19243""^^<http://www.w3.org/2001/XMLSchema#integer>"
<https://id.analoggamemuseum.org/api/media/19244>,<http://omeka.org/s/vocabs/o#id>,,"""19244""^^<http://www.w3.org/2001/XMLSchema#integer>"
<https://id.analoggamemuseum.org/api/media/19245>,<http://omeka.org/s/vocabs/o#id>,,"""19245""^^<http://www.w3.org/2001/XMLSchema#integer>"
<https://id.analoggamemuseum.org/api/media/19246>,<http://omeka.org/s/vocabs/o#id>,,"""19246""^^<http://www.w3.org/2001/XMLSchema#integer>"
<https://id.analoggamemuseum.org/api/media/19247>,<http://omeka.org/s/vocabs/o#id>,,"""19247""^^<http://www.w3.org/2001/XMLSchema#integer>"
<https://id.analoggamemuseum.org/api/media/19248>,<http://omeka.org/s/vocabs/o#id>,,"""19248""^^<http://www.w3.org/2001/XMLSchema#integer>"
<https://id.analoggamemuseum.org/api/media/19249>,<http://omeka.org/s/vocabs/o#id>,,"""19249""^^<http://www.w3.org/2001/XMLSchema#integer>"
<https://id.analoggamemuseum.org/api/media/19250>,<http://omeka.org/s/vocabs/o#id>,,"""19250""^^<http://www.w3.org/2001/XMLSchema#integer>"
<https://id.analoggamemuseum.org/api/media/19251>,<http://omeka.org/s/vocabs/o#id>,,"""19251""^^<http://www.w3.org/2001/XMLSchema#integer>"
<https://id.analoggamemuseum.org/api/media/19252>,<http://omeka.org/s/vocabs/o#id>,,"""19252""^^<http://www.w3.org/2001/XMLSchema#integer>"
<https://id.analoggamemuseum.org/api/media/19253>,<http://omeka.org/s/vocabs/o#id>,,"""19253""^^<http://www.w3.org/2001/XMLSchema#integer>"
<https://id.analoggamemuseum.org/api/media/19254>,<http://omeka.org/s/vocabs/o#id>,,"""19254""^^<http://www.w3.org/2001/XMLSchema#integer>"
<https://id.analoggamemuseum.org/api/media/19255>,<http://omeka.org/s/vocabs/o#id>,,"""19255""^^<http://www.w3.org/2001/XMLSchema#integer>"
<https://id.analoggamemuseum.org/api/media/19256>,<http://omeka.org/s/vocabs/o#id>,,"""19256""^^<http://www.w3.org/2001/XMLSchema#integer>"
<https://id.analoggamemuseum.org/api/media/19257>,<http://omeka.org/s/vocabs/o#id>,,"""19257""^^<http://www.w3.org/2001/XMLSchema#integer>"
<https://id.analoggamemuseum.org/api/media/19258>,<http://omeka.org/s/vocabs/o#id>,,"""19258""^^<http://www.w3.org/2001/XMLSchema#integer>"
<https://id.analoggamemuseum.org/api/media/19259>,<http://omeka.org/s/vocabs/o#id>,,"""19259""^^<http://www.w3.org/2001/XMLSchema#integer>"
<https://id.analoggamemuseum.org/api/media/19260>,<http://omeka.org/s/vocabs/o#id>,,"""19260""^^<http://www.w3.org/2001/XMLSchema#integer>"
<https://id.analoggamemuseum.org/api/media/19261>,<http://omeka.org/s/vocabs/o#id>,,"""19261""^^<http://www.w3.org/2001/XMLSchema#integer>"
<https://id.analoggamemuseum.org/api/media/19262>,<http://omeka.org/s/vocabs/o#id>,,"""19262""^^<http://www.w3.org/2001/XMLSchema#integer>"
<https://id.analoggamemuseum.org/api/media/19263>,<http://omeka.org/s/vocabs/o#id>,,"""19263""^^<http://www.w3.org/2001/XMLSchema#integer>"
<https://id.analoggamemuseum.org/api/media/19264>,<http://omeka.org/s/vocabs/o#id>,,"""19264""^^<http://www.w3.org/2001/XMLSchema#integer>"
<https://id.analoggamemuseum.org/api/media/19265>,<http://omeka.org/s/vocabs/o#id>,,"""19265""^^<http://www.w3.org/2001/XMLSchema#integer>"
<https://id.analoggamemuseum.org/api/media/19266>,<http://omeka.org/s/vocabs/o#id>,,"""19266""^^<http://www.w3.org/2001/XMLSchema#integer>"
<https://id.analoggamemuseum.org/api/media/19267>,<http://omeka.org/s/vocabs/o#id>,,"""19267""^^<http://www.w3.org/2001/XMLSchema#integer>"
<https://id.analoggamemuseum.org/api/media/19268>,<http://omeka.org/s/vocabs/o#id>,,"""19268""^^<http://www.w3.org/2001/XMLSchema#integer>"
<https://id.analoggamemuseum.org/api/media/19269>,<http://omeka.org/s/vocabs/o#id>,,"""19269""^^<http://www.w3.org/2001/XMLSchema#integer>"
<https://id.analoggamemuseum.org/api/media/19270>,<http://omeka.org/s/vocabs/o#id>,,"""19270""^^<http://www.w3.org/2001/XMLSchema#integer>"
<https://id.analoggamemuseum.org/api/media/19271>,<http://omeka.org/s/vocabs/o#id>,,"""19271""^^<http://www.w3.org/2001/XMLSchema#integer>"
<https://id.analoggamemuseum.org/api/media/19272>,<http://omeka.org/s/vocabs/o#id>,,"""19272""^^<http://www.w3.org/2001/XMLSchema#integer>"
<https://id.analoggamemuseum.org/api/media/19273>,<http://omeka.org/s/vocabs/o#id>,,"""19273""^^<http://www.w3.org/2001/XMLSchema#integer>"
<https://id.analoggamemuseum.org/api/media/19274>,<http://omeka.org/s/vocabs/o#id>,,"""19274""^^<http://www.w3.org/2001/XMLSchema#integer>"
<https://id.analoggamemuseum.org/api/media/19275>,<http://omeka.org/s/vocabs/o#id>,,"""19275""^^<http://www.w3.org/2001/XMLSchema#integer>"
<https://id.analoggamemuseum.org/api/media/19276>,<http://omeka.org/s/vocabs/o#id>,,"""19276""^^<http://www.w3.org/2001/XMLSchema#integer>"
<https://id.analoggamemuseum.org/api/media/19277>,<http://omeka.org/s/vocabs/o#id>,,"""19277""^^<http://www.w3.org/2001/XMLSchema#integer>"
<https://id.analoggamemuseum.org/api/media/19278>,<http://omeka.org/s/vocabs/o#id>,,"""19278""^^<http://www.w3.org/2001/XMLSchema#integer>"
<https://id.analoggamemuseum.org/api/media/19279>,<http://omeka.org/s/vocabs/o#id>,,"""19279""^^<http://www.w3.org/2001/XMLSchema#integer>"
<https://id.analoggamemuseum.org/api/media/19280>,<http://omeka.org/s/vocabs/o#id>,,"""19280""^^<http://www.w3.org/2001/XMLSchema#integer>"
<https://id.analoggamemuseum.org/api/media/19281>,<http://omeka.org/s/vocabs/o#id>,,"""19281""^^<http://www.w3.org/2001/XMLSchema#integer>"
<https://id.analoggamemuseum.org/api/media/19282>,<http://omeka.org/s/vocabs/o#id>,,"""19282""^^<http://www.w3.org/2001/XMLSchema#integer>"
<https://id.analoggamemuseum.org/api/media/19283>,<http://omeka.org/s/vocabs/o#id>,,"""19283""^^<http://www.w3.org/2001/XMLSchema#integer>"
<https://id.analoggamemuseum.org/api/media/19284>,<http://omeka.org/s/vocabs/o#id>,,"""19284""^^<http://www.w3.org/2001/XMLSchema#integer>"
<https://id.analoggamemuseum.org/api/media/19285>,<http://omeka.org/s/vocabs/o#id>,,"""19285""^^<http://www.w3.org/2001/XMLSchema#integer>"
<https://id.analoggamemuseum.org/api/media/19286>,<http://omeka.org/s/vocabs/o#id>,,"""19286""^^<http://www.w3.org/2001/XMLSchema#integer>"
<https://id.analoggamemuseum.org/api/media/19287>,<http://omeka.org/s/vocabs/o#id>,,"""19287""^^<http://www.w3.org/2001/XMLSchema#integer>"
<https://id.analoggamemuseum.org/api/media/19288>,<http://omeka.org/s/vocabs/o#id>,,"""19288""^^<http://www.w3.org/2001/XMLSchema#integer>"
<https://id.analoggamemuseum.org/api/media/19289>,<http://omeka.org/s/vocabs/o#id>,,"""19289""^^<http://www.w3.org/2001/XMLSchema#integer>"
<https://id.analoggamemuseum.org/api/media/19290>,<http://omeka.org/s/vocabs/o#id>,,"""19290""^^<http://www.w3.org/2001/XMLSchema#integer>"
<https://id.analoggamemuseum.org/api/media/19291>,<http://omeka.org/s/vocabs/o#id>,,"""19291""^^<http://www.w3.org/2001/XMLSchema#integer>"
<https://id.analoggamemuseum.org/api/media/19292>,<http://omeka.org/s/vocabs/o#id>,,"""19292""^^<http://www.w3.org/2001/XMLSchema#integer>"
<https://id.analoggamemuseum.org/api/media/19293>,<http://omeka.org/s/vocabs/o#id>,,"""19293""^^<http://www.w3.org/2001/XMLSchema#integer>"
<https://id.analoggamemuseum.org/api/media/19294>,<http://omeka.org/s/vocabs/o#id>,,"""19294""^^<http://www.w3.org/2001/XMLSchema#integer>"
<https://id.analoggamemuseum.org/api/media/19295>,<http://omeka.org/s/vocabs/o#id>,,"""19295""^^<http://www.w3.org/2001/XMLSchema#integer>"
<https://id.analoggamemuseum.org/api/media/19296>,<http://omeka.org/s/vocabs/o#id>,,"""19296""^^<http://www.w3.org/2001/XMLSchema#integer>"
<https://id.analoggamemuseum.org/api/media/19297>,<http://omeka.org/s/vocabs/o#id>,,"""19297""^^<http://www.w3.org/2001/XMLSchema#integer>"
<https://id.analoggamemuseum.org/api/media/19298>,<http://omeka.org/s/vocabs/o#id>,,"""19298""^^<http://www.w3.org/2001/XMLSchema#integer>"
<https://id.analoggamemuseum.org/api/media/19299>,<http://omeka.org/s/vocabs/o#id>,,"""19299""^^<http://www.w3.org/2001/XMLSchema#integer>"
<https://id.analoggamemuseum.org/api/media/19300>,<http://omeka.org/s/vocabs/o#id>,,"""19300""^^<http://www.w3.org/2001/XMLSchema#integer>"
<https://id.analoggamemuseum.org/api/media/19301>,<http://omeka.org/s/vocabs/o#id>,,"""19301""^^<http://www.w3.org/2001/XMLSchema#integer>"
<https://id.analoggamemuseum.org/api/media/19302>,<http://omeka.org/s/vocabs/o#id>,,"""19302""^^<http://www.w3.org/2001/XMLSchema#integer>"
<https://id.analoggamemuseum.org/api/media/19303>,<http://omeka.org/s/vocabs/o#id>,,"""19303""^^<http://www.w3.org/2001/XMLSchema#integer>"
<https://id.analoggamemuseum.org/api/media/19304>,<http://omeka.org/s/vocabs/o#id>,,"""19304""^^<http://www.w3.org/2001/XMLSchema#integer>"
<https://id.analoggamemuseum.org/api/media/19305>,<http://omeka.org/s/vocabs/o#id>,,"""19305""^^<http://www.w3.org/2001/XMLSchema#integer>"
<https://id.analoggamemuseum.org/api/media/19306>,<http://omeka.org/s/vocabs/o#id>,,"""19306""^^<http://www.w3.org/2001/XMLSchema#integer>"
<https://id.analoggamemuseum.org/api/media/19307>,<http://omeka.org/s/vocabs/o#id>,,"""19307""^^<http://www.w3.org/2001/XMLSchema#integer>"
<https://id.analoggamemuseum.org/api/media/19308>,<http://omeka.org/s/vocabs/o#id>,,"""19308""^^<http://www.w3.org/2001/XMLSchema#integer>"
<https://id.analoggamemuseum.org/api/media/19309>,<http://omeka.org/s/vocabs/o#id>,,"""19309""^^<http://www.w3.org/2001/XMLSchema#integer>"
<https://id.analoggamemuseum.org/api/media/19310>,<http://omeka.org/s/vocabs/o#id>,,"""19310""^^<http://www.w3.org/2001/XMLSchema#integer>"
<https://id.analoggamemuseum.org/api/media/19311>,<http://omeka.org/s/vocabs/o#id>,,"""19311""^^<http://www.w3.org/2001/XMLSchema#integer>"
<https://id.analoggamemuseum.org/api/media/19312>,<http://omeka.org/s/vocabs/o#id>,,"""19312""^^<http://www.w3.org/2001/XMLSchema#integer>"
<https://id.analoggamemuseum.org/api/media/19313>,<http://omeka.org/s/vocabs/o#id>,,"""19313""^^<http://www.w3.org/2001/XMLSchema#integer>"
<https://id.analoggamemuseum.org/api/media/19314>,<http://omeka.org/s/vocabs/o#id>,,"""19314""^^<http://www.w3.org/2001/XMLSchema#integer>"
<https://id.analoggamemuseum.org/api/media/19315>,<http://omeka.org/s/vocabs/o#id>,,"""19315""^^<http://www.w3.org/2001/XMLSchema#integer>"
<https://id.analoggamemuseum.org/api/media/19316>,<http://omeka.org/s/vocabs/o#id>,,"""19316""^^<http://www.w3.org/2001/XMLSchema#integer>"
<https://id.analoggamemuseum.org/api/media/19317>,<http://omeka.org/s/vocabs/o#id>,,"""19317""^^<http://www.w3.org/2001/XMLSchema#integer>"
<https://id.analoggamemuseum.org/api/media/19318>,<http://omeka.org/s/vocabs/o#id>,,"""19318""^^<http://www.w3.org/2001/XMLSchema#integer>"
<https://id.analoggamemuseum.org/api/media/19319>,<http://omeka.org/s/vocabs/o#id>,,"""19319""^^<http://www.w3.org/2001/XMLSchema#integer>"
<https://id.analoggamemuseum.org/api/media/19320>,<http://omeka.org/s/vocabs/o#id>,,"""19320""^^<http://www.w3.org/2001/XMLSchema#integer>"
<https://id.analoggamemuseum.org/api/media/19321>,<http://omeka.org/s/vocabs/o#id>,,"""19321""^^<http://www.w3.org/2001/XMLSchema#integer>"
<https://id.analoggamemuseum.org/api/media/19322>,<http://omeka.org/s/vocabs/o#id>,,"""19322""^^<http://www.w3.org/2001/XMLSchema#integer>"
<https://id.analoggamemuseum.org/api/media/19323>,<http://omeka.org/s/vocabs/o#id>,,"""19323""^^<http://www.w3.org/2001/XMLSchema#integer>"
<https://id.analoggamemuseum.org/api/media/19324>,<http://omeka.org/s/vocabs/o#id>,,"""19324""^^<http://www.w3.org/2001/XMLSchema#integer>"
<https://id.analoggamemuseum.org/api/media/19325>,<http://omeka.org/s/vocabs/o#id>,,"""19325""^^<http://www.w3.org/2001/XMLSchema#integer>"
<https://id.analoggamemuseum.org/api/media/19326>,<http://omeka.org/s/vocabs/o#id>,,"""19326""^^<http://www.w3.org/2001/XMLSchema#integer>"
<https://id.analoggamemuseum.org/api/media/19327>,<http://omeka.org/s/vocabs/o#id>,,"""19327""^^<http://www.w3.org/2001/XMLSchema#integer>"
<https://id.analoggamemuseum.org/api/media/19328>,<http://omeka.org/s/vocabs/o#id>,,"""19328""^^<http://www.w3.org/2001/XMLSchema#integer>"
<https://id.analoggamemuseum.org/api/media/19329>,<http://omeka.org/s/vocabs/o#id>,,"""19329""^^<http://www.w3.org/2001/XMLSchema#integer>"
<https://id.analoggamemuseum.org/api/media/19330>,<http://omeka.org/s/vocabs/o#id>,,"""19330""^^<http://www.w3.org/2001/XMLSchema#integer>"
<https://id.analoggamemuseum.org/api/media/19331>,<http://omeka.org/s/vocabs/o#id>,,"""19331""^^<http://www.w3.org/2001/XMLSchema#integer>"
<https://id.analoggamemuseum.org/api/media/19332>,<http://omeka.org/s/vocabs/o#id>,,"""19332""^^<http://www.w3.org/2001/XMLSchema#integer>"
<https://id.analoggamemuseum.org/api/media/19333>,<http://omeka.org/s/vocabs/o#id>,,"""19333""^^<http://www.w3.org/2001/XMLSchema#integer>"
<https://id.analoggamemuseum.org/api/media/19334>,<http://omeka.org/s/vocabs/o#id>,,"""19334""^^<http://www.w3.org/2001/XMLSchema#integer>"
<https://id.analoggamemuseum.org/api/media/19335>,<http://omeka.org/s/vocabs/o#id>,,"""19335""^^<http://www.w3.org/2001/XMLSchema#integer>"
<https://id.analoggamemuseum.org/api/media/19336>,<http://omeka.org/s/vocabs/o#id>,,"""19336""^^<http://www.w3.org/2001/XMLSchema#integer>"
<https://id.analoggamemuseum.org/api/media/19337>,<http://omeka.org/s/vocabs/o#id>,,"""19337""^^<http://www.w3.org/2001/XMLSchema#integer>"
<https://id.analoggamemuseum.org/api/media/19338>,<http://omeka.org/s/vocabs/o#id>,,"""19338""^^<http://www.w3.org/2001/XMLSchema#integer>"
<https://id.analoggamemuseum.org/api/media/19339>,<http://omeka.org/s/vocabs/o#id>,,"""19339""^^<http://www.w3.org/2001/XMLSchema#integer>"
<https://id.analoggamemuseum.org/api/media/19340>,<http://omeka.org/s/vocabs/o#id>,,"""19340""^^<http://www.w3.org/2001/XMLSchema#integer>"
<https://id.analoggamemuseum.org/api/media/19341>,<http://omeka.org/s/vocabs/o#id>,,"""19341""^^<http://www.w3.org/2001/XMLSchema#integer>"
<https://id.analoggamemuseum.org/api/media/19342>,<http://omeka.org/s/vocabs/o#id>,,"""19342""^^<http://www.w3.org/2001/XMLSchema#integer>"
<https://id.analoggamemuseum.org/api/media/19343>,<http://omeka.org/s/vocabs/o#id>,,"""19343""^^<http://www.w3.org/2001/XMLSchema#integer>"
<https://id.analoggamemuseum.org/api/media/19344>,<http://omeka.org/s/vocabs/o#id>,,"""19344""^^<http://www.w3.org/2001/XMLSchema#integer>"
<https://id.analoggamemuseum.org/api/media/19345>,<http://omeka.org/s/vocabs/o#id>,,"""19345""^^<http://www.w3.org/2001/XMLSchema#integer>"
<https://id.analoggamemuseum.org/api/media/19346>,<http://omeka.org/s/vocabs/o#id>,,"""19346""^^<http://www.w3.org/2001/XMLSchema#integer>"
<https://id.analoggamemuseum.org/api/media/19347>,<http://omeka.org/s/vocabs/o#id>,,"""19347""^^<http://www.w3.org/2001/XMLSchema#integer>"
<https://id.analoggamemuseum.org/api/media/19348>,<http://omeka.org/s/vocabs/o#id>,,"""19348""^^<http://www.w3.org/2001/XMLSchema#integer>"
<https://id.analoggamemuseum.org/api/media/19349>,<http://omeka.org/s/vocabs/o#id>,,"""19349""^^<http://www.w3.org/2001/XMLSchema#integer>"
<https://id.analoggamemuseum.org/api/media/19350>,<http://omeka.org/s/vocabs/o#id>,,"""19350""^^<http://www.w3.org/2001/XMLSchema#integer>"
<https://id.analoggamemuseum.org/api/media/19351>,<http://omeka.org/s/vocabs/o#id>,,"""19351""^^<http://www.w3.org/2001/XMLSchema#integer>"
<https://id.analoggamemuseum.org/api/media/19352>,<http://omeka.org/s/vocabs/o#id>,,"""19352""^^<http://www.w3.org/2001/XMLSchema#integer>"
<https://id.analoggamemuseum.org/api/media/19353>,<http://omeka.org/s/vocabs/o#id>,,"""19353""^^<http://www.w3.org/2001/XMLSchema#integer>"
<https://id.analoggamemuseum.org/api/media/19354>,<http://omeka.org/s/vocabs/o#id>,,"""19354""^^<http://www.w3.org/2001/XMLSchema#integer>"
<https://id.analoggamemuseum.org/api/media/19355>,<http://omeka.org/s/vocabs/o#id>,,"""19355""^^<http://www.w3.org/2001/XMLSchema#integer>"
<https://id.analoggamemuseum.org/api/media/19356>,<http://omeka.org/s/vocabs/o#id>,,"""19356""^^<http://www.w3.org/2001/XMLSchema#integer>"
<https://id.analoggamemuseum.org/api/media/19357>,<http://omeka.org/s/vocabs/o#id>,,"""19357""^^<http://www.w3.org/2001/XMLSchema#integer>"
<https://id.analoggamemuseum.org/api/media/19358>,<http://omeka.org/s/vocabs/o#id>,,"""19358""^^<http://www.w3.org/2001/XMLSchema#integer>"
<https://id.analoggamemuseum.org/api/media/19359>,<http://omeka.org/s/vocabs/o#id>,,"""19359""^^<http://www.w3.org/2001/XMLSchema#integer>"
<https://id.analoggamemuseum.org/api/media/19360>,<http://omeka.org/s/vocabs/o#id>,,"""19360""^^<http://www.w3.org/2001/XMLSchema#integer>"
<https://id.analoggamemuseum.org/api/media/19361>,<http://omeka.org/s/vocabs/o#id>,,"""19361""^^<http://www.w3.org/2001/XMLSchema#integer>"
<https://id.analoggamemuseum.org/api/media/19362>,<http://omeka.org/s/vocabs/o#id>,,"""19362""^^<http://www.w3.org/2001/XMLSchema#integer>"
<https://id.analoggamemuseum.org/api/media/19363>,<http://omeka.org/s/vocabs/o#id>,,"""19363""^^<http://www.w3.org/2001/XMLSchema#integer>"
<https://id.analoggamemuseum.org/api/media/19364>,<http://omeka.org/s/vocabs/o#id>,,"""19364""^^<http://www.w3.org/2001/XMLSchema#integer>"
<https://id.analoggamemuseum.org/api/media/19365>,<http://omeka.org/s/vocabs/o#id>,,"""19365""^^<http://www.w3.org/2001/XMLSchema#integer>"
<https://id.analoggamemuseum.org/api/media/19366>,<http://omeka.org/s/vocabs/o#id>,,"""19366""^^<http://www.w3.org/2001/XMLSchema#integer>"
<https://id.analoggamemuseum.org/api/media/19367>,<http://omeka.org/s/vocabs/o#id>,,"""19367""^^<http://www.w3.org/2001/XMLSchema#integer>"
<https://id.analoggamemuseum.org/api/media/19368>,<http://omeka.org/s/vocabs/o#id>,,"""19368""^^<http://www.w3.org/2001/XMLSchema#integer>"
<https://id.analoggamemuseum.org/api/media/19369>,<http://omeka.org/s/vocabs/o#id>,,"""19369""^^<http://www.w3.org/2001/XMLSchema#integer>"
<https://id.analoggamemuseum.org/api/media/19370>,<http://omeka.org/s/vocabs/o#id>,,"""19370""^^<http://www.w3.org/2001/XMLSchema#integer>"
<https://id.analoggamemuseum.org/api/media/19371>,<http://omeka.org/s/vocabs/o#id>,,"""19371""^^<http://www.w3.org/2001/XMLSchema#integer>"
<https://id.analoggamemuseum.org/api/media/19372>,<http://omeka.org/s/vocabs/o#id>,,"""19372""^^<http://www.w3.org/2001/XMLSchema#integer>"
<https://id.analoggamemuseum.org/api/media/19373>,<http://omeka.org/s/vocabs/o#id>,,"""19373""^^<http://www.w3.org/2001/XMLSchema#integer>"
<https://id.analoggamemuseum.org/api/media/19374>,<http://omeka.org/s/vocabs/o#id>,,"""19374""^^<http://www.w3.org/2001/XMLSchema#integer>"
<https://id.analoggamemuseum.org/api/media/19375>,<http://omeka.org/s/vocabs/o#id>,,"""19375""^^<http://www.w3.org/2001/XMLSchema#integer>"
<https://id.analoggamemuseum.org/api/media/19376>,<http://omeka.org/s/vocabs/o#id>,,"""19376""^^<http://www.w3.org/2001/XMLSchema#integer>"
<https://id.analoggamemuseum.org/api/media/19377>,<http://omeka.org/s/vocabs/o#id>,,"""19377""^^<http://www.w3.org/2001/XMLSchema#integer>"
<https://id.analoggamemuseum.org/api/media/19378>,<http://omeka.org/s/vocabs/o#id>,,"""19378""^^<http://www.w3.org/2001/XMLSchema#integer>"
<https://id.analoggamemuseum.org/api/media/19379>,<http://omeka.org/s/vocabs/o#id>,,"""19379""^^<http://www.w3.org/2001/XMLSchema#integer>"
<https://id.analoggamemuseum.org/api/media/19380>,<http://omeka.org/s/vocabs/o#id>,,"""19380""^^<http://www.w3.org/2001/XMLSchema#integer>"
<https://id.analoggamemuseum.org/api/media/19381>,<http://omeka.org/s/vocabs/o#id>,,"""19381""^^<http://www.w3.org/2001/XMLSchema#integer>"
<https://id.analoggamemuseum.org/api/media/19382>,<http://omeka.org/s/vocabs/o#id>,,"""19382""^^<http://www.w3.org/2001/XMLSchema#integer>"
<https://id.analoggamemuseum.org/api/media/19383>,<http://omeka.org/s/vocabs/o#id>,,"""19383""^^<http://www.w3.org/2001/XMLSchema#integer>"
<https://id.analoggamemuseum.org/api/media/19384>,<http://omeka.org/s/vocabs/o#id>,,"""19384""^^<http://www.w3.org/2001/XMLSchema#integer>"
<https://id.analoggamemuseum.org/api/media/19385>,<http://omeka.org/s/vocabs/o#id>,,"""19385""^^<http://www.w3.org/2001/XMLSchema#integer>"
<https://id.analoggamemuseum.org/api/media/19386>,<http://omeka.org/s/vocabs/o#id>,,"""19386""^^<http://www.w3.org/2001/XMLSchema#integer>"
<https://id.analoggamemuseum.org/api/media/19387>,<http://omeka.org/s/vocabs/o#id>,,"""19387""^^<http://www.w3.org/2001/XMLSchema#integer>"
<https://id.analoggamemuseum.org/api/media/19388>,<http://omeka.org/s/vocabs/o#id>,,"""19388""^^<http://www.w3.org/2001/XMLSchema#integer>"
<https://id.analoggamemuseum.org/api/media/19389>,<http://omeka.org/s/vocabs/o#id>,,"""19389""^^<http://www.w3.org/2001/XMLSchema#integer>"
<https://id.analoggamemuseum.org/api/media/19390>,<http://omeka.org/s/vocabs/o#id>,,"""19390""^^<http://www.w3.org/2001/XMLSchema#integer>"
<https://id.analoggamemuseum.org/api/media/19391>,<http://omeka.org/s/vocabs/o#id>,,"""19391""^^<http://www.w3.org/2001/XMLSchema#integer>"
<https://id.analoggamemuseum.org/api/media/19392>,<http://omeka.org/s/vocabs/o#id>,,"""19392""^^<http://www.w3.org/2001/XMLSchema#integer>"
<https://id.analoggamemuseum.org/api/media/19393>,<http://omeka.org/s/vocabs/o#id>,,"""19393""^^<http://www.w3.org/2001/XMLSchema#integer>"
<https://id.analoggamemuseum.org/api/media/19394>,<http://omeka.org/s/vocabs/o#id>,,"""19394""^^<http://www.w3.org/2001/XMLSchema#integer>"
<https://id.analoggamemuseum.org/api/media/19395>,<http://omeka.org/s/vocabs/o#id>,,"""19395""^^<http://www.w3.org/2001/XMLSchema#integer>"
<https://id.analoggamemuseum.org/api/media/19396>,<http://omeka.org/s/vocabs/o#id>,,"""19396""^^<http://www.w3.org/2001/XMLSchema#integer>"
<https://id.analoggamemuseum.org/api/media/19397>,<http://omeka.org/s/vocabs/o#id>,,"""19397""^^<http://www.w3.org/2001/XMLSchema#integer>"
<https://id.analoggamemuseum.org/api/media/19398>,<http://omeka.org/s/vocabs/o#id>,,"""19398""^^<http://www.w3.org/2001/XMLSchema#integer>"
<https://id.analoggamemuseum.org/api/media/19399>,<http://omeka.org/s/vocabs/o#id>,,"""19399""^^<http://www.w3.org/2001/XMLSchema#integer>"
<https://id.analoggamemuseum.org/api/media/19400>,<http://omeka.org/s/vocabs/o#id>,,"""19400""^^<http://www.w3.org/2001/XMLSchema#integer>"
<https://id.analoggamemuseum.org/api/media/19401>,<http://omeka.org/s/vocabs/o#id>,,"""19401""^^<http://www.w3.org/2001/XMLSchema#integer>"
<https://id.analoggamemuseum.org/api/media/19402>,<http://omeka.org/s/vocabs/o#id>,,"""19402""^^<http://www.w3.org/2001/XMLSchema#integer>"
<https://id.analoggamemuseum.org/api/media/19403>,<http://omeka.org/s/vocabs/o#id>,,"""19403""^^<http://www.w3.org/2001/XMLSchema#integer>"
<https://id.analoggamemuseum.org/api/media/19404>,<http://omeka.org/s/vocabs/o#id>,,"""19404""^^<http://www.w3.org/2001/XMLSchema#integer>"
<https://id.analoggamemuseum.org/api/media/19405>,<http://omeka.org/s/vocabs/o#id>,,"""19405""^^<http://www.w3.org/2001/XMLSchema#integer>"
<https://id.analoggamemuseum.org/api/media/19406>,<http://omeka.org/s/vocabs/o#id>,,"""19406""^^<http://www.w3.org/2001/XMLSchema#integer>"
<https://id.analoggamemuseum.org/api/media/19407>,<http://omeka.org/s/vocabs/o#id>,,"""19407""^^<http://www.w3.org/2001/XMLSchema#integer>"
<https://id.analoggamemuseum.org/api/media/19408>,<http://omeka.org/s/vocabs/o#id>,,"""19408""^^<http://www.w3.org/2001/XMLSchema#integer>"
<https://id.analoggamemuseum.org/api/media/19409>,<http://omeka.org/s/vocabs/o#id>,,"""19409""^^<http://www.w3.org/2001/XMLSchema#integer>"
<https://id.analoggamemuseum.org/api/media/19410>,<http://omeka.org/s/vocabs/o#id>,,"""19410""^^<http://www.w3.org/2001/XMLSchema#integer>"
<https://id.analoggamemuseum.org/api/media/19411>,<http://omeka.org/s/vocabs/o#id>,,"""19411""^^<http://www.w3.org/2001/XMLSchema#integer>"
<https://id.analoggamemuseum.org/api/media/19412>,<http://omeka.org/s/vocabs/o#id>,,"""19412""^^<http://www.w3.org/2001/XMLSchema#integer>"
<https://id.analoggamemuseum.org/api/media/19413>,<http://omeka.org/s/vocabs/o#id>,,"""19413""^^<http://www.w3.org/2001/XMLSchema#integer>"
<https://id.analoggamemuseum.org/api/media/19414>,<http://omeka.org/s/vocabs/o#id>,,"""19414""^^<http://www.w3.org/2001/XMLSchema#integer>"
<https://id.analoggamemuseum.org/api/media/19415>,<http://omeka.org/s/vocabs/o#id>,,"""19415""^^<http://www.w3.org/2001/XMLSchema#integer>"
<https://id.analoggamemuseum.org/api/media/19416>,<http://omeka.org/s/vocabs/o#id>,,"""19416""^^<http://www.w3.org/2001/XMLSchema#integer>"
<https://id.analoggamemuseum.org/api/media/19417>,<http://omeka.org/s/vocabs/o#id>,,"""19417""^^<http://www.w3.org/2001/XMLSchema#integer>"
<https://id.analoggamemuseum.org/api/media/19418>,<http://omeka.org/s/vocabs/o#id>,,"""19418""^^<http://www.w3.org/2001/XMLSchema#integer>"
<https://id.analoggamemuseum.org/api/media/19419>,<http://omeka.org/s/vocabs/o#id>,,"""19419""^^<http://www.w3.org/2001/XMLSchema#integer>"
<https://id.analoggamemuseum.org/api/media/19420>,<http://omeka.org/s/vocabs/o#id>,,"""19420""^^<http://www.w3.org/2001/XMLSchema#integer>"
<https://id.analoggamemuseum.org/api/media/19421>,<http://omeka.org/s/vocabs/o#id>,,"""19421""^^<http://www.w3.org/2001/XMLSchema#integer>"
<https://id.analoggamemuseum.org/api/media/19422>,<http://omeka.org/s/vocabs/o#id>,,"""19422""^^<http://www.w3.org/2001/XMLSchema#integer>"
<https://id.analoggamemuseum.org/api/media/19423>,<http://omeka.org/s/vocabs/o#id>,,"""19423""^^<http://www.w3.org/2001/XMLSchema#integer>"
<https://id.analoggamemuseum.org/api/media/19424>,<http://omeka.org/s/vocabs/o#id>,,"""19424""^^<http://www.w3.org/2001/XMLSchema#integer>"
<https://id.analoggamemuseum.org/api/media/19425>,<http://omeka.org/s/vocabs/o#id>,,"""19425""^^<http://www.w3.org/2001/XMLSchema#integer>"
<https://id.analoggamemuseum.org/api/media/19426>,<http://omeka.org/s/vocabs/o#id>,,"""19426""^^<http://www.w3.org/2001/XMLSchema#integer>"
<https://id.analoggamemuseum.org/api/media/19427>,<http://omeka.org/s/vocabs/o#id>,,"""19427""^^<http://www.w3.org/2001/XMLSchema#integer>"
<https://id.analoggamemuseum.org/api/media/19428>,<http://omeka.org/s/vocabs/o#id>,,"""19428""^^<http://www.w3.org/2001/XMLSchema#integer>"
<https://id.analoggamemuseum.org/api/media/19429>,<http://omeka.org/s/vocabs/o#id>,,"""19429""^^<http://www.w3.org/2001/XMLSchema#integer>"
<https://id.analoggamemuseum.org/api/media/19430>,<http://omeka.org/s/vocabs/o#id>,,"""19430""^^<http://www.w3.org/2001/XMLSchema#integer>"
<https://id.analoggamemuseum.org/api/media/19431>,<http://omeka.org/s/vocabs/o#id>,,"""19431""^^<http://www.w3.org/2001/XMLSchema#integer>"
<https://id.analoggamemuseum.org/api/media/19432>,<http://omeka.org/s/vocabs/o#id>,,"""19432""^^<http://www.w3.org/2001/XMLSchema#integer>"
<https://id.analoggamemuseum.org/api/media/19433>,<http://omeka.org/s/vocabs/o#id>,,"""19433""^^<http://www.w3.org/2001/XMLSchema#integer>"
<https://id.analoggamemuseum.org/api/media/19434>,<http://omeka.org/s/vocabs/o#id>,,"""19434""^^<http://www.w3.org/2001/XMLSchema#integer>"
<https://id.analoggamemuseum.org/api/media/19435>,<http://omeka.org/s/vocabs/o#id>,,"""19435""^^<http://www.w3.org/2001/XMLSchema#integer>"
<https://id.analoggamemuseum.org/api/media/19436>,<http://omeka.org/s/vocabs/o#id>,,"""19436""^^<http://www.w3.org/2001/XMLSchema#integer>"
<https://id.analoggamemuseum.org/api/media/19437>,<http://omeka.org/s/vocabs/o#id>,,"""19437""^^<http://www.w3.org/2001/XMLSchema#integer>"
<https://id.analoggamemuseum.org/api/media/19438>,<http://omeka.org/s/vocabs/o#id>,,"""19438""^^<http://www.w3.org/2001/XMLSchema#integer>"
<https://id.analoggamemuseum.org/api/media/19439>,<http://omeka.org/s/vocabs/o#id>,,"""19439""^^<http://www.w3.org/2001/XMLSchema#integer>"
<https://id.analoggamemuseum.org/api/media/19440>,<http://omeka.org/s/vocabs/o#id>,,"""19440""^^<http://www.w3.org/2001/XMLSchema#integer>"
<https://id.analoggamemuseum.org/api/media/19441>,<http://omeka.org/s/vocabs/o#id>,,"""19441""^^<http://www.w3.org/2001/XMLSchema#integer>"
<https://id.analoggamemuseum.org/api/media/19442>,<http://omeka.org/s/vocabs/o#id>,,"""19442""^^<http://www.w3.org/2001/XMLSchema#integer>"
<https://id.analoggamemuseum.org/api/media/19443>,<http://omeka.org/s/vocabs/o#id>,,"""19443""^^<http://www.w3.org/2001/XMLSchema#integer>"
<https://id.analoggamemuseum.org/api/media/19444>,<http://omeka.org/s/vocabs/o#id>,,"""19444""^^<http://www.w3.org/2001/XMLSchema#integer>"
<https://id.analoggamemuseum.org/api/media/19445>,<http://omeka.org/s/vocabs/o#id>,,"""19445""^^<http://www.w3.org/2001/XMLSchema#integer>"
<https://id.analoggamemuseum.org/api/media/19446>,<http://omeka.org/s/vocabs/o#id>,,"""19446""^^<http://www.w3.org/2001/XMLSchema#integer>"
<https://id.analoggamemuseum.org/api/media/19447>,<http://omeka.org/s/vocabs/o#id>,,"""19447""^^<http://www.w3.org/2001/XMLSchema#integer>"
<https://id.analoggamemuseum.org/api/media/19448>,<http://omeka.org/s/vocabs/o#id>,,"""19448""^^<http://www.w3.org/2001/XMLSchema#integer>"
<https://id.analoggamemuseum.org/api/media/19449>,<http://omeka.org/s/vocabs/o#id>,,"""19449""^^<http://www.w3.org/2001/XMLSchema#integer>"
<https://id.analoggamemuseum.org/api/media/19450>,<http://omeka.org/s/vocabs/o#id>,,"""19450""^^<http://www.w3.org/2001/XMLSchema#integer>"
<https://id.analoggamemuseum.org/api/media/19451>,<http://omeka.org/s/vocabs/o#id>,,"""19451""^^<http://www.w3.org/2001/XMLSchema#integer>"
<https://id.analoggamemuseum.org/api/media/19452>,<http://omeka.org/s/vocabs/o#id>,,"""19452""^^<http://www.w3.org/2001/XMLSchema#integer>"
<https://id.analoggamemuseum.org/api/media/19453>,<http://omeka.org/s/vocabs/o#id>,,"""19453""^^<http://www.w3.org/2001/XMLSchema#integer>"
<https://id.analoggamemuseum.org/api/media/19454>,<http://omeka.org/s/vocabs/o#id>,,"""19454""^^<http://www.w3.org/2001/XMLSchema#integer>"
<https://id.analoggamemuseum.org/api/media/19455>,<http://omeka.org/s/vocabs/o#id>,,"""19455""^^<http://www.w3.org/2001/XMLSchema#integer>"
<https://id.analoggamemuseum.org/api/media/19456>,<http://omeka.org/s/vocabs/o#id>,,"""19456""^^<http://www.w3.org/2001/XMLSchema#integer>"
<https://id.analoggamemuseum.org/api/media/19457>,<http://omeka.org/s/vocabs/o#id>,,"""19457""^^<http://www.w3.org/2001/XMLSchema#integer>"
<https://id.analoggamemuseum.org/api/media/19458>,<http://omeka.org/s/vocabs/o#id>,,"""19458""^^<http://www.w3.org/2001/XMLSchema#integer>"
<https://id.analoggamemuseum.org/api/media/19459>,<http://omeka.org/s/vocabs/o#id>,,"""19459""^^<http://www.w3.org/2001/XMLSchema#integer>"
<https://id.analoggamemuseum.org/api/media/19460>,<http://omeka.org/s/vocabs/o#id>,,"""19460""^^<http://www.w3.org/2001/XMLSchema#integer>"
<https://id.analoggamemuseum.org/api/media/19461>,<http://omeka.org/s/vocabs/o#id>,,"""19461""^^<http://www.w3.org/2001/XMLSchema#integer>"
<https://id.analoggamemuseum.org/api/media/19462>,<http://omeka.org/s/vocabs/o#id>,,"""19462""^^<http://www.w3.org/2001/XMLSchema#integer>"
<https://id.analoggamemuseum.org/api/media/19463>,<http://omeka.org/s/vocabs/o#id>,,"""19463""^^<http://www.w3.org/2001/XMLSchema#integer>"
<https://id.analoggamemuseum.org/api/media/19464>,<http://omeka.org/s/vocabs/o#id>,,"""19464""^^<http://www.w3.org/2001/XMLSchema#integer>"
<https://id.analoggamemuseum.org/api/media/19465>,<http://omeka.org/s/vocabs/o#id>,,"""19465""^^<http://www.w3.org/2001/XMLSchema#integer>"
<https://id.analoggamemuseum.org/api/media/19466>,<http://omeka.org/s/vocabs/o#id>,,"""19466""^^<http://www.w3.org/2001/XMLSchema#integer>"
<https://id.analoggamemuseum.org/api/media/19467>,<http://omeka.org/s/vocabs/o#id>,,"""19467""^^<http://www.w3.org/2001/XMLSchema#integer>"
<https://id.analoggamemuseum.org/api/media/19468>,<http://omeka.org/s/vocabs/o#id>,,"""19468""^^<http://www.w3.org/2001/XMLSchema#integer>"
<https://id.analoggamemuseum.org/api/media/19469>,<http://omeka.org/s/vocabs/o#id>,,"""19469""^^<http://www.w3.org/2001/XMLSchema#integer>"
<https://id.analoggamemuseum.org/api/media/19470>,<http://omeka.org/s/vocabs/o#id>,,"""19470""^^<http://www.w3.org/2001/XMLSchema#integer>"
<https://id.analoggamemuseum.org/api/media/19471>,<http://omeka.org/s/vocabs/o#id>,,"""19471""^^<http://www.w3.org/2001/XMLSchema#integer>"
<https://id.analoggamemuseum.org/api/media/19472>,<http://omeka.org/s/vocabs/o#id>,,"""19472""^^<http://www.w3.org/2001/XMLSchema#integer>"
<https://id.analoggamemuseum.org/api/media/19473>,<http://omeka.org/s/vocabs/o#id>,,"""19473""^^<http://www.w3.org/2001/XMLSchema#integer>"
<https://id.analoggamemuseum.org/api/media/19474>,<http://omeka.org/s/vocabs/o#id>,,"""19474""^^<http://www.w3.org/2001/XMLSchema#integer>"
<https://id.analoggamemuseum.org/api/media/19475>,<http://omeka.org/s/vocabs/o#id>,,"""19475""^^<http://www.w3.org/2001/XMLSchema#integer>"
<https://id.analoggamemuseum.org/api/media/19476>,<http://omeka.org/s/vocabs/o#id>,,"""19476""^^<http://www.w3.org/2001/XMLSchema#integer>"
<https://id.analoggamemuseum.org/api/media/19477>,<http://omeka.org/s/vocabs/o#id>,,"""19477""^^<http://www.w3.org/2001/XMLSchema#integer>"
<https://id.analoggamemuseum.org/api/media/19478>,<http://omeka.org/s/vocabs/o#id>,,"""19478""^^<http://www.w3.org/2001/XMLSchema#integer>"
<https://id.analoggamemuseum.org/api/media/19479>,<http://omeka.org/s/vocabs/o#id>,,"""19479""^^<http://www.w3.org/2001/XMLSchema#integer>"
<https://id.analoggamemuseum.org/api/media/19480>,<http://omeka.org/s/vocabs/o#id>,,"""19480""^^<http://www.w3.org/2001/XMLSchema#integer>"
<https://id.analoggamemuseum.org/api/media/19481>,<http://omeka.org/s/vocabs/o#id>,,"""19481""^^<http://www.w3.org/2001/XMLSchema#integer>"
<https://id.analoggamemuseum.org/api/media/19482>,<http://omeka.org/s/vocabs/o#id>,,"""19482""^^<http://www.w3.org/2001/XMLSchema#integer>"
<https://id.analoggamemuseum.org/api/media/19483>,<http://omeka.org/s/vocabs/o#id>,,"""19483""^^<http://www.w3.org/2001/XMLSchema#integer>"
<https://id.analoggamemuseum.org/api/media/19484>,<http://omeka.org/s/vocabs/o#id>,,"""19484""^^<http://www.w3.org/2001/XMLSchema#integer>"
<https://id.analoggamemuseum.org/api/media/19485>,<http://omeka.org/s/vocabs/o#id>,,"""19485""^^<http://www.w3.org/2001/XMLSchema#integer>"
<https://id.analoggamemuseum.org/api/media/19486>,<http://omeka.org/s/vocabs/o#id>,,"""19486""^^<http://www.w3.org/2001/XMLSchema#integer>"
<https://id.analoggamemuseum.org/api/media/19487>,<http://omeka.org/s/vocabs/o#id>,,"""19487""^^<http://www.w3.org/2001/XMLSchema#integer>"
<https://id.analoggamemuseum.org/api/media/19488>,<http://omeka.org/s/vocabs/o#id>,,"""19488""^^<http://www.w3.org/2001/XMLSchema#integer>"
<https://id.analoggamemuseum.org/api/media/19489>,<http://omeka.org/s/vocabs/o#id>,,"""19489""^^<http://www.w3.org/2001/XMLSchema#integer>"
<https://id.analoggamemuseum.org/api/media/19490>,<http://omeka.org/s/vocabs/o#id>,,"""19490""^^<http://www.w3.org/2001/XMLSchema#integer>"
<https://id.analoggamemuseum.org/api/media/19491>,<http://omeka.org/s/vocabs/o#id>,,"""19491""^^<http://www.w3.org/2001/XMLSchema#integer>"
<https://id.analoggamemuseum.org/api/media/19492>,<http://omeka.org/s/vocabs/o#id>,,"""19492""^^<http://www.w3.org/2001/XMLSchema#integer>"
<https://id.analoggamemuseum.org/api/media/19493>,<http://omeka.org/s/vocabs/o#id>,,"""19493""^^<http://www.w3.org/2001/XMLSchema#integer>"
<https://id.analoggamemuseum.org/api/media/19494>,<http://omeka.org/s/vocabs/o#id>,,"""19494""^^<http://www.w3.org/2001/XMLSchema#integer>"
<https://id.analoggamemuseum.org/api/media/19495>,<http://omeka.org/s/vocabs/o#id>,,"""19495""^^<http://www.w3.org/2001/XMLSchema#integer>"
<https://id.analoggamemuseum.org/api/media/19496>,<http://omeka.org/s/vocabs/o#id>,,"""19496""^^<http://www.w3.org/2001/XMLSchema#integer>"
<https://id.analoggamemuseum.org/api/media/19497>,<http://omeka.org/s/vocabs/o#id>,,"""19497""^^<http://www.w3.org/2001/XMLSchema#integer>"
<https://id.analoggamemuseum.org/api/media/19498>,<http://omeka.org/s/vocabs/o#id>,,"""19498""^^<http://www.w3.org/2001/XMLSchema#integer>"
<https://id.analoggamemuseum.org/api/media/19499>,<http://omeka.org/s/vocabs/o#id>,,"""19499""^^<http://www.w3.org/2001/XMLSchema#integer>"
<https://id.analoggamemuseum.org/api/media/19500>,<http://omeka.org/s/vocabs/o#id>,,"""19500""^^<http://www.w3.org/2001/XMLSchema#integer>"
<https://id.analoggamemuseum.org/api/media/19501>,<http://omeka.org/s/vocabs/o#id>,,"""19501""^^<http://www.w3.org/2001/XMLSchema#integer>"
<https://id.analoggamemuseum.org/api/media/19502>,<http://omeka.org/s/vocabs/o#id>,,"""19502""^^<http://www.w3.org/2001/XMLSchema#integer>"
<https://id.analoggamemuseum.org/api/media/19503>,<http://omeka.org/s/vocabs/o#id>,,"""19503""^^<http://www.w3.org/2001/XMLSchema#integer>"
<https://id.analoggamemuseum.org/api/media/19504>,<http://omeka.org/s/vocabs/o#id>,,"""19504""^^<http://www.w3.org/2001/XMLSchema#integer>"
<https://id.analoggamemuseum.org/api/media/19505>,<http://omeka.org/s/vocabs/o#id>,,"""19505""^^<http://www.w3.org/2001/XMLSchema#integer>"
<https://id.analoggamemuseum.org/api/media/19506>,<http://omeka.org/s/vocabs/o#id>,,"""19506""^^<http://www.w3.org/2001/XMLSchema#integer>"
<https://id.analoggamemuseum.org/api/media/19507>,<http://omeka.org/s/vocabs/o#id>,,"""19507""^^<http://www.w3.org/2001/XMLSchema#integer>"
<https://id.analoggamemuseum.org/api/media/19508>,<http://omeka.org/s/vocabs/o#id>,,"""19508""^^<http://www.w3.org/2001/XMLSchema#integer>"
<https://id.analoggamemuseum.org/api/media/19509>,<http://omeka.org/s/vocabs/o#id>,,"""19509""^^<http://www.w3.org/2001/XMLSchema#integer>"
<https://id.analoggamemuseum.org/api/media/19510>,<http://omeka.org/s/vocabs/o#id>,,"""19510""^^<http://www.w3.org/2001/XMLSchema#integer>"
<https://id.analoggamemuseum.org/api/media/19511>,<http://omeka.org/s/vocabs/o#id>,,"""19511""^^<http://www.w3.org/2001/XMLSchema#integer>"
<https://id.analoggamemuseum.org/api/media/19512>,<http://omeka.org/s/vocabs/o#id>,,"""19512""^^<http://www.w3.org/2001/XMLSchema#integer>"
<https://id.analoggamemuseum.org/api/media/19513>,<http://omeka.org/s/vocabs/o#id>,,"""19513""^^<http://www.w3.org/2001/XMLSchema#integer>"
<https://id.analoggamemuseum.org/api/media/19514>,<http://omeka.org/s/vocabs/o#id>,,"""19514""^^<http://www.w3.org/2001/XMLSchema#integer>"
<https://id.analoggamemuseum.org/api/media/19515>,<http://omeka.org/s/vocabs/o#id>,,"""19515""^^<http://www.w3.org/2001/XMLSchema#integer>"
<https://id.analoggamemuseum.org/api/media/19516>,<http://omeka.org/s/vocabs/o#id>,,"""19516""^^<http://www.w3.org/2001/XMLSchema#integer>"
<https://id.analoggamemuseum.org/api/media/19517>,<http://omeka.org/s/vocabs/o#id>,,"""19517""^^<http://www.w3.org/2001/XMLSchema#integer>"
<https://id.analoggamemuseum.org/api/media/19518>,<http://omeka.org/s/vocabs/o#id>,,"""19518""^^<http://www.w3.org/2001/XMLSchema#integer>"
<https://id.analoggamemuseum.org/api/media/19519>,<http://omeka.org/s/vocabs/o#id>,,"""19519""^^<http://www.w3.org/2001/XMLSchema#integer>"
<https://id.analoggamemuseum.org/api/media/19520>,<http://omeka.org/s/vocabs/o#id>,,"""19520""^^<http://www.w3.org/2001/XMLSchema#integer>"
<https://id.analoggamemuseum.org/api/media/19521>,<http://omeka.org/s/vocabs/o#id>,,"""19521""^^<http://www.w3.org/2001/XMLSchema#integer>"
<https://id.analoggamemuseum.org/api/media/19522>,<http://omeka.org/s/vocabs/o#id>,,"""19522""^^<http://www.w3.org/2001/XMLSchema#integer>"
<https://id.analoggamemuseum.org/api/media/19523>,<http://omeka.org/s/vocabs/o#id>,,"""19523""^^<http://www.w3.org/2001/XMLSchema#integer>"
<https://id.analoggamemuseum.org/api/media/19524>,<http://omeka.org/s/vocabs/o#id>,,"""19524""^^<http://www.w3.org/2001/XMLSchema#integer>"
<https://id.analoggamemuseum.org/api/media/19525>,<http://omeka.org/s/vocabs/o#id>,,"""19525""^^<http://www.w3.org/2001/XMLSchema#integer>"
<https://id.analoggamemuseum.org/api/media/19526>,<http://omeka.org/s/vocabs/o#id>,,"""19526""^^<http://www.w3.org/2001/XMLSchema#integer>"
<https://id.analoggamemuseum.org/api/media/19527>,<http://omeka.org/s/vocabs/o#id>,,"""19527""^^<http://www.w3.org/2001/XMLSchema#integer>"
<https://id.analoggamemuseum.org/api/media/19528>,<http://omeka.org/s/vocabs/o#id>,,"""19528""^^<http://www.w3.org/2001/XMLSchema#integer>"
<https://id.analoggamemuseum.org/api/media/19529>,<http://omeka.org/s/vocabs/o#id>,,"""19529""^^<http://www.w3.org/2001/XMLSchema#integer>"
<https://id.analoggamemuseum.org/api/media/19530>,<http://omeka.org/s/vocabs/o#id>,,"""19530""^^<http://www.w3.org/2001/XMLSchema#integer>"
<https://id.analoggamemuseum.org/api/media/19531>,<http://omeka.org/s/vocabs/o#id>,,"""19531""^^<http://www.w3.org/2001/XMLSchema#integer>"
<https://id.analoggamemuseum.org/api/media/19532>,<http://omeka.org/s/vocabs/o#id>,,"""19532""^^<http://www.w3.org/2001/XMLSchema#integer>"
<https://id.analoggamemuseum.org/api/media/19533>,<http://omeka.org/s/vocabs/o#id>,,"""19533""^^<http://www.w3.org/2001/XMLSchema#integer>"
<https://id.analoggamemuseum.org/api/media/19534>,<http://omeka.org/s/vocabs/o#id>,,"""19534""^^<http://www.w3.org/2001/XMLSchema#integer>"
<https://id.analoggamemuseum.org/api/media/19535>,<http://omeka.org/s/vocabs/o#id>,,"""19535""^^<http://www.w3.org/2001/XMLSchema#integer>"
<https://id.analoggamemuseum.org/api/media/19536>,<http://omeka.org/s/vocabs/o#id>,,"""19536""^^<http://www.w3.org/2001/XMLSchema#integer>"
<https://id.analoggamemuseum.org/api/media/19537>,<http://omeka.org/s/vocabs/o#id>,,"""19537""^^<http://www.w3.org/2001/XMLSchema#integer>"
<https://id.analoggamemuseum.org/api/media/19538>,<http://omeka.org/s/vocabs/o#id>,,"""19538""^^<http://www.w3.org/2001/XMLSchema#integer>"
<https://id.analoggamemuseum.org/api/media/19539>,<http://omeka.org/s/vocabs/o#id>,,"""19539""^^<http://www.w3.org/2001/XMLSchema#integer>"
<https://id.analoggamemuseum.org/api/media/19540>,<http://omeka.org/s/vocabs/o#id>,,"""19540""^^<http://www.w3.org/2001/XMLSchema#integer>"
<https://id.analoggamemuseum.org/api/media/19541>,<http://omeka.org/s/vocabs/o#id>,,"""19541""^^<http://www.w3.org/2001/XMLSchema#integer>"
<https://id.analoggamemuseum.org/api/media/19542>,<http://omeka.org/s/vocabs/o#id>,,"""19542""^^<http://www.w3.org/2001/XMLSchema#integer>"
<https://id.analoggamemuseum.org/api/media/19543>,<http://omeka.org/s/vocabs/o#id>,,"""19543""^^<http://www.w3.org/2001/XMLSchema#integer>"
<https://id.analoggamemuseum.org/api/media/19544>,<http://omeka.org/s/vocabs/o#id>,,"""19544""^^<http://www.w3.org/2001/XMLSchema#integer>"
<https://id.analoggamemuseum.org/api/media/19545>,<http://omeka.org/s/vocabs/o#id>,,"""19545""^^<http://www.w3.org/2001/XMLSchema#integer>"
<https://id.analoggamemuseum.org/api/media/19546>,<http://omeka.org/s/vocabs/o#id>,,"""19546""^^<http://www.w3.org/2001/XMLSchema#integer>"
<https://id.analoggamemuseum.org/api/media/19547>,<http://omeka.org/s/vocabs/o#id>,,"""19547""^^<http://www.w3.org/2001/XMLSchema#integer>"
<https://id.analoggamemuseum.org/api/media/19548>,<http://omeka.org/s/vocabs/o#id>,,"""19548""^^<http://www.w3.org/2001/XMLSchema#integer>"
<https://id.analoggamemuseum.org/api/media/19549>,<http://omeka.org/s/vocabs/o#id>,,"""19549""^^<http://www.w3.org/2001/XMLSchema#integer>"
<https://id.analoggamemuseum.org/api/media/19550>,<http://omeka.org/s/vocabs/o#id>,,"""19550""^^<http://www.w3.org/2001/XMLSchema#integer>"
<https://id.analoggamemuseum.org/api/media/19551>,<http://omeka.org/s/vocabs/o#id>,,"""19551""^^<http://www.w3.org/2001/XMLSchema#integer>"
<https://id.analoggamemuseum.org/api/media/19552>,<http://omeka.org/s/vocabs/o#id>,,"""19552""^^<http://www.w3.org/2001/XMLSchema#integer>"
<https://id.analoggamemuseum.org/api/media/19553>,<http://omeka.org/s/vocabs/o#id>,,"""19553""^^<http://www.w3.org/2001/XMLSchema#integer>"
<https://id.analoggamemuseum.org/api/media/19554>,<http://omeka.org/s/vocabs/o#id>,,"""19554""^^<http://www.w3.org/2001/XMLSchema#integer>"
<https://id.analoggamemuseum.org/api/media/19555>,<http://omeka.org/s/vocabs/o#id>,,"""19555""^^<http://www.w3.org/2001/XMLSchema#integer>"
<https://id.analoggamemuseum.org/api/media/19556>,<http://omeka.org/s/vocabs/o#id>,,"""19556""^^<http://www.w3.org/2001/XMLSchema#integer>"
<https://id.analoggamemuseum.org/api/media/19557>,<http://omeka.org/s/vocabs/o#id>,,"""19557""^^<http://www.w3.org/2001/XMLSchema#integer>"
<https://id.analoggamemuseum.org/api/media/19558>,<http://omeka.org/s/vocabs/o#id>,,"""19558""^^<http://www.w3.org/2001/XMLSchema#integer>"
<https://id.analoggamemuseum.org/api/media/19559>,<http://omeka.org/s/vocabs/o#id>,,"""19559""^^<http://www.w3.org/2001/XMLSchema#integer>"
<https://id.analoggamemuseum.org/api/media/19560>,<http://omeka.org/s/vocabs/o#id>,,"""19560""^^<http://www.w3.org/2001/XMLSchema#integer>"
<https://id.analoggamemuseum.org/api/media/19561>,<http://omeka.org/s/vocabs/o#id>,,"""19561""^^<http://www.w3.org/2001/XMLSchema#integer>"
<https://id.analoggamemuseum.org/api/media/19562>,<http://omeka.org/s/vocabs/o#id>,,"""19562""^^<http://www.w3.org/2001/XMLSchema#integer>"
<https://id.analoggamemuseum.org/api/media/19563>,<http://omeka.org/s/vocabs/o#id>,,"""19563""^^<http://www.w3.org/2001/XMLSchema#integer>"
<https://id.analoggamemuseum.org/api/media/19564>,<http://omeka.org/s/vocabs/o#id>,,"""19564""^^<http://www.w3.org/2001/XMLSchema#integer>"
<https://id.analoggamemuseum.org/api/media/19565>,<http://omeka.org/s/vocabs/o#id>,,"""19565""^^<http://www.w3.org/2001/XMLSchema#integer>"
<https://id.analoggamemuseum.org/api/media/19566>,<http://omeka.org/s/vocabs/o#id>,,"""19566""^^<http://www.w3.org/2001/XMLSchema#integer>"
<https://id.analoggamemuseum.org/api/media/19567>,<http://omeka.org/s/vocabs/o#id>,,"""19567""^^<http://www.w3.org/2001/XMLSchema#integer>"
<https://id.analoggamemuseum.org/api/media/19568>,<http://omeka.org/s/vocabs/o#id>,,"""19568""^^<http://www.w3.org/2001/XMLSchema#integer>"
<https://id.analoggamemuseum.org/api/media/19569>,<http://omeka.org/s/vocabs/o#id>,,"""19569""^^<http://www.w3.org/2001/XMLSchema#integer>"
<https://id.analoggamemuseum.org/api/media/19570>,<http://omeka.org/s/vocabs/o#id>,,"""19570""^^<http://www.w3.org/2001/XMLSchema#integer>"
<https://id.analoggamemuseum.org/api/media/19571>,<http://omeka.org/s/vocabs/o#id>,,"""19571""^^<http://www.w3.org/2001/XMLSchema#integer>"
<https://id.analoggamemuseum.org/api/media/19572>,<http://omeka.org/s/vocabs/o#id>,,"""19572""^^<http://www.w3.org/2001/XMLSchema#integer>"
<https://id.analoggamemuseum.org/api/media/19573>,<http://omeka.org/s/vocabs/o#id>,,"""19573""^^<http://www.w3.org/2001/XMLSchema#integer>"
<https://id.analoggamemuseum.org/api/media/19574>,<http://omeka.org/s/vocabs/o#id>,,"""19574""^^<http://www.w3.org/2001/XMLSchema#integer>"
<https://id.analoggamemuseum.org/api/media/19575>,<http://omeka.org/s/vocabs/o#id>,,"""19575""^^<http://www.w3.org/2001/XMLSchema#integer>"
<https://id.analoggamemuseum.org/api/media/19576>,<http://omeka.org/s/vocabs/o#id>,,"""19576""^^<http://www.w3.org/2001/XMLSchema#integer>"
<https://id.analoggamemuseum.org/api/media/19577>,<http://omeka.org/s/vocabs/o#id>,,"""19577""^^<http://www.w3.org/2001/XMLSchema#integer>"
<https://id.analoggamemuseum.org/api/media/19578>,<http://omeka.org/s/vocabs/o#id>,,"""19578""^^<http://www.w3.org/2001/XMLSchema#integer>"
<https://id.analoggamemuseum.org/api/media/19579>,<http://omeka.org/s/vocabs/o#id>,,"""19579""^^<http://www.w3.org/2001/XMLSchema#integer>"
<https://id.analoggamemuseum.org/api/media/19580>,<http://omeka.org/s/vocabs/o#id>,,"""19580""^^<http://www.w3.org/2001/XMLSchema#integer>"
<https://id.analoggamemuseum.org/api/media/19581>,<http://omeka.org/s/vocabs/o#id>,,"""19581""^^<http://www.w3.org/2001/XMLSchema#integer>"
<https://id.analoggamemuseum.org/api/media/19582>,<http://omeka.org/s/vocabs/o#id>,,"""19582""^^<http://www.w3.org/2001/XMLSchema#integer>"
<https://id.analoggamemuseum.org/api/media/19583>,<http://omeka.org/s/vocabs/o#id>,,"""19583""^^<http://www.w3.org/2001/XMLSchema#integer>"
<https://id.analoggamemuseum.org/api/media/19584>,<http://omeka.org/s/vocabs/o#id>,,"""19584""^^<http://www.w3.org/2001/XMLSchema#integer>"
<https://id.analoggamemuseum.org/api/media/19585>,<http://omeka.org/s/vocabs/o#id>,,"""19585""^^<http://www.w3.org/2001/XMLSchema#integer>"
<https://id.analoggamemuseum.org/api/media/19586>,<http://omeka.org/s/vocabs/o#id>,,"""19586""^^<http://www.w3.org/2001/XMLSchema#integer>"
<https://id.analoggamemuseum.org/api/media/19587>,<http://omeka.org/s/vocabs/o#id>,,"""19587""^^<http://www.w3.org/2001/XMLSchema#integer>"
<https://id.analoggamemuseum.org/api/media/19588>,<http://omeka.org/s/vocabs/o#id>,,"""19588""^^<http://www.w3.org/2001/XMLSchema#integer>"
<https://id.analoggamemuseum.org/api/media/19589>,<http://omeka.org/s/vocabs/o#id>,,"""19589""^^<http://www.w3.org/2001/XMLSchema#integer>"
<https://id.analoggamemuseum.org/api/media/19590>,<http://omeka.org/s/vocabs/o#id>,,"""19590""^^<http://www.w3.org/2001/XMLSchema#integer>"
<https://id.analoggamemuseum.org/api/media/19591>,<http://omeka.org/s/vocabs/o#id>,,"""19591""^^<http://www.w3.org/2001/XMLSchema#integer>"
<https://id.analoggamemuseum.org/api/media/19592>,<http://omeka.org/s/vocabs/o#id>,,"""19592""^^<http://www.w3.org/2001/XMLSchema#integer>"
<https://id.analoggamemuseum.org/api/media/19593>,<http://omeka.org/s/vocabs/o#id>,,"""19593""^^<http://www.w3.org/2001/XMLSchema#integer>"
<https://id.analoggamemuseum.org/api/media/19594>,<http://omeka.org/s/vocabs/o#id>,,"""19594""^^<http://www.w3.org/2001/XMLSchema#integer>"
<https://id.analoggamemuseum.org/api/media/19595>,<http://omeka.org/s/vocabs/o#id>,,"""19595""^^<http://www.w3.org/2001/XMLSchema#integer>"
<https://id.analoggamemuseum.org/api/media/19596>,<http://omeka.org/s/vocabs/o#id>,,"""19596""^^<http://www.w3.org/2001/XMLSchema#integer>"
<https://id.analoggamemuseum.org/api/media/19597>,<http://omeka.org/s/vocabs/o#id>,,"""19597""^^<http://www.w3.org/2001/XMLSchema#integer>"
<https://id.analoggamemuseum.org/api/media/19598>,<http://omeka.org/s/vocabs/o#id>,,"""19598""^^<http://www.w3.org/2001/XMLSchema#integer>"
<https://id.analoggamemuseum.org/api/media/19599>,<http://omeka.org/s/vocabs/o#id>,,"""19599""^^<http://www.w3.org/2001/XMLSchema#integer>"
<https://id.analoggamemuseum.org/api/media/19600>,<http://omeka.org/s/vocabs/o#id>,,"""19600""^^<http://www.w3.org/2001/XMLSchema#integer>"
<https://id.analoggamemuseum.org/api/media/19601>,<http://omeka.org/s/vocabs/o#id>,,"""19601""^^<http://www.w3.org/2001/XMLSchema#integer>"
<https://id.analoggamemuseum.org/api/media/19602>,<http://omeka.org/s/vocabs/o#id>,,"""19602""^^<http://www.w3.org/2001/XMLSchema#integer>"
<https://id.analoggamemuseum.org/api/media/19603>,<http://omeka.org/s/vocabs/o#id>,,"""19603""^^<http://www.w3.org/2001/XMLSchema#integer>"
<https://id.analoggamemuseum.org/api/media/19604>,<http://omeka.org/s/vocabs/o#id>,,"""19604""^^<http://www.w3.org/2001/XMLSchema#integer>"
<https://id.analoggamemuseum.org/api/media/19605>,<http://omeka.org/s/vocabs/o#id>,,"""19605""^^<http://www.w3.org/2001/XMLSchema#integer>"
<https://id.analoggamemuseum.org/api/media/19606>,<http://omeka.org/s/vocabs/o#id>,,"""19606""^^<http://www.w3.org/2001/XMLSchema#integer>"
<https://id.analoggamemuseum.org/api/media/19607>,<http://omeka.org/s/vocabs/o#id>,,"""19607""^^<http://www.w3.org/2001/XMLSchema#integer>"
<https://id.analoggamemuseum.org/api/media/19608>,<http://omeka.org/s/vocabs/o#id>,,"""19608""^^<http://www.w3.org/2001/XMLSchema#integer>"
<https://id.analoggamemuseum.org/api/media/19609>,<http://omeka.org/s/vocabs/o#id>,,"""19609""^^<http://www.w3.org/2001/XMLSchema#integer>"
<https://id.analoggamemuseum.org/api/media/19610>,<http://omeka.org/s/vocabs/o#id>,,"""19610""^^<http://www.w3.org/2001/XMLSchema#integer>"
<https://id.analoggamemuseum.org/api/media/19611>,<http://omeka.org/s/vocabs/o#id>,,"""19611""^^<http://www.w3.org/2001/XMLSchema#integer>"
<https://id.analoggamemuseum.org/api/media/19612>,<http://omeka.org/s/vocabs/o#id>,,"""19612""^^<http://www.w3.org/2001/XMLSchema#integer>"
<https://id.analoggamemuseum.org/api/media/19613>,<http://omeka.org/s/vocabs/o#id>,,"""19613""^^<http://www.w3.org/2001/XMLSchema#integer>"
<https://id.analoggamemuseum.org/api/media/19614>,<http://omeka.org/s/vocabs/o#id>,,"""19614""^^<http://www.w3.org/2001/XMLSchema#integer>"
<https://id.analoggamemuseum.org/api/media/19615>,<http://omeka.org/s/vocabs/o#id>,,"""19615""^^<http://www.w3.org/2001/XMLSchema#integer>"
<https://id.analoggamemuseum.org/api/media/19616>,<http://omeka.org/s/vocabs/o#id>,,"""19616""^^<http://www.w3.org/2001/XMLSchema#integer>"
<https://id.analoggamemuseum.org/api/media/19617>,<http://omeka.org/s/vocabs/o#id>,,"""19617""^^<http://www.w3.org/2001/XMLSchema#integer>"
<https://id.analoggamemuseum.org/api/media/19618>,<http://omeka.org/s/vocabs/o#id>,,"""19618""^^<http://www.w3.org/2001/XMLSchema#integer>"
<https://id.analoggamemuseum.org/api/media/19619>,<http://omeka.org/s/vocabs/o#id>,,"""19619""^^<http://www.w3.org/2001/XMLSchema#integer>"
<https://id.analoggamemuseum.org/api/media/19620>,<http://omeka.org/s/vocabs/o#id>,,"""19620""^^<http://www.w3.org/2001/XMLSchema#integer>"
<https://id.analoggamemuseum.org/api/media/19621>,<http://omeka.org/s/vocabs/o#id>,,"""19621""^^<http://www.w3.org/2001/XMLSchema#integer>"
<https://id.analoggamemuseum.org/api/media/19622>,<http://omeka.org/s/vocabs/o#id>,,"""19622""^^<http://www.w3.org/2001/XMLSchema#integer>"
<https://id.analoggamemuseum.org/api/media/19623>,<http://omeka.org/s/vocabs/o#id>,,"""19623""^^<http://www.w3.org/2001/XMLSchema#integer>"
<https://id.analoggamemuseum.org/api/media/19624>,<http://omeka.org/s/vocabs/o#id>,,"""19624""^^<http://www.w3.org/2001/XMLSchema#integer>"
<https://id.analoggamemuseum.org/api/media/19625>,<http://omeka.org/s/vocabs/o#id>,,"""19625""^^<http://www.w3.org/2001/XMLSchema#integer>"
<https://id.analoggamemuseum.org/api/media/19626>,<http://omeka.org/s/vocabs/o#id>,,"""19626""^^<http://www.w3.org/2001/XMLSchema#integer>"
<https://id.analoggamemuseum.org/api/media/19627>,<http://omeka.org/s/vocabs/o#id>,,"""19627""^^<http://www.w3.org/2001/XMLSchema#integer>"
<https://id.analoggamemuseum.org/api/media/19628>,<http://omeka.org/s/vocabs/o#id>,,"""19628""^^<http://www.w3.org/2001/XMLSchema#integer>"
<https://id.analoggamemuseum.org/api/media/19629>,<http://omeka.org/s/vocabs/o#id>,,"""19629""^^<http://www.w3.org/2001/XMLSchema#integer>"
<https://id.analoggamemuseum.org/api/media/19630>,<http://omeka.org/s/vocabs/o#id>,,"""19630""^^<http://www.w3.org/2001/XMLSchema#integer>"
<https://id.analoggamemuseum.org/api/media/19631>,<http://omeka.org/s/vocabs/o#id>,,"""19631""^^<http://www.w3.org/2001/XMLSchema#integer>"
<https://id.analoggamemuseum.org/api/media/19632>,<http://omeka.org/s/vocabs/o#id>,,"""19632""^^<http://www.w3.org/2001/XMLSchema#integer>"
<https://id.analoggamemuseum.org/api/media/19633>,<http://omeka.org/s/vocabs/o#id>,,"""19633""^^<http://www.w3.org/2001/XMLSchema#integer>"
<https://id.analoggamemuseum.org/api/media/19634>,<http://omeka.org/s/vocabs/o#id>,,"""19634""^^<http://www.w3.org/2001/XMLSchema#integer>"
<https://id.analoggamemuseum.org/api/media/19635>,<http://omeka.org/s/vocabs/o#id>,,"""19635""^^<http://www.w3.org/2001/XMLSchema#integer>"
<https://id.analoggamemuseum.org/api/media/19636>,<http://omeka.org/s/vocabs/o#id>,,"""19636""^^<http://www.w3.org/2001/XMLSchema#integer>"
<https://id.analoggamemuseum.org/api/media/19637>,<http://omeka.org/s/vocabs/o#id>,,"""19637""^^<http://www.w3.org/2001/XMLSchema#integer>"
<https://id.analoggamemuseum.org/api/media/19638>,<http://omeka.org/s/vocabs/o#id>,,"""19638""^^<http://www.w3.org/2001/XMLSchema#integer>"
<https://id.analoggamemuseum.org/api/media/19639>,<http://omeka.org/s/vocabs/o#id>,,"""19639""^^<http://www.w3.org/2001/XMLSchema#integer>"
<https://id.analoggamemuseum.org/api/media/19640>,<http://omeka.org/s/vocabs/o#id>,,"""19640""^^<http://www.w3.org/2001/XMLSchema#integer>"
<https://id.analoggamemuseum.org/api/media/19641>,<http://omeka.org/s/vocabs/o#id>,,"""19641""^^<http://www.w3.org/2001/XMLSchema#integer>"
<https://id.analoggamemuseum.org/api/media/19642>,<http://omeka.org/s/vocabs/o#id>,,"""19642""^^<http://www.w3.org/2001/XMLSchema#integer>"
<https://id.analoggamemuseum.org/api/media/19643>,<http://omeka.org/s/vocabs/o#id>,,"""19643""^^<http://www.w3.org/2001/XMLSchema#integer>"
<https://id.analoggamemuseum.org/api/media/19644>,<http://omeka.org/s/vocabs/o#id>,,"""19644""^^<http://www.w3.org/2001/XMLSchema#integer>"
<https://id.analoggamemuseum.org/api/media/19645>,<http://omeka.org/s/vocabs/o#id>,,"""19645""^^<http://www.w3.org/2001/XMLSchema#integer>"
<https://id.analoggamemuseum.org/api/media/19646>,<http://omeka.org/s/vocabs/o#id>,,"""19646""^^<http://www.w3.org/2001/XMLSchema#integer>"
<https://id.analoggamemuseum.org/api/media/19647>,<http://omeka.org/s/vocabs/o#id>,,"""19647""^^<http://www.w3.org/2001/XMLSchema#integer>"
<https://id.analoggamemuseum.org/api/media/19648>,<http://omeka.org/s/vocabs/o#id>,,"""19648""^^<http://www.w3.org/2001/XMLSchema#integer>"
<https://id.analoggamemuseum.org/api/media/19649>,<http://omeka.org/s/vocabs/o#id>,,"""19649""^^<http://www.w3.org/2001/XMLSchema#integer>"
<https://id.analoggamemuseum.org/api/media/19650>,<http://omeka.org/s/vocabs/o#id>,,"""19650""^^<http://www.w3.org/2001/XMLSchema#integer>"
<https://id.analoggamemuseum.org/api/media/19651>,<http://omeka.org/s/vocabs/o#id>,,"""19651""^^<http://www.w3.org/2001/XMLSchema#integer>"
<https://id.analoggamemuseum.org/api/media/19652>,<http://omeka.org/s/vocabs/o#id>,,"""19652""^^<http://www.w3.org/2001/XMLSchema#integer>"
<https://id.analoggamemuseum.org/api/media/19653>,<http://omeka.org/s/vocabs/o#id>,,"""19653""^^<http://www.w3.org/2001/XMLSchema#integer>"
<https://id.analoggamemuseum.org/api/media/19654>,<http://omeka.org/s/vocabs/o#id>,,"""19654""^^<http://www.w3.org/2001/XMLSchema#integer>"
<https://id.analoggamemuseum.org/api/media/19655>,<http://omeka.org/s/vocabs/o#id>,,"""19655""^^<http://www.w3.org/2001/XMLSchema#integer>"
<https://id.analoggamemuseum.org/api/media/19656>,<http://omeka.org/s/vocabs/o#id>,,"""19656""^^<http://www.w3.org/2001/XMLSchema#integer>"
<https://id.analoggamemuseum.org/api/media/19657>,<http://omeka.org/s/vocabs/o#id>,,"""19657""^^<http://www.w3.org/2001/XMLSchema#integer>"
<https://id.analoggamemuseum.org/api/media/19658>,<http://omeka.org/s/vocabs/o#id>,,"""19658""^^<http://www.w3.org/2001/XMLSchema#integer>"
<https://id.analoggamemuseum.org/api/media/19659>,<http://omeka.org/s/vocabs/o#id>,,"""19659""^^<http://www.w3.org/2001/XMLSchema#integer>"
<https://id.analoggamemuseum.org/api/media/19660>,<http://omeka.org/s/vocabs/o#id>,,"""19660""^^<http://www.w3.org/2001/XMLSchema#integer>"
<https://id.analoggamemuseum.org/api/media/19661>,<http://omeka.org/s/vocabs/o#id>,,"""19661""^^<http://www.w3.org/2001/XMLSchema#integer>"
<https://id.analoggamemuseum.org/api/media/19662>,<http://omeka.org/s/vocabs/o#id>,,"""19662""^^<http://www.w3.org/2001/XMLSchema#integer>"
<https://id.analoggamemuseum.org/api/media/19663>,<http://omeka.org/s/vocabs/o#id>,,"""19663""^^<http://www.w3.org/2001/XMLSchema#integer>"
<https://id.analoggamemuseum.org/api/media/19664>,<http://omeka.org/s/vocabs/o#id>,,"""19664""^^<http://www.w3.org/2001/XMLSchema#integer>"
<https://id.analoggamemuseum.org/api/media/19665>,<http://omeka.org/s/vocabs/o#id>,,"""19665""^^<http://www.w3.org/2001/XMLSchema#integer>"
<https://id.analoggamemuseum.org/api/media/19666>,<http://omeka.org/s/vocabs/o#id>,,"""19666""^^<http://www.w3.org/2001/XMLSchema#integer>"
<https://id.analoggamemuseum.org/api/media/19667>,<http://omeka.org/s/vocabs/o#id>,,"""19667""^^<http://www.w3.org/2001/XMLSchema#integer>"
<https://id.analoggamemuseum.org/api/media/19668>,<http://omeka.org/s/vocabs/o#id>,,"""19668""^^<http://www.w3.org/2001/XMLSchema#integer>"
<https://id.analoggamemuseum.org/api/media/19669>,<http://omeka.org/s/vocabs/o#id>,,"""19669""^^<http://www.w3.org/2001/XMLSchema#integer>"
<https://id.analoggamemuseum.org/api/media/19670>,<http://omeka.org/s/vocabs/o#id>,,"""19670""^^<http://www.w3.org/2001/XMLSchema#integer>"
<https://id.analoggamemuseum.org/api/media/19671>,<http://omeka.org/s/vocabs/o#id>,,"""19671""^^<http://www.w3.org/2001/XMLSchema#integer>"
<https://id.analoggamemuseum.org/api/media/19672>,<http://omeka.org/s/vocabs/o#id>,,"""19672""^^<http://www.w3.org/2001/XMLSchema#integer>"
<https://id.analoggamemuseum.org/api/media/19673>,<http://omeka.org/s/vocabs/o#id>,,"""19673""^^<http://www.w3.org/2001/XMLSchema#integer>"
<https://id.analoggamemuseum.org/api/media/19674>,<http://omeka.org/s/vocabs/o#id>,,"""19674""^^<http://www.w3.org/2001/XMLSchema#integer>"
<https://id.analoggamemuseum.org/api/media/19675>,<http://omeka.org/s/vocabs/o#id>,,"""19675""^^<http://www.w3.org/2001/XMLSchema#integer>"
<https://id.analoggamemuseum.org/api/media/19676>,<http://omeka.org/s/vocabs/o#id>,,"""19676""^^<http://www.w3.org/2001/XMLSchema#integer>"
<https://id.analoggamemuseum.org/api/media/19677>,<http://omeka.org/s/vocabs/o#id>,,"""19677""^^<http://www.w3.org/2001/XMLSchema#integer>"
<https://id.analoggamemuseum.org/api/media/19678>,<http://omeka.org/s/vocabs/o#id>,,"""19678""^^<http://www.w3.org/2001/XMLSchema#integer>"
<https://id.analoggamemuseum.org/api/media/19679>,<http://omeka.org/s/vocabs/o#id>,,"""19679""^^<http://www.w3.org/2001/XMLSchema#integer>"
<https://id.analoggamemuseum.org/api/media/19680>,<http://omeka.org/s/vocabs/o#id>,,"""19680""^^<http://www.w3.org/2001/XMLSchema#integer>"
<https://id.analoggamemuseum.org/api/media/19681>,<http://omeka.org/s/vocabs/o#id>,,"""19681""^^<http://www.w3.org/2001/XMLSchema#integer>"
<https://id.analoggamemuseum.org/api/media/19682>,<http://omeka.org/s/vocabs/o#id>,,"""19682""^^<http://www.w3.org/2001/XMLSchema#integer>"
<https://id.analoggamemuseum.org/api/media/19683>,<http://omeka.org/s/vocabs/o#id>,,"""19683""^^<http://www.w3.org/2001/XMLSchema#integer>"
<https://id.analoggamemuseum.org/api/media/19684>,<http://omeka.org/s/vocabs/o#id>,,"""19684""^^<http://www.w3.org/2001/XMLSchema#integer>"
<https://id.analoggamemuseum.org/api/media/19685>,<http://omeka.org/s/vocabs/o#id>,,"""19685""^^<http://www.w3.org/2001/XMLSchema#integer>"
<https://id.analoggamemuseum.org/api/media/19686>,<http://omeka.org/s/vocabs/o#id>,,"""19686""^^<http://www.w3.org/2001/XMLSchema#integer>"
<https://id.analoggamemuseum.org/api/media/19687>,<http://omeka.org/s/vocabs/o#id>,,"""19687""^^<http://www.w3.org/2001/XMLSchema#integer>"
<https://id.analoggamemuseum.org/api/media/19688>,<http://omeka.org/s/vocabs/o#id>,,"""19688""^^<http://www.w3.org/2001/XMLSchema#integer>"
<https://id.analoggamemuseum.org/api/media/19689>,<http://omeka.org/s/vocabs/o#id>,,"""19689""^^<http://www.w3.org/2001/XMLSchema#integer>"
<https://id.analoggamemuseum.org/api/media/19690>,<http://omeka.org/s/vocabs/o#id>,,"""19690""^^<http://www.w3.org/2001/XMLSchema#integer>"
<https://id.analoggamemuseum.org/api/media/19691>,<http://omeka.org/s/vocabs/o#id>,,"""19691""^^<http://www.w3.org/2001/XMLSchema#integer>"
<https://id.analoggamemuseum.org/api/media/19692>,<http://omeka.org/s/vocabs/o#id>,,"""19692""^^<http://www.w3.org/2001/XMLSchema#integer>"
<https://id.analoggamemuseum.org/api/media/19693>,<http://omeka.org/s/vocabs/o#id>,,"""19693""^^<http://www.w3.org/2001/XMLSchema#integer>"
<https://id.analoggamemuseum.org/api/media/19694>,<http://omeka.org/s/vocabs/o#id>,,"""19694""^^<http://www.w3.org/2001/XMLSchema#integer>"
<https://id.analoggamemuseum.org/api/media/19695>,<http://omeka.org/s/vocabs/o#id>,,"""19695""^^<http://www.w3.org/2001/XMLSchema#integer>"
<https://id.analoggamemuseum.org/api/media/19696>,<http://omeka.org/s/vocabs/o#id>,,"""19696""^^<http://www.w3.org/2001/XMLSchema#integer>"
<https://id.analoggamemuseum.org/api/media/19697>,<http://omeka.org/s/vocabs/o#id>,,"""19697""^^<http://www.w3.org/2001/XMLSchema#integer>"
<https://id.analoggamemuseum.org/api/media/19698>,<http://omeka.org/s/vocabs/o#id>,,"""19698""^^<http://www.w3.org/2001/XMLSchema#integer>"
<https://id.analoggamemuseum.org/api/media/19699>,<http://omeka.org/s/vocabs/o#id>,,"""19699""^^<http://www.w3.org/2001/XMLSchema#integer>"
<https://id.analoggamemuseum.org/api/media/19700>,<http://omeka.org/s/vocabs/o#id>,,"""19700""^^<http://www.w3.org/2001/XMLSchema#integer>"
<https://id.analoggamemuseum.org/api/media/19701>,<http://omeka.org/s/vocabs/o#id>,,"""19701""^^<http://www.w3.org/2001/XMLSchema#integer>"
<https://id.analoggamemuseum.org/api/media/19702>,<http://omeka.org/s/vocabs/o#id>,,"""19702""^^<http://www.w3.org/2001/XMLSchema#integer>"
<https://id.analoggamemuseum.org/api/media/19703>,<http://omeka.org/s/vocabs/o#id>,,"""19703""^^<http://www.w3.org/2001/XMLSchema#integer>"
<https://id.analoggamemuseum.org/api/media/19704>,<http://omeka.org/s/vocabs/o#id>,,"""19704""^^<http://www.w3.org/2001/XMLSchema#integer>"
<https://id.analoggamemuseum.org/api/media/19705>,<http://omeka.org/s/vocabs/o#id>,,"""19705""^^<http://www.w3.org/2001/XMLSchema#integer>"
<https://id.analoggamemuseum.org/api/media/19706>,<http://omeka.org/s/vocabs/o#id>,,"""19706""^^<http://www.w3.org/2001/XMLSchema#integer>"
<https://id.analoggamemuseum.org/api/media/19707>,<http://omeka.org/s/vocabs/o#id>,,"""19707""^^<http://www.w3.org/2001/XMLSchema#integer>"
<https://id.analoggamemuseum.org/api/media/19708>,<http://omeka.org/s/vocabs/o#id>,,"""19708""^^<http://www.w3.org/2001/XMLSchema#integer>"
<https://id.analoggamemuseum.org/api/media/19709>,<http://omeka.org/s/vocabs/o#id>,,"""19709""^^<http://www.w3.org/2001/XMLSchema#integer>"
<https://id.analoggamemuseum.org/api/media/19710>,<http://omeka.org/s/vocabs/o#id>,,"""19710""^^<http://www.w3.org/2001/XMLSchema#integer>"
<https://id.analoggamemuseum.org/api/media/19711>,<http://omeka.org/s/vocabs/o#id>,,"""19711""^^<http://www.w3.org/2001/XMLSchema#integer>"
<https://id.analoggamemuseum.org/api/media/19712>,<http://omeka.org/s/vocabs/o#id>,,"""19712""^^<http://www.w3.org/2001/XMLSchema#integer>"
<https://id.analoggamemuseum.org/api/media/19713>,<http://omeka.org/s/vocabs/o#id>,,"""19713""^^<http://www.w3.org/2001/XMLSchema#integer>"
<https://id.analoggamemuseum.org/api/media/19714>,<http://omeka.org/s/vocabs/o#id>,,"""19714""^^<http://www.w3.org/2001/XMLSchema#integer>"
<https://id.analoggamemuseum.org/api/media/19715>,<http://omeka.org/s/vocabs/o#id>,,"""19715""^^<http://www.w3.org/2001/XMLSchema#integer>"
<https://id.analoggamemuseum.org/api/media/19716>,<http://omeka.org/s/vocabs/o#id>,,"""19716""^^<http://www.w3.org/2001/XMLSchema#integer>"
<https://id.analoggamemuseum.org/api/media/19717>,<http://omeka.org/s/vocabs/o#id>,,"""19717""^^<http://www.w3.org/2001/XMLSchema#integer>"
<https://id.analoggamemuseum.org/api/media/19718>,<http://omeka.org/s/vocabs/o#id>,,"""19718""^^<http://www.w3.org/2001/XMLSchema#integer>"
<https://id.analoggamemuseum.org/api/media/19719>,<http://omeka.org/s/vocabs/o#id>,,"""19719""^^<http://www.w3.org/2001/XMLSchema#integer>"
<https://id.analoggamemuseum.org/api/media/19720>,<http://omeka.org/s/vocabs/o#id>,,"""19720""^^<http://www.w3.org/2001/XMLSchema#integer>"
<https://id.analoggamemuseum.org/api/media/19721>,<http://omeka.org/s/vocabs/o#id>,,"""19721""^^<http://www.w3.org/2001/XMLSchema#integer>"
<https://id.analoggamemuseum.org/api/media/19722>,<http://omeka.org/s/vocabs/o#id>,,"""19722""^^<http://www.w3.org/2001/XMLSchema#integer>"
<https://id.analoggamemuseum.org/api/media/19723>,<http://omeka.org/s/vocabs/o#id>,,"""19723""^^<http://www.w3.org/2001/XMLSchema#integer>"
<https://id.analoggamemuseum.org/api/media/19724>,<http://omeka.org/s/vocabs/o#id>,,"""19724""^^<http://www.w3.org/2001/XMLSchema#integer>"
<https://id.analoggamemuseum.org/api/media/19725>,<http://omeka.org/s/vocabs/o#id>,,"""19725""^^<http://www.w3.org/2001/XMLSchema#integer>"
<https://id.analoggamemuseum.org/api/media/19726>,<http://omeka.org/s/vocabs/o#id>,,"""19726""^^<http://www.w3.org/2001/XMLSchema#integer>"
<https://id.analoggamemuseum.org/api/media/19727>,<http://omeka.org/s/vocabs/o#id>,,"""19727""^^<http://www.w3.org/2001/XMLSchema#integer>"
<https://id.analoggamemuseum.org/api/media/19728>,<http://omeka.org/s/vocabs/o#id>,,"""19728""^^<http://www.w3.org/2001/XMLSchema#integer>"
<https://id.analoggamemuseum.org/api/media/19729>,<http://omeka.org/s/vocabs/o#id>,,"""19729""^^<http://www.w3.org/2001/XMLSchema#integer>"
<https://id.analoggamemuseum.org/api/media/19730>,<http://omeka.org/s/vocabs/o#id>,,"""19730""^^<http://www.w3.org/2001/XMLSchema#integer>"
<https://id.analoggamemuseum.org/api/media/19731>,<http://omeka.org/s/vocabs/o#id>,,"""19731""^^<http://www.w3.org/2001/XMLSchema#integer>"
<https://id.analoggamemuseum.org/api/media/19732>,<http://omeka.org/s/vocabs/o#id>,,"""19732""^^<http://www.w3.org/2001/XMLSchema#integer>"
<https://id.analoggamemuseum.org/api/media/19733>,<http://omeka.org/s/vocabs/o#id>,,"""19733""^^<http://www.w3.org/2001/XMLSchema#integer>"
<https://id.analoggamemuseum.org/api/media/19734>,<http://omeka.org/s/vocabs/o#id>,,"""19734""^^<http://www.w3.org/2001/XMLSchema#integer>"
<https://id.analoggamemuseum.org/api/media/19735>,<http://omeka.org/s/vocabs/o#id>,,"""19735""^^<http://www.w3.org/2001/XMLSchema#integer>"
<https://id.analoggamemuseum.org/api/media/19736>,<http://omeka.org/s/vocabs/o#id>,,"""19736""^^<http://www.w3.org/2001/XMLSchema#integer>"
<https://id.analoggamemuseum.org/api/media/19737>,<http://omeka.org/s/vocabs/o#id>,,"""19737""^^<http://www.w3.org/2001/XMLSchema#integer>"
<https://id.analoggamemuseum.org/api/media/19738>,<http://omeka.org/s/vocabs/o#id>,,"""19738""^^<http://www.w3.org/2001/XMLSchema#integer>"
<https://id.analoggamemuseum.org/api/media/19739>,<http://omeka.org/s/vocabs/o#id>,,"""19739""^^<http://www.w3.org/2001/XMLSchema#integer>"
<https://id.analoggamemuseum.org/api/media/19740>,<http://omeka.org/s/vocabs/o#id>,,"""19740""^^<http://www.w3.org/2001/XMLSchema#integer>"
<https://id.analoggamemuseum.org/api/media/19741>,<http://omeka.org/s/vocabs/o#id>,,"""19741""^^<http://www.w3.org/2001/XMLSchema#integer>"
<https://id.analoggamemuseum.org/api/media/19742>,<http://omeka.org/s/vocabs/o#id>,,"""19742""^^<http://www.w3.org/2001/XMLSchema#integer>"
<https://id.analoggamemuseum.org/api/media/19743>,<http://omeka.org/s/vocabs/o#id>,,"""19743""^^<http://www.w3.org/2001/XMLSchema#integer>"
<https://id.analoggamemuseum.org/api/media/19744>,<http://omeka.org/s/vocabs/o#id>,,"""19744""^^<http://www.w3.org/2001/XMLSchema#integer>"
<https://id.analoggamemuseum.org/api/media/19745>,<http://omeka.org/s/vocabs/o#id>,,"""19745""^^<http://www.w3.org/2001/XMLSchema#integer>"
<https://id.analoggamemuseum.org/api/media/19746>,<http://omeka.org/s/vocabs/o#id>,,"""19746""^^<http://www.w3.org/2001/XMLSchema#integer>"
<https://id.analoggamemuseum.org/api/media/19747>,<http://omeka.org/s/vocabs/o#id>,,"""19747""^^<http://www.w3.org/2001/XMLSchema#integer>"
<https://id.analoggamemuseum.org/api/media/19748>,<http://omeka.org/s/vocabs/o#id>,,"""19748""^^<http://www.w3.org/2001/XMLSchema#integer>"
<https://id.analoggamemuseum.org/api/media/19749>,<http://omeka.org/s/vocabs/o#id>,,"""19749""^^<http://www.w3.org/2001/XMLSchema#integer>"
<https://id.analoggamemuseum.org/api/media/19750>,<http://omeka.org/s/vocabs/o#id>,,"""19750""^^<http://www.w3.org/2001/XMLSchema#integer>"
<https://id.analoggamemuseum.org/api/media/19751>,<http://omeka.org/s/vocabs/o#id>,,"""19751""^^<http://www.w3.org/2001/XMLSchema#integer>"
<https://id.analoggamemuseum.org/api/media/19752>,<http://omeka.org/s/vocabs/o#id>,,"""19752""^^<http://www.w3.org/2001/XMLSchema#integer>"
<https://id.analoggamemuseum.org/api/media/19753>,<http://omeka.org/s/vocabs/o#id>,,"""19753""^^<http://www.w3.org/2001/XMLSchema#integer>"
<https://id.analoggamemuseum.org/api/media/19754>,<http://omeka.org/s/vocabs/o#id>,,"""19754""^^<http://www.w3.org/2001/XMLSchema#integer>"
<https://id.analoggamemuseum.org/api/media/19755>,<http://omeka.org/s/vocabs/o#id>,,"""19755""^^<http://www.w3.org/2001/XMLSchema#integer>"
<https://id.analoggamemuseum.org/api/media/19756>,<http://omeka.org/s/vocabs/o#id>,,"""19756""^^<http://www.w3.org/2001/XMLSchema#integer>"
<https://id.analoggamemuseum.org/api/media/19757>,<http://omeka.org/s/vocabs/o#id>,,"""19757""^^<http://www.w3.org/2001/XMLSchema#integer>"
<https://id.analoggamemuseum.org/api/media/19758>,<http://omeka.org/s/vocabs/o#id>,,"""19758""^^<http://www.w3.org/2001/XMLSchema#integer>"
<https://id.analoggamemuseum.org/api/media/19759>,<http://omeka.org/s/vocabs/o#id>,,"""19759""^^<http://www.w3.org/2001/XMLSchema#integer>"
<https://id.analoggamemuseum.org/api/media/19760>,<http://omeka.org/s/vocabs/o#id>,,"""19760""^^<http://www.w3.org/2001/XMLSchema#integer>"
<https://id.analoggamemuseum.org/api/media/19761>,<http://omeka.org/s/vocabs/o#id>,,"""19761""^^<http://www.w3.org/2001/XMLSchema#integer>"
<https://id.analoggamemuseum.org/api/media/19762>,<http://omeka.org/s/vocabs/o#id>,,"""19762""^^<http://www.w3.org/2001/XMLSchema#integer>"
<https://id.analoggamemuseum.org/api/media/19763>,<http://omeka.org/s/vocabs/o#id>,,"""19763""^^<http://www.w3.org/2001/XMLSchema#integer>"
<https://id.analoggamemuseum.org/api/media/19764>,<http://omeka.org/s/vocabs/o#id>,,"""19764""^^<http://www.w3.org/2001/XMLSchema#integer>"
<https://id.analoggamemuseum.org/api/media/19765>,<http://omeka.org/s/vocabs/o#id>,,"""19765""^^<http://www.w3.org/2001/XMLSchema#integer>"
<https://id.analoggamemuseum.org/api/media/19766>,<http://omeka.org/s/vocabs/o#id>,,"""19766""^^<http://www.w3.org/2001/XMLSchema#integer>"
<https://id.analoggamemuseum.org/api/media/19767>,<http://omeka.org/s/vocabs/o#id>,,"""19767""^^<http://www.w3.org/2001/XMLSchema#integer>"
<https://id.analoggamemuseum.org/api/media/19768>,<http://omeka.org/s/vocabs/o#id>,,"""19768""^^<http://www.w3.org/2001/XMLSchema#integer>"
<https://id.analoggamemuseum.org/api/media/19769>,<http://omeka.org/s/vocabs/o#id>,,"""19769""^^<http://www.w3.org/2001/XMLSchema#integer>"
<https://id.analoggamemuseum.org/api/media/19770>,<http://omeka.org/s/vocabs/o#id>,,"""19770""^^<http://www.w3.org/2001/XMLSchema#integer>"
<https://id.analoggamemuseum.org/api/media/19771>,<http://omeka.org/s/vocabs/o#id>,,"""19771""^^<http://www.w3.org/2001/XMLSchema#integer>"
<https://id.analoggamemuseum.org/api/media/19772>,<http://omeka.org/s/vocabs/o#id>,,"""19772""^^<http://www.w3.org/2001/XMLSchema#integer>"
<https://id.analoggamemuseum.org/api/media/19773>,<http://omeka.org/s/vocabs/o#id>,,"""19773""^^<http://www.w3.org/2001/XMLSchema#integer>"
<https://id.analoggamemuseum.org/api/media/19774>,<http://omeka.org/s/vocabs/o#id>,,"""19774""^^<http://www.w3.org/2001/XMLSchema#integer>"
<https://id.analoggamemuseum.org/api/media/19775>,<http://omeka.org/s/vocabs/o#id>,,"""19775""^^<http://www.w3.org/2001/XMLSchema#integer>"
<https://id.analoggamemuseum.org/api/media/19776>,<http://omeka.org/s/vocabs/o#id>,,"""19776""^^<http://www.w3.org/2001/XMLSchema#integer>"
<https://id.analoggamemuseum.org/api/media/19777>,<http://omeka.org/s/vocabs/o#id>,,"""19777""^^<http://www.w3.org/2001/XMLSchema#integer>"
<https://id.analoggamemuseum.org/api/media/19778>,<http://omeka.org/s/vocabs/o#id>,,"""19778""^^<http://www.w3.org/2001/XMLSchema#integer>"
<https://id.analoggamemuseum.org/api/media/19779>,<http://omeka.org/s/vocabs/o#id>,,"""19779""^^<http://www.w3.org/2001/XMLSchema#integer>"
<https://id.analoggamemuseum.org/api/media/19780>,<http://omeka.org/s/vocabs/o#id>,,"""19780""^^<http://www.w3.org/2001/XMLSchema#integer>"
<https://id.analoggamemuseum.org/api/media/19781>,<http://omeka.org/s/vocabs/o#id>,,"""19781""^^<http://www.w3.org/2001/XMLSchema#integer>"
<https://id.analoggamemuseum.org/api/media/19782>,<http://omeka.org/s/vocabs/o#id>,,"""19782""^^<http://www.w3.org/2001/XMLSchema#integer>"
<https://id.analoggamemuseum.org/api/media/19783>,<http://omeka.org/s/vocabs/o#id>,,"""19783""^^<http://www.w3.org/2001/XMLSchema#integer>"
<https://id.analoggamemuseum.org/api/media/19784>,<http://omeka.org/s/vocabs/o#id>,,"""19784""^^<http://www.w3.org/2001/XMLSchema#integer>"
<https://id.analoggamemuseum.org/api/media/19785>,<http://omeka.org/s/vocabs/o#id>,,"""19785""^^<http://www.w3.org/2001/XMLSchema#integer>"
<https://id.analoggamemuseum.org/api/media/19786>,<http://omeka.org/s/vocabs/o#id>,,"""19786""^^<http://www.w3.org/2001/XMLSchema#integer>"
<https://id.analoggamemuseum.org/api/media/19787>,<http://omeka.org/s/vocabs/o#id>,,"""19787""^^<http://www.w3.org/2001/XMLSchema#integer>"
<https://id.analoggamemuseum.org/api/media/19788>,<http://omeka.org/s/vocabs/o#id>,,"""19788""^^<http://www.w3.org/2001/XMLSchema#integer>"
<https://id.analoggamemuseum.org/api/media/19789>,<http://omeka.org/s/vocabs/o#id>,,"""19789""^^<http://www.w3.org/2001/XMLSchema#integer>"
<https://id.analoggamemuseum.org/api/media/19790>,<http://omeka.org/s/vocabs/o#id>,,"""19790""^^<http://www.w3.org/2001/XMLSchema#integer>"
<https://id.analoggamemuseum.org/api/media/19791>,<http://omeka.org/s/vocabs/o#id>,,"""19791""^^<http://www.w3.org/2001/XMLSchema#integer>"
<https://id.analoggamemuseum.org/api/media/19792>,<http://omeka.org/s/vocabs/o#id>,,"""19792""^^<http://www.w3.org/2001/XMLSchema#integer>"
<https://id.analoggamemuseum.org/api/media/19793>,<http://omeka.org/s/vocabs/o#id>,,"""19793""^^<http://www.w3.org/2001/XMLSchema#integer>"
<https://id.analoggamemuseum.org/api/media/19794>,<http://omeka.org/s/vocabs/o#id>,,"""19794""^^<http://www.w3.org/2001/XMLSchema#integer>"
<https://id.analoggamemuseum.org/api/media/19795>,<http://omeka.org/s/vocabs/o#id>,,"""19795""^^<http://www.w3.org/2001/XMLSchema#integer>"
<https://id.analoggamemuseum.org/api/media/19796>,<http://omeka.org/s/vocabs/o#id>,,"""19796""^^<http://www.w3.org/2001/XMLSchema#integer>"
<https://id.analoggamemuseum.org/api/media/19797>,<http://omeka.org/s/vocabs/o#id>,,"""19797""^^<http://www.w3.org/2001/XMLSchema#integer>"
<https://id.analoggamemuseum.org/api/media/19798>,<http://omeka.org/s/vocabs/o#id>,,"""19798""^^<http://www.w3.org/2001/XMLSchema#integer>"
<https://id.analoggamemuseum.org/api/media/19799>,<http://omeka.org/s/vocabs/o#id>,,"""19799""^^<http://www.w3.org/2001/XMLSchema#integer>"
<https://id.analoggamemuseum.org/api/media/19800>,<http://omeka.org/s/vocabs/o#id>,,"""19800""^^<http://www.w3.org/2001/XMLSchema#integer>"
<https://id.analoggamemuseum.org/api/media/19801>,<http://omeka.org/s/vocabs/o#id>,,"""19801""^^<http://www.w3.org/2001/XMLSchema#integer>"
<https://id.analoggamemuseum.org/api/media/19802>,<http://omeka.org/s/vocabs/o#id>,,"""19802""^^<http://www.w3.org/2001/XMLSchema#integer>"
<https://id.analoggamemuseum.org/api/media/19803>,<http://omeka.org/s/vocabs/o#id>,,"""19803""^^<http://www.w3.org/2001/XMLSchema#integer>"
<https://id.analoggamemuseum.org/api/media/19804>,<http://omeka.org/s/vocabs/o#id>,,"""19804""^^<http://www.w3.org/2001/XMLSchema#integer>"
<https://id.analoggamemuseum.org/api/media/19805>,<http://omeka.org/s/vocabs/o#id>,,"""19805""^^<http://www.w3.org/2001/XMLSchema#integer>"
<https://id.analoggamemuseum.org/api/media/19806>,<http://omeka.org/s/vocabs/o#id>,,"""19806""^^<http://www.w3.org/2001/XMLSchema#integer>"
<https://id.analoggamemuseum.org/api/media/19807>,<http://omeka.org/s/vocabs/o#id>,,"""19807""^^<http://www.w3.org/2001/XMLSchema#integer>"
<https://id.analoggamemuseum.org/api/media/19808>,<http://omeka.org/s/vocabs/o#id>,,"""19808""^^<http://www.w3.org/2001/XMLSchema#integer>"
<https://id.analoggamemuseum.org/api/media/19809>,<http://omeka.org/s/vocabs/o#id>,,"""19809""^^<http://www.w3.org/2001/XMLSchema#integer>"
<https://id.analoggamemuseum.org/api/media/19810>,<http://omeka.org/s/vocabs/o#id>,,"""19810""^^<http://www.w3.org/2001/XMLSchema#integer>"
<https://id.analoggamemuseum.org/api/media/19811>,<http://omeka.org/s/vocabs/o#id>,,"""19811""^^<http://www.w3.org/2001/XMLSchema#integer>"
<https://id.analoggamemuseum.org/api/media/19812>,<http://omeka.org/s/vocabs/o#id>,,"""19812""^^<http://www.w3.org/2001/XMLSchema#integer>"
<https://id.analoggamemuseum.org/api/media/19813>,<http://omeka.org/s/vocabs/o#id>,,"""19813""^^<http://www.w3.org/2001/XMLSchema#integer>"
<https://id.analoggamemuseum.org/api/media/19814>,<http://omeka.org/s/vocabs/o#id>,,"""19814""^^<http://www.w3.org/2001/XMLSchema#integer>"
<https://id.analoggamemuseum.org/api/media/19815>,<http://omeka.org/s/vocabs/o#id>,,"""19815""^^<http://www.w3.org/2001/XMLSchema#integer>"
<https://id.analoggamemuseum.org/api/media/19816>,<http://omeka.org/s/vocabs/o#id>,,"""19816""^^<http://www.w3.org/2001/XMLSchema#integer>"
<https://id.analoggamemuseum.org/api/media/19817>,<http://omeka.org/s/vocabs/o#id>,,"""19817""^^<http://www.w3.org/2001/XMLSchema#integer>"
<https://id.analoggamemuseum.org/api/media/19818>,<http://omeka.org/s/vocabs/o#id>,,"""19818""^^<http://www.w3.org/2001/XMLSchema#integer>"
<https://id.analoggamemuseum.org/api/media/19819>,<http://omeka.org/s/vocabs/o#id>,,"""19819""^^<http://www.w3.org/2001/XMLSchema#integer>"
<https://id.analoggamemuseum.org/api/media/19820>,<http://omeka.org/s/vocabs/o#id>,,"""19820""^^<http://www.w3.org/2001/XMLSchema#integer>"
<https://id.analoggamemuseum.org/api/media/19821>,<http://omeka.org/s/vocabs/o#id>,,"""19821""^^<http://www.w3.org/2001/XMLSchema#integer>"
<https://id.analoggamemuseum.org/api/media/19822>,<http://omeka.org/s/vocabs/o#id>,,"""19822""^^<http://www.w3.org/2001/XMLSchema#integer>"
<https://id.analoggamemuseum.org/api/media/19823>,<http://omeka.org/s/vocabs/o#id>,,"""19823""^^<http://www.w3.org/2001/XMLSchema#integer>"
<https://id.analoggamemuseum.org/api/media/19824>,<http://omeka.org/s/vocabs/o#id>,,"""19824""^^<http://www.w3.org/2001/XMLSchema#integer>"
<https://id.analoggamemuseum.org/api/media/19825>,<http://omeka.org/s/vocabs/o#id>,,"""19825""^^<http://www.w3.org/2001/XMLSchema#integer>"
<https://id.analoggamemuseum.org/api/media/19826>,<http://omeka.org/s/vocabs/o#id>,,"""19826""^^<http://www.w3.org/2001/XMLSchema#integer>"
<https://id.analoggamemuseum.org/api/media/19827>,<http://omeka.org/s/vocabs/o#id>,,"""19827""^^<http://www.w3.org/2001/XMLSchema#integer>"
<https://id.analoggamemuseum.org/api/media/19828>,<http://omeka.org/s/vocabs/o#id>,,"""19828""^^<http://www.w3.org/2001/XMLSchema#integer>"
<https://id.analoggamemuseum.org/api/media/19829>,<http://omeka.org/s/vocabs/o#id>,,"""19829""^^<http://www.w3.org/2001/XMLSchema#integer>"
<https://id.analoggamemuseum.org/api/media/19830>,<http://omeka.org/s/vocabs/o#id>,,"""19830""^^<http://www.w3.org/2001/XMLSchema#integer>"
<https://id.analoggamemuseum.org/api/media/19831>,<http://omeka.org/s/vocabs/o#id>,,"""19831""^^<http://www.w3.org/2001/XMLSchema#integer>"
<https://id.analoggamemuseum.org/api/media/19832>,<http://omeka.org/s/vocabs/o#id>,,"""19832""^^<http://www.w3.org/2001/XMLSchema#integer>"
<https://id.analoggamemuseum.org/api/media/19833>,<http://omeka.org/s/vocabs/o#id>,,"""19833""^^<http://www.w3.org/2001/XMLSchema#integer>"
<https://id.analoggamemuseum.org/api/media/19834>,<http://omeka.org/s/vocabs/o#id>,,"""19834""^^<http://www.w3.org/2001/XMLSchema#integer>"
<https://id.analoggamemuseum.org/api/media/19835>,<http://omeka.org/s/vocabs/o#id>,,"""19835""^^<http://www.w3.org/2001/XMLSchema#integer>"
<https://id.analoggamemuseum.org/api/media/19836>,<http://omeka.org/s/vocabs/o#id>,,"""19836""^^<http://www.w3.org/2001/XMLSchema#integer>"
<https://id.analoggamemuseum.org/api/media/19837>,<http://omeka.org/s/vocabs/o#id>,,"""19837""^^<http://www.w3.org/2001/XMLSchema#integer>"
<https://id.analoggamemuseum.org/api/media/19838>,<http://omeka.org/s/vocabs/o#id>,,"""19838""^^<http://www.w3.org/2001/XMLSchema#integer>"
<https://id.analoggamemuseum.org/api/media/19839>,<http://omeka.org/s/vocabs/o#id>,,"""19839""^^<http://www.w3.org/2001/XMLSchema#integer>"
<https://id.analoggamemuseum.org/api/media/19840>,<http://omeka.org/s/vocabs/o#id>,,"""19840""^^<http://www.w3.org/2001/XMLSchema#integer>"
<https://id.analoggamemuseum.org/api/media/19841>,<http://omeka.org/s/vocabs/o#id>,,"""19841""^^<http://www.w3.org/2001/XMLSchema#integer>"
<https://id.analoggamemuseum.org/api/media/19842>,<http://omeka.org/s/vocabs/o#id>,,"""19842""^^<http://www.w3.org/2001/XMLSchema#integer>"
<https://id.analoggamemuseum.org/api/media/19843>,<http://omeka.org/s/vocabs/o#id>,,"""19843""^^<http://www.w3.org/2001/XMLSchema#integer>"
<https://id.analoggamemuseum.org/api/media/19844>,<http://omeka.org/s/vocabs/o#id>,,"""19844""^^<http://www.w3.org/2001/XMLSchema#integer>"
<https://id.analoggamemuseum.org/api/media/19845>,<http://omeka.org/s/vocabs/o#id>,,"""19845""^^<http://www.w3.org/2001/XMLSchema#integer>"
<https://id.analoggamemuseum.org/api/media/19846>,<http://omeka.org/s/vocabs/o#id>,,"""19846""^^<http://www.w3.org/2001/XMLSchema#integer>"
<https://id.analoggamemuseum.org/api/media/19847>,<http://omeka.org/s/vocabs/o#id>,,"""19847""^^<http://www.w3.org/2001/XMLSchema#integer>"
<https://id.analoggamemuseum.org/api/media/19848>,<http://omeka.org/s/vocabs/o#id>,,"""19848""^^<http://www.w3.org/2001/XMLSchema#integer>"
<https://id.analoggamemuseum.org/api/media/19849>,<http://omeka.org/s/vocabs/o#id>,,"""19849""^^<http://www.w3.org/2001/XMLSchema#integer>"
<https://id.analoggamemuseum.org/api/media/19850>,<http://omeka.org/s/vocabs/o#id>,,"""19850""^^<http://www.w3.org/2001/XMLSchema#integer>"
<https://id.analoggamemuseum.org/api/media/19851>,<http://omeka.org/s/vocabs/o#id>,,"""19851""^^<http://www.w3.org/2001/XMLSchema#integer>"
<https://id.analoggamemuseum.org/api/media/19852>,<http://omeka.org/s/vocabs/o#id>,,"""19852""^^<http://www.w3.org/2001/XMLSchema#integer>"
<https://id.analoggamemuseum.org/api/media/19853>,<http://omeka.org/s/vocabs/o#id>,,"""19853""^^<http://www.w3.org/2001/XMLSchema#integer>"
<https://id.analoggamemuseum.org/api/media/19854>,<http://omeka.org/s/vocabs/o#id>,,"""19854""^^<http://www.w3.org/2001/XMLSchema#integer>"
<https://id.analoggamemuseum.org/api/media/19855>,<http://omeka.org/s/vocabs/o#id>,,"""19855""^^<http://www.w3.org/2001/XMLSchema#integer>"
<https://id.analoggamemuseum.org/api/media/19856>,<http://omeka.org/s/vocabs/o#id>,,"""19856""^^<http://www.w3.org/2001/XMLSchema#integer>"
<https://id.analoggamemuseum.org/api/media/19857>,<http://omeka.org/s/vocabs/o#id>,,"""19857""^^<http://www.w3.org/2001/XMLSchema#integer>"
<https://id.analoggamemuseum.org/api/media/19858>,<http://omeka.org/s/vocabs/o#id>,,"""19858""^^<http://www.w3.org/2001/XMLSchema#integer>"
<https://id.analoggamemuseum.org/api/media/19859>,<http://omeka.org/s/vocabs/o#id>,,"""19859""^^<http://www.w3.org/2001/XMLSchema#integer>"
<https://id.analoggamemuseum.org/api/media/19860>,<http://omeka.org/s/vocabs/o#id>,,"""19860""^^<http://www.w3.org/2001/XMLSchema#integer>"
<https://id.analoggamemuseum.org/api/media/19861>,<http://omeka.org/s/vocabs/o#id>,,"""19861""^^<http://www.w3.org/2001/XMLSchema#integer>"
<https://id.analoggamemuseum.org/api/media/19862>,<http://omeka.org/s/vocabs/o#id>,,"""19862""^^<http://www.w3.org/2001/XMLSchema#integer>"
<https://id.analoggamemuseum.org/api/media/19863>,<http://omeka.org/s/vocabs/o#id>,,"""19863""^^<http://www.w3.org/2001/XMLSchema#integer>"
<https://id.analoggamemuseum.org/api/media/19864>,<http://omeka.org/s/vocabs/o#id>,,"""19864""^^<http://www.w3.org/2001/XMLSchema#integer>"
<https://id.analoggamemuseum.org/api/media/19865>,<http://omeka.org/s/vocabs/o#id>,,"""19865""^^<http://www.w3.org/2001/XMLSchema#integer>"
<https://id.analoggamemuseum.org/api/media/19866>,<http://omeka.org/s/vocabs/o#id>,,"""19866""^^<http://www.w3.org/2001/XMLSchema#integer>"
<https://id.analoggamemuseum.org/api/media/19867>,<http://omeka.org/s/vocabs/o#id>,,"""19867""^^<http://www.w3.org/2001/XMLSchema#integer>"
<https://id.analoggamemuseum.org/api/media/19868>,<http://omeka.org/s/vocabs/o#id>,,"""19868""^^<http://www.w3.org/2001/XMLSchema#integer>"
<https://id.analoggamemuseum.org/api/media/19869>,<http://omeka.org/s/vocabs/o#id>,,"""19869""^^<http://www.w3.org/2001/XMLSchema#integer>"
<https://id.analoggamemuseum.org/api/media/19870>,<http://omeka.org/s/vocabs/o#id>,,"""19870""^^<http://www.w3.org/2001/XMLSchema#integer>"
<https://id.analoggamemuseum.org/api/media/19871>,<http://omeka.org/s/vocabs/o#id>,,"""19871""^^<http://www.w3.org/2001/XMLSchema#integer>"
<https://id.analoggamemuseum.org/api/media/19872>,<http://omeka.org/s/vocabs/o#id>,,"""19872""^^<http://www.w3.org/2001/XMLSchema#integer>"
<https://id.analoggamemuseum.org/api/media/19873>,<http://omeka.org/s/vocabs/o#id>,,"""19873""^^<http://www.w3.org/2001/XMLSchema#integer>"
<https://id.analoggamemuseum.org/api/media/19874>,<http://omeka.org/s/vocabs/o#id>,,"""19874""^^<http://www.w3.org/2001/XMLSchema#integer>"
<https://id.analoggamemuseum.org/api/media/19875>,<http://omeka.org/s/vocabs/o#id>,,"""19875""^^<http://www.w3.org/2001/XMLSchema#integer>"
<https://id.analoggamemuseum.org/api/media/19876>,<http://omeka.org/s/vocabs/o#id>,,"""19876""^^<http://www.w3.org/2001/XMLSchema#integer>"
<https://id.analoggamemuseum.org/api/media/19877>,<http://omeka.org/s/vocabs/o#id>,,"""19877""^^<http://www.w3.org/2001/XMLSchema#integer>"
<https://id.analoggamemuseum.org/api/media/19878>,<http://omeka.org/s/vocabs/o#id>,,"""19878""^^<http://www.w3.org/2001/XMLSchema#integer>"
<https://id.analoggamemuseum.org/api/media/19879>,<http://omeka.org/s/vocabs/o#id>,,"""19879""^^<http://www.w3.org/2001/XMLSchema#integer>"
<https://id.analoggamemuseum.org/api/media/19880>,<http://omeka.org/s/vocabs/o#id>,,"""19880""^^<http://www.w3.org/2001/XMLSchema#integer>"
<https://id.analoggamemuseum.org/api/media/19881>,<http://omeka.org/s/vocabs/o#id>,,"""19881""^^<http://www.w3.org/2001/XMLSchema#integer>"
<https://id.analoggamemuseum.org/api/media/19882>,<http://omeka.org/s/vocabs/o#id>,,"""19882""^^<http://www.w3.org/2001/XMLSchema#integer>"
<https://id.analoggamemuseum.org/api/media/19883>,<http://omeka.org/s/vocabs/o#id>,,"""19883""^^<http://www.w3.org/2001/XMLSchema#integer>"
<https://id.analoggamemuseum.org/api/media/19884>,<http://omeka.org/s/vocabs/o#id>,,"""19884""^^<http://www.w3.org/2001/XMLSchema#integer>"
<https://id.analoggamemuseum.org/api/media/19885>,<http://omeka.org/s/vocabs/o#id>,,"""19885""^^<http://www.w3.org/2001/XMLSchema#integer>"
<https://id.analoggamemuseum.org/api/media/19886>,<http://omeka.org/s/vocabs/o#id>,,"""19886""^^<http://www.w3.org/2001/XMLSchema#integer>"
<https://id.analoggamemuseum.org/api/media/19887>,<http://omeka.org/s/vocabs/o#id>,,"""19887""^^<http://www.w3.org/2001/XMLSchema#integer>"
<https://id.analoggamemuseum.org/api/media/19888>,<http://omeka.org/s/vocabs/o#id>,,"""19888""^^<http://www.w3.org/2001/XMLSchema#integer>"
<https://id.analoggamemuseum.org/api/media/19889>,<http://omeka.org/s/vocabs/o#id>,,"""19889""^^<http://www.w3.org/2001/XMLSchema#integer>"
<https://id.analoggamemuseum.org/api/media/19890>,<http://omeka.org/s/vocabs/o#id>,,"""19890""^^<http://www.w3.org/2001/XMLSchema#integer>"
<https://id.analoggamemuseum.org/api/media/19891>,<http://omeka.org/s/vocabs/o#id>,,"""19891""^^<http://www.w3.org/2001/XMLSchema#integer>"
<https://id.analoggamemuseum.org/api/media/19892>,<http://omeka.org/s/vocabs/o#id>,,"""19892""^^<http://www.w3.org/2001/XMLSchema#integer>"
<https://id.analoggamemuseum.org/api/media/19893>,<http://omeka.org/s/vocabs/o#id>,,"""19893""^^<http://www.w3.org/2001/XMLSchema#integer>"
<https://id.analoggamemuseum.org/api/media/19894>,<http://omeka.org/s/vocabs/o#id>,,"""19894""^^<http://www.w3.org/2001/XMLSchema#integer>"
<https://id.analoggamemuseum.org/api/media/19895>,<http://omeka.org/s/vocabs/o#id>,,"""19895""^^<http://www.w3.org/2001/XMLSchema#integer>"
<https://id.analoggamemuseum.org/api/media/19896>,<http://omeka.org/s/vocabs/o#id>,,"""19896""^^<http://www.w3.org/2001/XMLSchema#integer>"
<https://id.analoggamemuseum.org/api/media/19897>,<http://omeka.org/s/vocabs/o#id>,,"""19897""^^<http://www.w3.org/2001/XMLSchema#integer>"
<https://id.analoggamemuseum.org/api/media/19898>,<http://omeka.org/s/vocabs/o#id>,,"""19898""^^<http://www.w3.org/2001/XMLSchema#integer>"
<https://id.analoggamemuseum.org/api/media/19899>,<http://omeka.org/s/vocabs/o#id>,,"""19899""^^<http://www.w3.org/2001/XMLSchema#integer>"
<https://id.analoggamemuseum.org/api/media/19900>,<http://omeka.org/s/vocabs/o#id>,,"""19900""^^<http://www.w3.org/2001/XMLSchema#integer>"
<https://id.analoggamemuseum.org/api/media/19901>,<http://omeka.org/s/vocabs/o#id>,,"""19901""^^<http://www.w3.org/2001/XMLSchema#integer>"
<https://id.analoggamemuseum.org/api/media/19902>,<http://omeka.org/s/vocabs/o#id>,,"""19902""^^<http://www.w3.org/2001/XMLSchema#integer>"
<https://id.analoggamemuseum.org/api/media/19903>,<http://omeka.org/s/vocabs/o#id>,,"""19903""^^<http://www.w3.org/2001/XMLSchema#integer>"
<https://id.analoggamemuseum.org/api/media/19904>,<http://omeka.org/s/vocabs/o#id>,,"""19904""^^<http://www.w3.org/2001/XMLSchema#integer>"
<https://id.analoggamemuseum.org/api/media/19905>,<http://omeka.org/s/vocabs/o#id>,,"""19905""^^<http://www.w3.org/2001/XMLSchema#integer>"
<https://id.analoggamemuseum.org/api/media/19906>,<http://omeka.org/s/vocabs/o#id>,,"""19906""^^<http://www.w3.org/2001/XMLSchema#integer>"
<https://id.analoggamemuseum.org/api/media/19907>,<http://omeka.org/s/vocabs/o#id>,,"""19907""^^<http://www.w3.org/2001/XMLSchema#integer>"
<https://id.analoggamemuseum.org/api/media/19908>,<http://omeka.org/s/vocabs/o#id>,,"""19908""^^<http://www.w3.org/2001/XMLSchema#integer>"
<https://id.analoggamemuseum.org/api/media/19909>,<http://omeka.org/s/vocabs/o#id>,,"""19909""^^<http://www.w3.org/2001/XMLSchema#integer>"
<https://id.analoggamemuseum.org/api/media/19910>,<http://omeka.org/s/vocabs/o#id>,,"""19910""^^<http://www.w3.org/2001/XMLSchema#integer>"
<https://id.analoggamemuseum.org/api/media/19911>,<http://omeka.org/s/vocabs/o#id>,,"""19911""^^<http://www.w3.org/2001/XMLSchema#integer>"
<https://id.analoggamemuseum.org/api/media/19912>,<http://omeka.org/s/vocabs/o#id>,,"""19912""^^<http://www.w3.org/2001/XMLSchema#integer>"
<https://id.analoggamemuseum.org/api/media/19913>,<http://omeka.org/s/vocabs/o#id>,,"""19913""^^<http://www.w3.org/2001/XMLSchema#integer>"
<https://id.analoggamemuseum.org/api/media/19914>,<http://omeka.org/s/vocabs/o#id>,,"""19914""^^<http://www.w3.org/2001/XMLSchema#integer>"
<https://id.analoggamemuseum.org/api/media/19915>,<http://omeka.org/s/vocabs/o#id>,,"""19915""^^<http://www.w3.org/2001/XMLSchema#integer>"
<https://id.analoggamemuseum.org/api/media/19916>,<http://omeka.org/s/vocabs/o#id>,,"""19916""^^<http://www.w3.org/2001/XMLSchema#integer>"
<https://id.analoggamemuseum.org/api/media/19917>,<http://omeka.org/s/vocabs/o#id>,,"""19917""^^<http://www.w3.org/2001/XMLSchema#integer>"
<https://id.analoggamemuseum.org/api/media/19918>,<http://omeka.org/s/vocabs/o#id>,,"""19918""^^<http://www.w3.org/2001/XMLSchema#integer>"
<https://id.analoggamemuseum.org/api/media/19919>,<http://omeka.org/s/vocabs/o#id>,,"""19919""^^<http://www.w3.org/2001/XMLSchema#integer>"
<https://id.analoggamemuseum.org/api/media/19920>,<http://omeka.org/s/vocabs/o#id>,,"""19920""^^<http://www.w3.org/2001/XMLSchema#integer>"
<https://id.analoggamemuseum.org/api/media/19921>,<http://omeka.org/s/vocabs/o#id>,,"""19921""^^<http://www.w3.org/2001/XMLSchema#integer>"
<https://id.analoggamemuseum.org/api/media/19922>,<http://omeka.org/s/vocabs/o#id>,,"""19922""^^<http://www.w3.org/2001/XMLSchema#integer>"
<https://id.analoggamemuseum.org/api/media/19923>,<http://omeka.org/s/vocabs/o#id>,,"""19923""^^<http://www.w3.org/2001/XMLSchema#integer>"
<https://id.analoggamemuseum.org/api/media/19924>,<http://omeka.org/s/vocabs/o#id>,,"""19924""^^<http://www.w3.org/2001/XMLSchema#integer>"
<https://id.analoggamemuseum.org/api/media/19925>,<http://omeka.org/s/vocabs/o#id>,,"""19925""^^<http://www.w3.org/2001/XMLSchema#integer>"
<https://id.analoggamemuseum.org/api/media/19926>,<http://omeka.org/s/vocabs/o#id>,,"""19926""^^<http://www.w3.org/2001/XMLSchema#integer>"
<https://id.analoggamemuseum.org/api/media/19927>,<http://omeka.org/s/vocabs/o#id>,,"""19927""^^<http://www.w3.org/2001/XMLSchema#integer>"
<https://id.analoggamemuseum.org/api/media/19928>,<http://omeka.org/s/vocabs/o#id>,,"""19928""^^<http://www.w3.org/2001/XMLSchema#integer>"
<https://id.analoggamemuseum.org/api/media/19929>,<http://omeka.org/s/vocabs/o#id>,,"""19929""^^<http://www.w3.org/2001/XMLSchema#integer>"
<https://id.analoggamemuseum.org/api/media/19930>,<http://omeka.org/s/vocabs/o#id>,,"""19930""^^<http://www.w3.org/2001/XMLSchema#integer>"
<https://id.analoggamemuseum.org/api/media/19931>,<http://omeka.org/s/vocabs/o#id>,,"""19931""^^<http://www.w3.org/2001/XMLSchema#integer>"
<https://id.analoggamemuseum.org/api/media/19932>,<http://omeka.org/s/vocabs/o#id>,,"""19932""^^<http://www.w3.org/2001/XMLSchema#integer>"
<https://id.analoggamemuseum.org/api/media/19933>,<http://omeka.org/s/vocabs/o#id>,,"""19933""^^<http://www.w3.org/2001/XMLSchema#integer>"
<https://id.analoggamemuseum.org/api/media/19934>,<http://omeka.org/s/vocabs/o#id>,,"""19934""^^<http://www.w3.org/2001/XMLSchema#integer>"
<https://id.analoggamemuseum.org/api/media/19935>,<http://omeka.org/s/vocabs/o#id>,,"""19935""^^<http://www.w3.org/2001/XMLSchema#integer>"
<https://id.analoggamemuseum.org/api/media/19936>,<http://omeka.org/s/vocabs/o#id>,,"""19936""^^<http://www.w3.org/2001/XMLSchema#integer>"
<https://id.analoggamemuseum.org/api/media/19937>,<http://omeka.org/s/vocabs/o#id>,,"""19937""^^<http://www.w3.org/2001/XMLSchema#integer>"
<https://id.analoggamemuseum.org/api/media/19938>,<http://omeka.org/s/vocabs/o#id>,,"""19938""^^<http://www.w3.org/2001/XMLSchema#integer>"
<https://id.analoggamemuseum.org/api/media/19939>,<http://omeka.org/s/vocabs/o#id>,,"""19939""^^<http://www.w3.org/2001/XMLSchema#integer>"
<https://id.analoggamemuseum.org/api/media/19940>,<http://omeka.org/s/vocabs/o#id>,,"""19940""^^<http://www.w3.org/2001/XMLSchema#integer>"
<https://id.analoggamemuseum.org/api/media/19941>,<http://omeka.org/s/vocabs/o#id>,,"""19941""^^<http://www.w3.org/2001/XMLSchema#integer>"
<https://id.analoggamemuseum.org/api/media/19942>,<http://omeka.org/s/vocabs/o#id>,,"""19942""^^<http://www.w3.org/2001/XMLSchema#integer>"
<https://id.analoggamemuseum.org/api/media/19943>,<http://omeka.org/s/vocabs/o#id>,,"""19943""^^<http://www.w3.org/2001/XMLSchema#integer>"
<https://id.analoggamemuseum.org/api/media/19944>,<http://omeka.org/s/vocabs/o#id>,,"""19944""^^<http://www.w3.org/2001/XMLSchema#integer>"
<https://id.analoggamemuseum.org/api/media/19945>,<http://omeka.org/s/vocabs/o#id>,,"""19945""^^<http://www.w3.org/2001/XMLSchema#integer>"
<https://id.analoggamemuseum.org/api/media/19946>,<http://omeka.org/s/vocabs/o#id>,,"""19946""^^<http://www.w3.org/2001/XMLSchema#integer>"
<https://id.analoggamemuseum.org/api/media/19947>,<http://omeka.org/s/vocabs/o#id>,,"""19947""^^<http://www.w3.org/2001/XMLSchema#integer>"
<https://id.analoggamemuseum.org/api/media/19948>,<http://omeka.org/s/vocabs/o#id>,,"""19948""^^<http://www.w3.org/2001/XMLSchema#integer>"
<https://id.analoggamemuseum.org/api/media/19949>,<http://omeka.org/s/vocabs/o#id>,,"""19949""^^<http://www.w3.org/2001/XMLSchema#integer>"
<https://id.analoggamemuseum.org/api/media/19950>,<http://omeka.org/s/vocabs/o#id>,,"""19950""^^<http://www.w3.org/2001/XMLSchema#integer>"
<https://id.analoggamemuseum.org/api/media/19951>,<http://omeka.org/s/vocabs/o#id>,,"""19951""^^<http://www.w3.org/2001/XMLSchema#integer>"
<https://id.analoggamemuseum.org/api/media/19952>,<http://omeka.org/s/vocabs/o#id>,,"""19952""^^<http://www.w3.org/2001/XMLSchema#integer>"
<https://id.analoggamemuseum.org/api/media/19953>,<http://omeka.org/s/vocabs/o#id>,,"""19953""^^<http://www.w3.org/2001/XMLSchema#integer>"
<https://id.analoggamemuseum.org/api/media/19954>,<http://omeka.org/s/vocabs/o#id>,,"""19954""^^<http://www.w3.org/2001/XMLSchema#integer>"
<https://id.analoggamemuseum.org/api/media/19955>,<http://omeka.org/s/vocabs/o#id>,,"""19955""^^<http://www.w3.org/2001/XMLSchema#integer>"
<https://id.analoggamemuseum.org/api/media/19956>,<http://omeka.org/s/vocabs/o#id>,,"""19956""^^<http://www.w3.org/2001/XMLSchema#integer>"
<https://id.analoggamemuseum.org/api/media/19957>,<http://omeka.org/s/vocabs/o#id>,,"""19957""^^<http://www.w3.org/2001/XMLSchema#integer>"
<https://id.analoggamemuseum.org/api/media/19958>,<http://omeka.org/s/vocabs/o#id>,,"""19958""^^<http://www.w3.org/2001/XMLSchema#integer>"
<https://id.analoggamemuseum.org/api/media/19959>,<http://omeka.org/s/vocabs/o#id>,,"""19959""^^<http://www.w3.org/2001/XMLSchema#integer>"
<https://id.analoggamemuseum.org/api/media/19960>,<http://omeka.org/s/vocabs/o#id>,,"""19960""^^<http://www.w3.org/2001/XMLSchema#integer>"
<https://id.analoggamemuseum.org/api/media/19961>,<http://omeka.org/s/vocabs/o#id>,,"""19961""^^<http://www.w3.org/2001/XMLSchema#integer>"
<https://id.analoggamemuseum.org/api/media/19962>,<http://omeka.org/s/vocabs/o#id>,,"""19962""^^<http://www.w3.org/2001/XMLSchema#integer>"
<https://id.analoggamemuseum.org/api/media/19963>,<http://omeka.org/s/vocabs/o#id>,,"""19963""^^<http://www.w3.org/2001/XMLSchema#integer>"
<https://id.analoggamemuseum.org/api/media/19964>,<http://omeka.org/s/vocabs/o#id>,,"""19964""^^<http://www.w3.org/2001/XMLSchema#integer>"
<https://id.analoggamemuseum.org/api/media/19965>,<http://omeka.org/s/vocabs/o#id>,,"""19965""^^<http://www.w3.org/2001/XMLSchema#integer>"
<https://id.analoggamemuseum.org/api/media/19966>,<http://omeka.org/s/vocabs/o#id>,,"""19966""^^<http://www.w3.org/2001/XMLSchema#integer>"
<https://id.analoggamemuseum.org/api/media/19967>,<http://omeka.org/s/vocabs/o#id>,,"""19967""^^<http://www.w3.org/2001/XMLSchema#integer>"
<https://id.analoggamemuseum.org/api/media/19968>,<http://omeka.org/s/vocabs/o#id>,,"""19968""^^<http://www.w3.org/2001/XMLSchema#integer>"
<https://id.analoggamemuseum.org/api/media/19969>,<http://omeka.org/s/vocabs/o#id>,,"""19969""^^<http://www.w3.org/2001/XMLSchema#integer>"
<https://id.analoggamemuseum.org/api/media/19970>,<http://omeka.org/s/vocabs/o#id>,,"""19970""^^<http://www.w3.org/2001/XMLSchema#integer>"
<https://id.analoggamemuseum.org/api/media/19971>,<http://omeka.org/s/vocabs/o#id>,,"""19971""^^<http://www.w3.org/2001/XMLSchema#integer>"
<https://id.analoggamemuseum.org/api/media/19972>,<http://omeka.org/s/vocabs/o#id>,,"""19972""^^<http://www.w3.org/2001/XMLSchema#integer>"
<https://id.analoggamemuseum.org/api/media/19973>,<http://omeka.org/s/vocabs/o#id>,,"""19973""^^<http://www.w3.org/2001/XMLSchema#integer>"
<https://id.analoggamemuseum.org/api/media/19974>,<http://omeka.org/s/vocabs/o#id>,,"""19974""^^<http://www.w3.org/2001/XMLSchema#integer>"
<https://id.analoggamemuseum.org/api/media/19975>,<http://omeka.org/s/vocabs/o#id>,,"""19975""^^<http://www.w3.org/2001/XMLSchema#integer>"
<https://id.analoggamemuseum.org/api/media/19976>,<http://omeka.org/s/vocabs/o#id>,,"""19976""^^<http://www.w3.org/2001/XMLSchema#integer>"
<https://id.analoggamemuseum.org/api/media/19977>,<http://omeka.org/s/vocabs/o#id>,,"""19977""^^<http://www.w3.org/2001/XMLSchema#integer>"
<https://id.analoggamemuseum.org/api/media/19978>,<http://omeka.org/s/vocabs/o#id>,,"""19978""^^<http://www.w3.org/2001/XMLSchema#integer>"
<https://id.analoggamemuseum.org/api/media/19979>,<http://omeka.org/s/vocabs/o#id>,,"""19979""^^<http://www.w3.org/2001/XMLSchema#integer>"
<https://id.analoggamemuseum.org/api/media/19980>,<http://omeka.org/s/vocabs/o#id>,,"""19980""^^<http://www.w3.org/2001/XMLSchema#integer>"
<https://id.analoggamemuseum.org/api/media/19981>,<http://omeka.org/s/vocabs/o#id>,,"""19981""^^<http://www.w3.org/2001/XMLSchema#integer>"
<https://id.analoggamemuseum.org/api/media/19982>,<http://omeka.org/s/vocabs/o#id>,,"""19982""^^<http://www.w3.org/2001/XMLSchema#integer>"
<https://id.analoggamemuseum.org/api/media/19983>,<http://omeka.org/s/vocabs/o#id>,,"""19983""^^<http://www.w3.org/2001/XMLSchema#integer>"
<https://id.analoggamemuseum.org/api/media/19984>,<http://omeka.org/s/vocabs/o#id>,,"""19984""^^<http://www.w3.org/2001/XMLSchema#integer>"
<https://id.analoggamemuseum.org/api/media/19985>,<http://omeka.org/s/vocabs/o#id>,,"""19985""^^<http://www.w3.org/2001/XMLSchema#integer>"
<https://id.analoggamemuseum.org/api/media/19986>,<http://omeka.org/s/vocabs/o#id>,,"""19986""^^<http://www.w3.org/2001/XMLSchema#integer>"
<https://id.analoggamemuseum.org/api/media/19987>,<http://omeka.org/s/vocabs/o#id>,,"""19987""^^<http://www.w3.org/2001/XMLSchema#integer>"
<https://id.analoggamemuseum.org/api/media/19988>,<http://omeka.org/s/vocabs/o#id>,,"""19988""^^<http://www.w3.org/2001/XMLSchema#integer>"
<https://id.analoggamemuseum.org/api/media/19989>,<http://omeka.org/s/vocabs/o#id>,,"""19989""^^<http://www.w3.org/2001/XMLSchema#integer>"
<https://id.analoggamemuseum.org/api/media/19990>,<http://omeka.org/s/vocabs/o#id>,,"""19990""^^<http://www.w3.org/2001/XMLSchema#integer>"
<https://id.analoggamemuseum.org/api/media/19991>,<http://omeka.org/s/vocabs/o#id>,,"""19991""^^<http://www.w3.org/2001/XMLSchema#integer>"
<https://id.analoggamemuseum.org/api/media/19992>,<http://omeka.org/s/vocabs/o#id>,,"""19992""^^<http://www.w3.org/2001/XMLSchema#integer>"
<https://id.analoggamemuseum.org/api/media/19993>,<http://omeka.org/s/vocabs/o#id>,,"""19993""^^<http://www.w3.org/2001/XMLSchema#integer>"
<https://id.analoggamemuseum.org/api/media/19994>,<http://omeka.org/s/vocabs/o#id>,,"""19994""^^<http://www.w3.org/2001/XMLSchema#integer>"
<https://id.analoggamemuseum.org/api/media/19995>,<http://omeka.org/s/vocabs/o#id>,,"""19995""^^<http://www.w3.org/2001/XMLSchema#integer>"
<https://id.analoggamemuseum.org/api/media/19996>,<http://omeka.org/s/vocabs/o#id>,,"""19996""^^<http://www.w3.org/2001/XMLSchema#integer>"
<https://id.analoggamemuseum.org/api/media/19997>,<http://omeka.org/s/vocabs/o#id>,,"""19997""^^<http://www.w3.org/2001/XMLSchema#integer>"
<https://id.analoggamemuseum.org/api/media/19998>,<http://omeka.org/s/vocabs/o#id>,,"""19998""^^<http://www.w3.org/2001/XMLSchema#integer>"
<https://id.analoggamemuseum.org/api/media/19999>,<http://omeka.org/s/vocabs/o#id>,,"""19999""^^<http://www.w3.org/2001/XMLSchema#integer>"
<https://id.analoggamemuseum.org/api/media/20000>,<http://omeka.org/s/vocabs/o#id>,,"""20000""^^<http://www.w3.org/2001/XMLSchema#integer>"
<https://id.analoggamemuseum.org/api/media/20001>,<http://omeka.org/s/vocabs/o#id>,,"""20001""^^<http://www.w3.org/2001/XMLSchema#integer>"
<https://id.analoggamemuseum.org/api/media/20002>,<http://omeka.org/s/vocabs/o#id>,,"""20002""^^<http://www.w3.org/2001/XMLSchema#integer>"
<https://id.analoggamemuseum.org/api/media/20003>,<http://omeka.org/s/vocabs/o#id>,,"""20003""^^<http://www.w3.org/2001/XMLSchema#integer>"
<https://id.analoggamemuseum.org/api/media/20004>,<http://omeka.org/s/vocabs/o#id>,,"""20004""^^<http://www.w3.org/2001/XMLSchema#integer>"
<https://id.analoggamemuseum.org/api/media/20005>,<http://omeka.org/s/vocabs/o#id>,,"""20005""^^<http://www.w3.org/2001/XMLSchema#integer>"
<https://id.analoggamemuseum.org/api/media/20006>,<http://omeka.org/s/vocabs/o#id>,,"""20006""^^<http://www.w3.org/2001/XMLSchema#integer>"
<https://id.analoggamemuseum.org/api/media/20007>,<http://omeka.org/s/vocabs/o#id>,,"""20007""^^<http://www.w3.org/2001/XMLSchema#integer>"
<https://id.analoggamemuseum.org/api/media/20008>,<http://omeka.org/s/vocabs/o#id>,,"""20008""^^<http://www.w3.org/2001/XMLSchema#integer>"
<https://id.analoggamemuseum.org/api/media/20009>,<http://omeka.org/s/vocabs/o#id>,,"""20009""^^<http://www.w3.org/2001/XMLSchema#integer>"
<https://id.analoggamemuseum.org/api/media/20010>,<http://omeka.org/s/vocabs/o#id>,,"""20010""^^<http://www.w3.org/2001/XMLSchema#integer>"
<https://id.analoggamemuseum.org/api/media/20011>,<http://omeka.org/s/vocabs/o#id>,,"""20011""^^<http://www.w3.org/2001/XMLSchema#integer>"
<https://id.analoggamemuseum.org/api/media/20012>,<http://omeka.org/s/vocabs/o#id>,,"""20012""^^<http://www.w3.org/2001/XMLSchema#integer>"
<https://id.analoggamemuseum.org/api/media/20013>,<http://omeka.org/s/vocabs/o#id>,,"""20013""^^<http://www.w3.org/2001/XMLSchema#integer>"
<https://id.analoggamemuseum.org/api/media/20014>,<http://omeka.org/s/vocabs/o#id>,,"""20014""^^<http://www.w3.org/2001/XMLSchema#integer>"
<https://id.analoggamemuseum.org/api/media/20015>,<http://omeka.org/s/vocabs/o#id>,,"""20015""^^<http://www.w3.org/2001/XMLSchema#integer>"
<https://id.analoggamemuseum.org/api/media/20016>,<http://omeka.org/s/vocabs/o#id>,,"""20016""^^<http://www.w3.org/2001/XMLSchema#integer>"
<https://id.analoggamemuseum.org/api/media/20017>,<http://omeka.org/s/vocabs/o#id>,,"""20017""^^<http://www.w3.org/2001/XMLSchema#integer>"
<https://id.analoggamemuseum.org/api/media/20018>,<http://omeka.org/s/vocabs/o#id>,,"""20018""^^<http://www.w3.org/2001/XMLSchema#integer>"
<https://id.analoggamemuseum.org/api/media/20019>,<http://omeka.org/s/vocabs/o#id>,,"""20019""^^<http://www.w3.org/2001/XMLSchema#integer>"
<https://id.analoggamemuseum.org/api/media/20020>,<http://omeka.org/s/vocabs/o#id>,,"""20020""^^<http://www.w3.org/2001/XMLSchema#integer>"
<https://id.analoggamemuseum.org/api/media/20021>,<http://omeka.org/s/vocabs/o#id>,,"""20021""^^<http://www.w3.org/2001/XMLSchema#integer>"
<https://id.analoggamemuseum.org/api/media/20022>,<http://omeka.org/s/vocabs/o#id>,,"""20022""^^<http://www.w3.org/2001/XMLSchema#integer>"
<https://id.analoggamemuseum.org/api/media/20023>,<http://omeka.org/s/vocabs/o#id>,,"""20023""^^<http://www.w3.org/2001/XMLSchema#integer>"
<https://id.analoggamemuseum.org/api/media/20024>,<http://omeka.org/s/vocabs/o#id>,,"""20024""^^<http://www.w3.org/2001/XMLSchema#integer>"
<https://id.analoggamemuseum.org/api/media/20025>,<http://omeka.org/s/vocabs/o#id>,,"""20025""^^<http://www.w3.org/2001/XMLSchema#integer>"
<https://id.analoggamemuseum.org/api/media/20026>,<http://omeka.org/s/vocabs/o#id>,,"""20026""^^<http://www.w3.org/2001/XMLSchema#integer>"
<https://id.analoggamemuseum.org/api/media/20027>,<http://omeka.org/s/vocabs/o#id>,,"""20027""^^<http://www.w3.org/2001/XMLSchema#integer>"
<https://id.analoggamemuseum.org/api/media/20028>,<http://omeka.org/s/vocabs/o#id>,,"""20028""^^<http://www.w3.org/2001/XMLSchema#integer>"
<https://id.analoggamemuseum.org/api/media/20029>,<http://omeka.org/s/vocabs/o#id>,,"""20029""^^<http://www.w3.org/2001/XMLSchema#integer>"
<https://id.analoggamemuseum.org/api/media/20030>,<http://omeka.org/s/vocabs/o#id>,,"""20030""^^<http://www.w3.org/2001/XMLSchema#integer>"
<https://id.analoggamemuseum.org/api/media/20031>,<http://omeka.org/s/vocabs/o#id>,,"""20031""^^<http://www.w3.org/2001/XMLSchema#integer>"
<https://id.analoggamemuseum.org/api/media/20032>,<http://omeka.org/s/vocabs/o#id>,,"""20032""^^<http://www.w3.org/2001/XMLSchema#integer>"
<https://id.analoggamemuseum.org/api/media/20033>,<http://omeka.org/s/vocabs/o#id>,,"""20033""^^<http://www.w3.org/2001/XMLSchema#integer>"
<https://id.analoggamemuseum.org/api/media/20034>,<http://omeka.org/s/vocabs/o#id>,,"""20034""^^<http://www.w3.org/2001/XMLSchema#integer>"
<https://id.analoggamemuseum.org/api/media/20035>,<http://omeka.org/s/vocabs/o#id>,,"""20035""^^<http://www.w3.org/2001/XMLSchema#integer>"
<https://id.analoggamemuseum.org/api/media/20036>,<http://omeka.org/s/vocabs/o#id>,,"""20036""^^<http://www.w3.org/2001/XMLSchema#integer>"
<https://id.analoggamemuseum.org/api/media/20037>,<http://omeka.org/s/vocabs/o#id>,,"""20037""^^<http://www.w3.org/2001/XMLSchema#integer>"
<https://id.analoggamemuseum.org/api/media/20038>,<http://omeka.org/s/vocabs/o#id>,,"""20038""^^<http://www.w3.org/2001/XMLSchema#integer>"
<https://id.analoggamemuseum.org/api/media/20039>,<http://omeka.org/s/vocabs/o#id>,,"""20039""^^<http://www.w3.org/2001/XMLSchema#integer>"
<https://id.analoggamemuseum.org/api/media/20040>,<http://omeka.org/s/vocabs/o#id>,,"""20040""^^<http://www.w3.org/2001/XMLSchema#integer>"
<https://id.analoggamemuseum.org/api/media/20041>,<http://omeka.org/s/vocabs/o#id>,,"""20041""^^<http://www.w3.org/2001/XMLSchema#integer>"
<https://id.analoggamemuseum.org/api/media/20042>,<http://omeka.org/s/vocabs/o#id>,,"""20042""^^<http://www.w3.org/2001/XMLSchema#integer>"
<https://id.analoggamemuseum.org/api/media/20043>,<http://omeka.org/s/vocabs/o#id>,,"""20043""^^<http://www.w3.org/2001/XMLSchema#integer>"
<https://id.analoggamemuseum.org/api/media/20044>,<http://omeka.org/s/vocabs/o#id>,,"""20044""^^<http://www.w3.org/2001/XMLSchema#integer>"
<https://id.analoggamemuseum.org/api/media/20045>,<http://omeka.org/s/vocabs/o#id>,,"""20045""^^<http://www.w3.org/2001/XMLSchema#integer>"
<https://id.analoggamemuseum.org/api/media/20046>,<http://omeka.org/s/vocabs/o#id>,,"""20046""^^<http://www.w3.org/2001/XMLSchema#integer>"
<https://id.analoggamemuseum.org/api/media/20047>,<http://omeka.org/s/vocabs/o#id>,,"""20047""^^<http://www.w3.org/2001/XMLSchema#integer>"
<https://id.analoggamemuseum.org/api/media/20048>,<http://omeka.org/s/vocabs/o#id>,,"""20048""^^<http://www.w3.org/2001/XMLSchema#integer>"
<https://id.analoggamemuseum.org/api/media/20049>,<http://omeka.org/s/vocabs/o#id>,,"""20049""^^<http://www.w3.org/2001/XMLSchema#integer>"
<https://id.analoggamemuseum.org/api/media/20050>,<http://omeka.org/s/vocabs/o#id>,,"""20050""^^<http://www.w3.org/2001/XMLSchema#integer>"
<https://id.analoggamemuseum.org/api/media/20051>,<http://omeka.org/s/vocabs/o#id>,,"""20051""^^<http://www.w3.org/2001/XMLSchema#integer>"
<https://id.analoggamemuseum.org/api/media/20052>,<http://omeka.org/s/vocabs/o#id>,,"""20052""^^<http://www.w3.org/2001/XMLSchema#integer>"
<https://id.analoggamemuseum.org/api/media/20053>,<http://omeka.org/s/vocabs/o#id>,,"""20053""^^<http://www.w3.org/2001/XMLSchema#integer>"
<https://id.analoggamemuseum.org/api/media/20054>,<http://omeka.org/s/vocabs/o#id>,,"""20054""^^<http://www.w3.org/2001/XMLSchema#integer>"
<https://id.analoggamemuseum.org/api/media/20055>,<http://omeka.org/s/vocabs/o#id>,,"""20055""^^<http://www.w3.org/2001/XMLSchema#integer>"
<https://id.analoggamemuseum.org/api/media/20056>,<http://omeka.org/s/vocabs/o#id>,,"""20056""^^<http://www.w3.org/2001/XMLSchema#integer>"
<https://id.analoggamemuseum.org/api/media/20057>,<http://omeka.org/s/vocabs/o#id>,,"""20057""^^<http://www.w3.org/2001/XMLSchema#integer>"
<https://id.analoggamemuseum.org/api/media/20058>,<http://omeka.org/s/vocabs/o#id>,,"""20058""^^<http://www.w3.org/2001/XMLSchema#integer>"
<https://id.analoggamemuseum.org/api/media/20059>,<http://omeka.org/s/vocabs/o#id>,,"""20059""^^<http://www.w3.org/2001/XMLSchema#integer>"
<https://id.analoggamemuseum.org/api/media/20060>,<http://omeka.org/s/vocabs/o#id>,,"""20060""^^<http://www.w3.org/2001/XMLSchema#integer>"
<https://id.analoggamemuseum.org/api/media/20061>,<http://omeka.org/s/vocabs/o#id>,,"""20061""^^<http://www.w3.org/2001/XMLSchema#integer>"
<https://id.analoggamemuseum.org/api/media/20062>,<http://omeka.org/s/vocabs/o#id>,,"""20062""^^<http://www.w3.org/2001/XMLSchema#integer>"
<https://id.analoggamemuseum.org/api/media/20063>,<http://omeka.org/s/vocabs/o#id>,,"""20063""^^<http://www.w3.org/2001/XMLSchema#integer>"
<https://id.analoggamemuseum.org/api/media/20064>,<http://omeka.org/s/vocabs/o#id>,,"""20064""^^<http://www.w3.org/2001/XMLSchema#integer>"
<https://id.analoggamemuseum.org/api/media/20065>,<http://omeka.org/s/vocabs/o#id>,,"""20065""^^<http://www.w3.org/2001/XMLSchema#integer>"
<https://id.analoggamemuseum.org/api/media/20066>,<http://omeka.org/s/vocabs/o#id>,,"""20066""^^<http://www.w3.org/2001/XMLSchema#integer>"
<https://id.analoggamemuseum.org/api/media/20067>,<http://omeka.org/s/vocabs/o#id>,,"""20067""^^<http://www.w3.org/2001/XMLSchema#integer>"
<https://id.analoggamemuseum.org/api/media/20068>,<http://omeka.org/s/vocabs/o#id>,,"""20068""^^<http://www.w3.org/2001/XMLSchema#integer>"
<https://id.analoggamemuseum.org/api/media/20069>,<http://omeka.org/s/vocabs/o#id>,,"""20069""^^<http://www.w3.org/2001/XMLSchema#integer>"
<https://id.analoggamemuseum.org/api/media/20070>,<http://omeka.org/s/vocabs/o#id>,,"""20070""^^<http://www.w3.org/2001/XMLSchema#integer>"
<https://id.analoggamemuseum.org/api/media/20071>,<http://omeka.org/s/vocabs/o#id>,,"""20071""^^<http://www.w3.org/2001/XMLSchema#integer>"
<https://id.analoggamemuseum.org/api/media/20072>,<http://omeka.org/s/vocabs/o#id>,,"""20072""^^<http://www.w3.org/2001/XMLSchema#integer>"
<https://id.analoggamemuseum.org/api/media/20073>,<http://omeka.org/s/vocabs/o#id>,,"""20073""^^<http://www.w3.org/2001/XMLSchema#integer>"
<https://id.analoggamemuseum.org/api/media/20074>,<http://omeka.org/s/vocabs/o#id>,,"""20074""^^<http://www.w3.org/2001/XMLSchema#integer>"
<https://id.analoggamemuseum.org/api/media/20075>,<http://omeka.org/s/vocabs/o#id>,,"""20075""^^<http://www.w3.org/2001/XMLSchema#integer>"
<https://id.analoggamemuseum.org/api/media/20076>,<http://omeka.org/s/vocabs/o#id>,,"""20076""^^<http://www.w3.org/2001/XMLSchema#integer>"
<https://id.analoggamemuseum.org/api/media/20077>,<http://omeka.org/s/vocabs/o#id>,,"""20077""^^<http://www.w3.org/2001/XMLSchema#integer>"
<https://id.analoggamemuseum.org/api/media/20078>,<http://omeka.org/s/vocabs/o#id>,,"""20078""^^<http://www.w3.org/2001/XMLSchema#integer>"
<https://id.analoggamemuseum.org/api/media/20079>,<http://omeka.org/s/vocabs/o#id>,,"""20079""^^<http://www.w3.org/2001/XMLSchema#integer>"
<https://id.analoggamemuseum.org/api/media/20080>,<http://omeka.org/s/vocabs/o#id>,,"""20080""^^<http://www.w3.org/2001/XMLSchema#integer>"
<https://id.analoggamemuseum.org/api/media/20081>,<http://omeka.org/s/vocabs/o#id>,,"""20081""^^<http://www.w3.org/2001/XMLSchema#integer>"
<https://id.analoggamemuseum.org/api/media/20082>,<http://omeka.org/s/vocabs/o#id>,,"""20082""^^<http://www.w3.org/2001/XMLSchema#integer>"
<https://id.analoggamemuseum.org/api/media/20083>,<http://omeka.org/s/vocabs/o#id>,,"""20083""^^<http://www.w3.org/2001/XMLSchema#integer>"
<https://id.analoggamemuseum.org/api/media/20084>,<http://omeka.org/s/vocabs/o#id>,,"""20084""^^<http://www.w3.org/2001/XMLSchema#integer>"
<https://id.analoggamemuseum.org/api/media/20085>,<http://omeka.org/s/vocabs/o#id>,,"""20085""^^<http://www.w3.org/2001/XMLSchema#integer>"
<https://id.analoggamemuseum.org/api/media/20086>,<http://omeka.org/s/vocabs/o#id>,,"""20086""^^<http://www.w3.org/2001/XMLSchema#integer>"
<https://id.analoggamemuseum.org/api/media/20087>,<http://omeka.org/s/vocabs/o#id>,,"""20087""^^<http://www.w3.org/2001/XMLSchema#integer>"
<https://id.analoggamemuseum.org/api/media/20088>,<http://omeka.org/s/vocabs/o#id>,,"""20088""^^<http://www.w3.org/2001/XMLSchema#integer>"
<https://id.analoggamemuseum.org/api/media/20089>,<http://omeka.org/s/vocabs/o#id>,,"""20089""^^<http://www.w3.org/2001/XMLSchema#integer>"
<https://id.analoggamemuseum.org/api/media/20090>,<http://omeka.org/s/vocabs/o#id>,,"""20090""^^<http://www.w3.org/2001/XMLSchema#integer>"
<https://id.analoggamemuseum.org/api/media/20091>,<http://omeka.org/s/vocabs/o#id>,,"""20091""^^<http://www.w3.org/2001/XMLSchema#integer>"
<https://id.analoggamemuseum.org/api/media/20092>,<http://omeka.org/s/vocabs/o#id>,,"""20092""^^<http://www.w3.org/2001/XMLSchema#integer>"
<https://id.analoggamemuseum.org/api/media/20093>,<http://omeka.org/s/vocabs/o#id>,,"""20093""^^<http://www.w3.org/2001/XMLSchema#integer>"
<https://id.analoggamemuseum.org/api/media/20094>,<http://omeka.org/s/vocabs/o#id>,,"""20094""^^<http://www.w3.org/2001/XMLSchema#integer>"
<https://id.analoggamemuseum.org/api/media/20095>,<http://omeka.org/s/vocabs/o#id>,,"""20095""^^<http://www.w3.org/2001/XMLSchema#integer>"
<https://id.analoggamemuseum.org/api/media/20096>,<http://omeka.org/s/vocabs/o#id>,,"""20096""^^<http://www.w3.org/2001/XMLSchema#integer>"
<https://id.analoggamemuseum.org/api/media/20097>,<http://omeka.org/s/vocabs/o#id>,,"""20097""^^<http://www.w3.org/2001/XMLSchema#integer>"
<https://id.analoggamemuseum.org/api/media/20098>,<http://omeka.org/s/vocabs/o#id>,,"""20098""^^<http://www.w3.org/2001/XMLSchema#integer>"
<https://id.analoggamemuseum.org/api/media/20099>,<http://omeka.org/s/vocabs/o#id>,,"""20099""^^<http://www.w3.org/2001/XMLSchema#integer>"
<https://id.analoggamemuseum.org/api/media/20100>,<http://omeka.org/s/vocabs/o#id>,,"""20100""^^<http://www.w3.org/2001/XMLSchema#integer>"
<https://id.analoggamemuseum.org/api/media/20101>,<http://omeka.org/s/vocabs/o#id>,,"""20101""^^<http://www.w3.org/2001/XMLSchema#integer>"
<https://id.analoggamemuseum.org/api/media/20102>,<http://omeka.org/s/vocabs/o#id>,,"""20102""^^<http://www.w3.org/2001/XMLSchema#integer>"
<https://id.analoggamemuseum.org/api/media/20103>,<http://omeka.org/s/vocabs/o#id>,,"""20103""^^<http://www.w3.org/2001/XMLSchema#integer>"
<https://id.analoggamemuseum.org/api/media/20104>,<http://omeka.org/s/vocabs/o#id>,,"""20104""^^<http://www.w3.org/2001/XMLSchema#integer>"
<https://id.analoggamemuseum.org/api/media/20105>,<http://omeka.org/s/vocabs/o#id>,,"""20105""^^<http://www.w3.org/2001/XMLSchema#integer>"
<https://id.analoggamemuseum.org/api/media/20106>,<http://omeka.org/s/vocabs/o#id>,,"""20106""^^<http://www.w3.org/2001/XMLSchema#integer>"
<https://id.analoggamemuseum.org/api/media/20107>,<http://omeka.org/s/vocabs/o#id>,,"""20107""^^<http://www.w3.org/2001/XMLSchema#integer>"
<https://id.analoggamemuseum.org/api/media/20108>,<http://omeka.org/s/vocabs/o#id>,,"""20108""^^<http://www.w3.org/2001/XMLSchema#integer>"
<https://id.analoggamemuseum.org/api/media/20109>,<http://omeka.org/s/vocabs/o#id>,,"""20109""^^<http://www.w3.org/2001/XMLSchema#integer>"
<https://id.analoggamemuseum.org/api/media/20110>,<http://omeka.org/s/vocabs/o#id>,,"""20110""^^<http://www.w3.org/2001/XMLSchema#integer>"
<https://id.analoggamemuseum.org/api/media/20111>,<http://omeka.org/s/vocabs/o#id>,,"""20111""^^<http://www.w3.org/2001/XMLSchema#integer>"
<https://id.analoggamemuseum.org/api/media/20112>,<http://omeka.org/s/vocabs/o#id>,,"""20112""^^<http://www.w3.org/2001/XMLSchema#integer>"
<https://id.analoggamemuseum.org/api/media/20113>,<http://omeka.org/s/vocabs/o#id>,,"""20113""^^<http://www.w3.org/2001/XMLSchema#integer>"
<https://id.analoggamemuseum.org/api/media/20114>,<http://omeka.org/s/vocabs/o#id>,,"""20114""^^<http://www.w3.org/2001/XMLSchema#integer>"
<https://id.analoggamemuseum.org/api/media/20115>,<http://omeka.org/s/vocabs/o#id>,,"""20115""^^<http://www.w3.org/2001/XMLSchema#integer>"
<https://id.analoggamemuseum.org/api/media/20116>,<http://omeka.org/s/vocabs/o#id>,,"""20116""^^<http://www.w3.org/2001/XMLSchema#integer>"
<https://id.analoggamemuseum.org/api/media/20117>,<http://omeka.org/s/vocabs/o#id>,,"""20117""^^<http://www.w3.org/2001/XMLSchema#integer>"
<https://id.analoggamemuseum.org/api/media/20118>,<http://omeka.org/s/vocabs/o#id>,,"""20118""^^<http://www.w3.org/2001/XMLSchema#integer>"
<https://id.analoggamemuseum.org/api/media/20119>,<http://omeka.org/s/vocabs/o#id>,,"""20119""^^<http://www.w3.org/2001/XMLSchema#integer>"
<https://id.analoggamemuseum.org/api/media/20120>,<http://omeka.org/s/vocabs/o#id>,,"""20120""^^<http://www.w3.org/2001/XMLSchema#integer>"
<https://id.analoggamemuseum.org/api/media/20121>,<http://omeka.org/s/vocabs/o#id>,,"""20121""^^<http://www.w3.org/2001/XMLSchema#integer>"
<https://id.analoggamemuseum.org/api/media/20122>,<http://omeka.org/s/vocabs/o#id>,,"""20122""^^<http://www.w3.org/2001/XMLSchema#integer>"
<https://id.analoggamemuseum.org/api/media/20123>,<http://omeka.org/s/vocabs/o#id>,,"""20123""^^<http://www.w3.org/2001/XMLSchema#integer>"
<https://id.analoggamemuseum.org/api/media/20124>,<http://omeka.org/s/vocabs/o#id>,,"""20124""^^<http://www.w3.org/2001/XMLSchema#integer>"
<https://id.analoggamemuseum.org/api/media/20125>,<http://omeka.org/s/vocabs/o#id>,,"""20125""^^<http://www.w3.org/2001/XMLSchema#integer>"
<https://id.analoggamemuseum.org/api/media/20126>,<http://omeka.org/s/vocabs/o#id>,,"""20126""^^<http://www.w3.org/2001/XMLSchema#integer>"
<https://id.analoggamemuseum.org/api/media/20127>,<http://omeka.org/s/vocabs/o#id>,,"""20127""^^<http://www.w3.org/2001/XMLSchema#integer>"
<https://id.analoggamemuseum.org/api/media/20128>,<http://omeka.org/s/vocabs/o#id>,,"""20128""^^<http://www.w3.org/2001/XMLSchema#integer>"
<https://id.analoggamemuseum.org/api/media/20129>,<http://omeka.org/s/vocabs/o#id>,,"""20129""^^<http://www.w3.org/2001/XMLSchema#integer>"
<https://id.analoggamemuseum.org/api/media/20130>,<http://omeka.org/s/vocabs/o#id>,,"""20130""^^<http://www.w3.org/2001/XMLSchema#integer>"
<https://id.analoggamemuseum.org/api/media/20131>,<http://omeka.org/s/vocabs/o#id>,,"""20131""^^<http://www.w3.org/2001/XMLSchema#integer>"
<https://id.analoggamemuseum.org/api/media/20132>,<http://omeka.org/s/vocabs/o#id>,,"""20132""^^<http://www.w3.org/2001/XMLSchema#integer>"
<https://id.analoggamemuseum.org/api/media/20133>,<http://omeka.org/s/vocabs/o#id>,,"""20133""^^<http://www.w3.org/2001/XMLSchema#integer>"
<https://id.analoggamemuseum.org/api/media/20134>,<http://omeka.org/s/vocabs/o#id>,,"""20134""^^<http://www.w3.org/2001/XMLSchema#integer>"
<https://id.analoggamemuseum.org/api/media/20135>,<http://omeka.org/s/vocabs/o#id>,,"""20135""^^<http://www.w3.org/2001/XMLSchema#integer>"
<https://id.analoggamemuseum.org/api/media/20136>,<http://omeka.org/s/vocabs/o#id>,,"""20136""^^<http://www.w3.org/2001/XMLSchema#integer>"
<https://id.analoggamemuseum.org/api/media/20137>,<http://omeka.org/s/vocabs/o#id>,,"""20137""^^<http://www.w3.org/2001/XMLSchema#integer>"
<https://id.analoggamemuseum.org/api/media/20138>,<http://omeka.org/s/vocabs/o#id>,,"""20138""^^<http://www.w3.org/2001/XMLSchema#integer>"
<https://id.analoggamemuseum.org/api/media/20139>,<http://omeka.org/s/vocabs/o#id>,,"""20139""^^<http://www.w3.org/2001/XMLSchema#integer>"
<https://id.analoggamemuseum.org/api/media/20140>,<http://omeka.org/s/vocabs/o#id>,,"""20140""^^<http://www.w3.org/2001/XMLSchema#integer>"
<https://id.analoggamemuseum.org/api/media/20141>,<http://omeka.org/s/vocabs/o#id>,,"""20141""^^<http://www.w3.org/2001/XMLSchema#integer>"
<https://id.analoggamemuseum.org/api/media/20142>,<http://omeka.org/s/vocabs/o#id>,,"""20142""^^<http://www.w3.org/2001/XMLSchema#integer>"
<https://id.analoggamemuseum.org/api/media/20143>,<http://omeka.org/s/vocabs/o#id>,,"""20143""^^<http://www.w3.org/2001/XMLSchema#integer>"
<https://id.analoggamemuseum.org/api/media/20144>,<http://omeka.org/s/vocabs/o#id>,,"""20144""^^<http://www.w3.org/2001/XMLSchema#integer>"
<https://id.analoggamemuseum.org/api/media/20145>,<http://omeka.org/s/vocabs/o#id>,,"""20145""^^<http://www.w3.org/2001/XMLSchema#integer>"
<https://id.analoggamemuseum.org/api/media/20146>,<http://omeka.org/s/vocabs/o#id>,,"""20146""^^<http://www.w3.org/2001/XMLSchema#integer>"
<https://id.analoggamemuseum.org/api/media/20147>,<http://omeka.org/s/vocabs/o#id>,,"""20147""^^<http://www.w3.org/2001/XMLSchema#integer>"
<https://id.analoggamemuseum.org/api/media/20148>,<http://omeka.org/s/vocabs/o#id>,,"""20148""^^<http://www.w3.org/2001/XMLSchema#integer>"
<https://id.analoggamemuseum.org/api/media/20149>,<http://omeka.org/s/vocabs/o#id>,,"""20149""^^<http://www.w3.org/2001/XMLSchema#integer>"
<https://id.analoggamemuseum.org/api/media/20150>,<http://omeka.org/s/vocabs/o#id>,,"""20150""^^<http://www.w3.org/2001/XMLSchema#integer>"
<https://id.analoggamemuseum.org/api/media/20151>,<http://omeka.org/s/vocabs/o#id>,,"""20151""^^<http://www.w3.org/2001/XMLSchema#integer>"
<https://id.analoggamemuseum.org/api/media/20152>,<http://omeka.org/s/vocabs/o#id>,,"""20152""^^<http://www.w3.org/2001/XMLSchema#integer>"
<https://id.analoggamemuseum.org/api/media/20153>,<http://omeka.org/s/vocabs/o#id>,,"""20153""^^<http://www.w3.org/2001/XMLSchema#integer>"
<https://id.analoggamemuseum.org/api/media/20154>,<http://omeka.org/s/vocabs/o#id>,,"""20154""^^<http://www.w3.org/2001/XMLSchema#integer>"
<https://id.analoggamemuseum.org/api/media/20155>,<http://omeka.org/s/vocabs/o#id>,,"""20155""^^<http://www.w3.org/2001/XMLSchema#integer>"
<https://id.analoggamemuseum.org/api/media/20156>,<http://omeka.org/s/vocabs/o#id>,,"""20156""^^<http://www.w3.org/2001/XMLSchema#integer>"
<https://id.analoggamemuseum.org/api/media/20157>,<http://omeka.org/s/vocabs/o#id>,,"""20157""^^<http://www.w3.org/2001/XMLSchema#integer>"
<https://id.analoggamemuseum.org/api/media/20158>,<http://omeka.org/s/vocabs/o#id>,,"""20158""^^<http://www.w3.org/2001/XMLSchema#integer>"
<https://id.analoggamemuseum.org/api/media/20159>,<http://omeka.org/s/vocabs/o#id>,,"""20159""^^<http://www.w3.org/2001/XMLSchema#integer>"
<https://id.analoggamemuseum.org/api/media/20160>,<http://omeka.org/s/vocabs/o#id>,,"""20160""^^<http://www.w3.org/2001/XMLSchema#integer>"
<https://id.analoggamemuseum.org/api/media/20161>,<http://omeka.org/s/vocabs/o#id>,,"""20161""^^<http://www.w3.org/2001/XMLSchema#integer>"
<https://id.analoggamemuseum.org/api/media/20162>,<http://omeka.org/s/vocabs/o#id>,,"""20162""^^<http://www.w3.org/2001/XMLSchema#integer>"
<https://id.analoggamemuseum.org/api/media/20163>,<http://omeka.org/s/vocabs/o#id>,,"""20163""^^<http://www.w3.org/2001/XMLSchema#integer>"
<https://id.analoggamemuseum.org/api/media/20164>,<http://omeka.org/s/vocabs/o#id>,,"""20164""^^<http://www.w3.org/2001/XMLSchema#integer>"
<https://id.analoggamemuseum.org/api/media/20165>,<http://omeka.org/s/vocabs/o#id>,,"""20165""^^<http://www.w3.org/2001/XMLSchema#integer>"
<https://id.analoggamemuseum.org/api/media/20166>,<http://omeka.org/s/vocabs/o#id>,,"""20166""^^<http://www.w3.org/2001/XMLSchema#integer>"
<https://id.analoggamemuseum.org/api/media/20167>,<http://omeka.org/s/vocabs/o#id>,,"""20167""^^<http://www.w3.org/2001/XMLSchema#integer>"
<https://id.analoggamemuseum.org/api/media/20168>,<http://omeka.org/s/vocabs/o#id>,,"""20168""^^<http://www.w3.org/2001/XMLSchema#integer>"
<https://id.analoggamemuseum.org/api/media/20169>,<http://omeka.org/s/vocabs/o#id>,,"""20169""^^<http://www.w3.org/2001/XMLSchema#integer>"
<https://id.analoggamemuseum.org/api/media/20170>,<http://omeka.org/s/vocabs/o#id>,,"""20170""^^<http://www.w3.org/2001/XMLSchema#integer>"
<https://id.analoggamemuseum.org/api/media/20171>,<http://omeka.org/s/vocabs/o#id>,,"""20171""^^<http://www.w3.org/2001/XMLSchema#integer>"
<https://id.analoggamemuseum.org/api/media/20172>,<http://omeka.org/s/vocabs/o#id>,,"""20172""^^<http://www.w3.org/2001/XMLSchema#integer>"
<https://id.analoggamemuseum.org/api/media/20173>,<http://omeka.org/s/vocabs/o#id>,,"""20173""^^<http://www.w3.org/2001/XMLSchema#integer>"
<https://id.analoggamemuseum.org/api/media/20174>,<http://omeka.org/s/vocabs/o#id>,,"""20174""^^<http://www.w3.org/2001/XMLSchema#integer>"
<https://id.analoggamemuseum.org/api/media/20175>,<http://omeka.org/s/vocabs/o#id>,,"""20175""^^<http://www.w3.org/2001/XMLSchema#integer>"
<https://id.analoggamemuseum.org/api/media/20176>,<http://omeka.org/s/vocabs/o#id>,,"""20176""^^<http://www.w3.org/2001/XMLSchema#integer>"
<https://id.analoggamemuseum.org/api/media/20177>,<http://omeka.org/s/vocabs/o#id>,,"""20177""^^<http://www.w3.org/2001/XMLSchema#integer>"
<https://id.analoggamemuseum.org/api/media/20178>,<http://omeka.org/s/vocabs/o#id>,,"""20178""^^<http://www.w3.org/2001/XMLSchema#integer>"
<https://id.analoggamemuseum.org/api/media/20179>,<http://omeka.org/s/vocabs/o#id>,,"""20179""^^<http://www.w3.org/2001/XMLSchema#integer>"
<https://id.analoggamemuseum.org/api/media/20180>,<http://omeka.org/s/vocabs/o#id>,,"""20180""^^<http://www.w3.org/2001/XMLSchema#integer>"
<https://id.analoggamemuseum.org/api/media/20181>,<http://omeka.org/s/vocabs/o#id>,,"""20181""^^<http://www.w3.org/2001/XMLSchema#integer>"
<https://id.analoggamemuseum.org/api/media/20182>,<http://omeka.org/s/vocabs/o#id>,,"""20182""^^<http://www.w3.org/2001/XMLSchema#integer>"
<https://id.analoggamemuseum.org/api/media/20183>,<http://omeka.org/s/vocabs/o#id>,,"""20183""^^<http://www.w3.org/2001/XMLSchema#integer>"
<https://id.analoggamemuseum.org/api/media/20184>,<http://omeka.org/s/vocabs/o#id>,,"""20184""^^<http://www.w3.org/2001/XMLSchema#integer>"
<https://id.analoggamemuseum.org/api/media/20185>,<http://omeka.org/s/vocabs/o#id>,,"""20185""^^<http://www.w3.org/2001/XMLSchema#integer>"
<https://id.analoggamemuseum.org/api/media/20186>,<http://omeka.org/s/vocabs/o#id>,,"""20186""^^<http://www.w3.org/2001/XMLSchema#integer>"
<https://id.analoggamemuseum.org/api/media/20187>,<http://omeka.org/s/vocabs/o#id>,,"""20187""^^<http://www.w3.org/2001/XMLSchema#integer>"
<https://id.analoggamemuseum.org/api/media/20188>,<http://omeka.org/s/vocabs/o#id>,,"""20188""^^<http://www.w3.org/2001/XMLSchema#integer>"
<https://id.analoggamemuseum.org/api/media/20189>,<http://omeka.org/s/vocabs/o#id>,,"""20189""^^<http://www.w3.org/2001/XMLSchema#integer>"
<https://id.analoggamemuseum.org/api/media/20190>,<http://omeka.org/s/vocabs/o#id>,,"""20190""^^<http://www.w3.org/2001/XMLSchema#integer>"
<https://id.analoggamemuseum.org/api/media/20191>,<http://omeka.org/s/vocabs/o#id>,,"""20191""^^<http://www.w3.org/2001/XMLSchema#integer>"
<https://id.analoggamemuseum.org/api/media/20192>,<http://omeka.org/s/vocabs/o#id>,,"""20192""^^<http://www.w3.org/2001/XMLSchema#integer>"
<https://id.analoggamemuseum.org/api/media/20193>,<http://omeka.org/s/vocabs/o#id>,,"""20193""^^<http://www.w3.org/2001/XMLSchema#integer>"
<https://id.analoggamemuseum.org/api/media/20194>,<http://omeka.org/s/vocabs/o#id>,,"""20194""^^<http://www.w3.org/2001/XMLSchema#integer>"
<https://id.analoggamemuseum.org/api/media/20195>,<http://omeka.org/s/vocabs/o#id>,,"""20195""^^<http://www.w3.org/2001/XMLSchema#integer>"
<https://id.analoggamemuseum.org/api/media/20196>,<http://omeka.org/s/vocabs/o#id>,,"""20196""^^<http://www.w3.org/2001/XMLSchema#integer>"
<https://id.analoggamemuseum.org/api/media/20197>,<http://omeka.org/s/vocabs/o#id>,,"""20197""^^<http://www.w3.org/2001/XMLSchema#integer>"
<https://id.analoggamemuseum.org/api/media/20198>,<http://omeka.org/s/vocabs/o#id>,,"""20198""^^<http://www.w3.org/2001/XMLSchema#integer>"
<https://id.analoggamemuseum.org/api/media/20199>,<http://omeka.org/s/vocabs/o#id>,,"""20199""^^<http://www.w3.org/2001/XMLSchema#integer>"
<https://id.analoggamemuseum.org/api/media/20200>,<http://omeka.org/s/vocabs/o#id>,,"""20200""^^<http://www.w3.org/2001/XMLSchema#integer>"
<https://id.analoggamemuseum.org/api/media/20201>,<http://omeka.org/s/vocabs/o#id>,,"""20201""^^<http://www.w3.org/2001/XMLSchema#integer>"
<https://id.analoggamemuseum.org/api/media/20202>,<http://omeka.org/s/vocabs/o#id>,,"""20202""^^<http://www.w3.org/2001/XMLSchema#integer>"
<https://id.analoggamemuseum.org/api/media/20203>,<http://omeka.org/s/vocabs/o#id>,,"""20203""^^<http://www.w3.org/2001/XMLSchema#integer>"
<https://id.analoggamemuseum.org/api/media/20204>,<http://omeka.org/s/vocabs/o#id>,,"""20204""^^<http://www.w3.org/2001/XMLSchema#integer>"
<https://id.analoggamemuseum.org/api/media/20205>,<http://omeka.org/s/vocabs/o#id>,,"""20205""^^<http://www.w3.org/2001/XMLSchema#integer>"
<https://id.analoggamemuseum.org/api/media/20206>,<http://omeka.org/s/vocabs/o#id>,,"""20206""^^<http://www.w3.org/2001/XMLSchema#integer>"
<https://id.analoggamemuseum.org/api/media/20207>,<http://omeka.org/s/vocabs/o#id>,,"""20207""^^<http://www.w3.org/2001/XMLSchema#integer>"
<https://id.analoggamemuseum.org/api/media/20208>,<http://omeka.org/s/vocabs/o#id>,,"""20208""^^<http://www.w3.org/2001/XMLSchema#integer>"
<https://id.analoggamemuseum.org/api/media/20209>,<http://omeka.org/s/vocabs/o#id>,,"""20209""^^<http://www.w3.org/2001/XMLSchema#integer>"
<https://id.analoggamemuseum.org/api/media/20210>,<http://omeka.org/s/vocabs/o#id>,,"""20210""^^<http://www.w3.org/2001/XMLSchema#integer>"
<https://id.analoggamemuseum.org/api/media/20211>,<http://omeka.org/s/vocabs/o#id>,,"""20211""^^<http://www.w3.org/2001/XMLSchema#integer>"
<https://id.analoggamemuseum.org/api/media/20212>,<http://omeka.org/s/vocabs/o#id>,,"""20212""^^<http://www.w3.org/2001/XMLSchema#integer>"
<https://id.analoggamemuseum.org/api/media/20213>,<http://omeka.org/s/vocabs/o#id>,,"""20213""^^<http://www.w3.org/2001/XMLSchema#integer>"
<https://id.analoggamemuseum.org/api/media/20214>,<http://omeka.org/s/vocabs/o#id>,,"""20214""^^<http://www.w3.org/2001/XMLSchema#integer>"
<https://id.analoggamemuseum.org/api/media/20215>,<http://omeka.org/s/vocabs/o#id>,,"""20215""^^<http://www.w3.org/2001/XMLSchema#integer>"
<https://id.analoggamemuseum.org/api/media/20216>,<http://omeka.org/s/vocabs/o#id>,,"""20216""^^<http://www.w3.org/2001/XMLSchema#integer>"
<https://id.analoggamemuseum.org/api/media/20217>,<http://omeka.org/s/vocabs/o#id>,,"""20217""^^<http://www.w3.org/2001/XMLSchema#integer>"
<https://id.analoggamemuseum.org/api/media/20218>,<http://omeka.org/s/vocabs/o#id>,,"""20218""^^<http://www.w3.org/2001/XMLSchema#integer>"
<https://id.analoggamemuseum.org/api/media/20219>,<http://omeka.org/s/vocabs/o#id>,,"""20219""^^<http://www.w3.org/2001/XMLSchema#integer>"
<https://id.analoggamemuseum.org/api/media/20220>,<http://omeka.org/s/vocabs/o#id>,,"""20220""^^<http://www.w3.org/2001/XMLSchema#integer>"
<https://id.analoggamemuseum.org/api/media/20221>,<http://omeka.org/s/vocabs/o#id>,,"""20221""^^<http://www.w3.org/2001/XMLSchema#integer>"
<https://id.analoggamemuseum.org/api/media/20222>,<http://omeka.org/s/vocabs/o#id>,,"""20222""^^<http://www.w3.org/2001/XMLSchema#integer>"
<https://id.analoggamemuseum.org/api/media/20223>,<http://omeka.org/s/vocabs/o#id>,,"""20223""^^<http://www.w3.org/2001/XMLSchema#integer>"
<https://id.analoggamemuseum.org/api/media/20224>,<http://omeka.org/s/vocabs/o#id>,,"""20224""^^<http://www.w3.org/2001/XMLSchema#integer>"
<https://id.analoggamemuseum.org/api/media/20225>,<http://omeka.org/s/vocabs/o#id>,,"""20225""^^<http://www.w3.org/2001/XMLSchema#integer>"
<https://id.analoggamemuseum.org/api/media/20226>,<http://omeka.org/s/vocabs/o#id>,,"""20226""^^<http://www.w3.org/2001/XMLSchema#integer>"
<https://id.analoggamemuseum.org/api/media/20227>,<http://omeka.org/s/vocabs/o#id>,,"""20227""^^<http://www.w3.org/2001/XMLSchema#integer>"
<https://id.analoggamemuseum.org/api/media/20228>,<http://omeka.org/s/vocabs/o#id>,,"""20228""^^<http://www.w3.org/2001/XMLSchema#integer>"
<https://id.analoggamemuseum.org/api/media/20229>,<http://omeka.org/s/vocabs/o#id>,,"""20229""^^<http://www.w3.org/2001/XMLSchema#integer>"
<https://id.analoggamemuseum.org/api/media/20230>,<http://omeka.org/s/vocabs/o#id>,,"""20230""^^<http://www.w3.org/2001/XMLSchema#integer>"
<https://id.analoggamemuseum.org/api/media/20231>,<http://omeka.org/s/vocabs/o#id>,,"""20231""^^<http://www.w3.org/2001/XMLSchema#integer>"
<https://id.analoggamemuseum.org/api/media/20232>,<http://omeka.org/s/vocabs/o#id>,,"""20232""^^<http://www.w3.org/2001/XMLSchema#integer>"
<https://id.analoggamemuseum.org/api/media/20233>,<http://omeka.org/s/vocabs/o#id>,,"""20233""^^<http://www.w3.org/2001/XMLSchema#integer>"
<https://id.analoggamemuseum.org/api/media/20234>,<http://omeka.org/s/vocabs/o#id>,,"""20234""^^<http://www.w3.org/2001/XMLSchema#integer>"
<https://id.analoggamemuseum.org/api/media/20235>,<http://omeka.org/s/vocabs/o#id>,,"""20235""^^<http://www.w3.org/2001/XMLSchema#integer>"
<https://id.analoggamemuseum.org/api/media/20236>,<http://omeka.org/s/vocabs/o#id>,,"""20236""^^<http://www.w3.org/2001/XMLSchema#integer>"
<https://id.analoggamemuseum.org/api/media/20237>,<http://omeka.org/s/vocabs/o#id>,,"""20237""^^<http://www.w3.org/2001/XMLSchema#integer>"
<https://id.analoggamemuseum.org/api/media/20238>,<http://omeka.org/s/vocabs/o#id>,,"""20238""^^<http://www.w3.org/2001/XMLSchema#integer>"
<https://id.analoggamemuseum.org/api/media/20239>,<http://omeka.org/s/vocabs/o#id>,,"""20239""^^<http://www.w3.org/2001/XMLSchema#integer>"
<https://id.analoggamemuseum.org/api/media/20240>,<http://omeka.org/s/vocabs/o#id>,,"""20240""^^<http://www.w3.org/2001/XMLSchema#integer>"
<https://id.analoggamemuseum.org/api/media/20241>,<http://omeka.org/s/vocabs/o#id>,,"""20241""^^<http://www.w3.org/2001/XMLSchema#integer>"
<https://id.analoggamemuseum.org/api/media/20242>,<http://omeka.org/s/vocabs/o#id>,,"""20242""^^<http://www.w3.org/2001/XMLSchema#integer>"
<https://id.analoggamemuseum.org/api/media/20243>,<http://omeka.org/s/vocabs/o#id>,,"""20243""^^<http://www.w3.org/2001/XMLSchema#integer>"
<https://id.analoggamemuseum.org/api/media/20244>,<http://omeka.org/s/vocabs/o#id>,,"""20244""^^<http://www.w3.org/2001/XMLSchema#integer>"
<https://id.analoggamemuseum.org/api/media/20245>,<http://omeka.org/s/vocabs/o#id>,,"""20245""^^<http://www.w3.org/2001/XMLSchema#integer>"
<https://id.analoggamemuseum.org/api/media/20246>,<http://omeka.org/s/vocabs/o#id>,,"""20246""^^<http://www.w3.org/2001/XMLSchema#integer>"
<https://id.analoggamemuseum.org/api/media/20247>,<http://omeka.org/s/vocabs/o#id>,,"""20247""^^<http://www.w3.org/2001/XMLSchema#integer>"
<https://id.analoggamemuseum.org/api/media/20248>,<http://omeka.org/s/vocabs/o#id>,,"""20248""^^<http://www.w3.org/2001/XMLSchema#integer>"
<https://id.analoggamemuseum.org/api/media/20249>,<http://omeka.org/s/vocabs/o#id>,,"""20249""^^<http://www.w3.org/2001/XMLSchema#integer>"
<https://id.analoggamemuseum.org/api/media/20250>,<http://omeka.org/s/vocabs/o#id>,,"""20250""^^<http://www.w3.org/2001/XMLSchema#integer>"
<https://id.analoggamemuseum.org/api/media/20251>,<http://omeka.org/s/vocabs/o#id>,,"""20251""^^<http://www.w3.org/2001/XMLSchema#integer>"
<https://id.analoggamemuseum.org/api/media/20252>,<http://omeka.org/s/vocabs/o#id>,,"""20252""^^<http://www.w3.org/2001/XMLSchema#integer>"
<https://id.analoggamemuseum.org/api/media/20253>,<http://omeka.org/s/vocabs/o#id>,,"""20253""^^<http://www.w3.org/2001/XMLSchema#integer>"
<https://id.analoggamemuseum.org/api/media/20254>,<http://omeka.org/s/vocabs/o#id>,,"""20254""^^<http://www.w3.org/2001/XMLSchema#integer>"
<https://id.analoggamemuseum.org/api/media/20255>,<http://omeka.org/s/vocabs/o#id>,,"""20255""^^<http://www.w3.org/2001/XMLSchema#integer>"
<https://id.analoggamemuseum.org/api/media/20256>,<http://omeka.org/s/vocabs/o#id>,,"""20256""^^<http://www.w3.org/2001/XMLSchema#integer>"
<https://id.analoggamemuseum.org/api/media/20257>,<http://omeka.org/s/vocabs/o#id>,,"""20257""^^<http://www.w3.org/2001/XMLSchema#integer>"
<https://id.analoggamemuseum.org/api/media/20258>,<http://omeka.org/s/vocabs/o#id>,,"""20258""^^<http://www.w3.org/2001/XMLSchema#integer>"
<https://id.analoggamemuseum.org/api/media/20259>,<http://omeka.org/s/vocabs/o#id>,,"""20259""^^<http://www.w3.org/2001/XMLSchema#integer>"
<https://id.analoggamemuseum.org/api/media/20260>,<http://omeka.org/s/vocabs/o#id>,,"""20260""^^<http://www.w3.org/2001/XMLSchema#integer>"
<https://id.analoggamemuseum.org/api/media/20261>,<http://omeka.org/s/vocabs/o#id>,,"""20261""^^<http://www.w3.org/2001/XMLSchema#integer>"
<https://id.analoggamemuseum.org/api/media/20262>,<http://omeka.org/s/vocabs/o#id>,,"""20262""^^<http://www.w3.org/2001/XMLSchema#integer>"
<https://id.analoggamemuseum.org/api/media/20263>,<http://omeka.org/s/vocabs/o#id>,,"""20263""^^<http://www.w3.org/2001/XMLSchema#integer>"
<https://id.analoggamemuseum.org/api/media/20264>,<http://omeka.org/s/vocabs/o#id>,,"""20264""^^<http://www.w3.org/2001/XMLSchema#integer>"
<https://id.analoggamemuseum.org/api/media/20265>,<http://omeka.org/s/vocabs/o#id>,,"""20265""^^<http://www.w3.org/2001/XMLSchema#integer>"
<https://id.analoggamemuseum.org/api/media/20266>,<http://omeka.org/s/vocabs/o#id>,,"""20266""^^<http://www.w3.org/2001/XMLSchema#integer>"
<https://id.analoggamemuseum.org/api/media/20267>,<http://omeka.org/s/vocabs/o#id>,,"""20267""^^<http://www.w3.org/2001/XMLSchema#integer>"
<https://id.analoggamemuseum.org/api/media/20268>,<http://omeka.org/s/vocabs/o#id>,,"""20268""^^<http://www.w3.org/2001/XMLSchema#integer>"
<https://id.analoggamemuseum.org/api/media/20269>,<http://omeka.org/s/vocabs/o#id>,,"""20269""^^<http://www.w3.org/2001/XMLSchema#integer>"
<https://id.analoggamemuseum.org/api/media/20270>,<http://omeka.org/s/vocabs/o#id>,,"""20270""^^<http://www.w3.org/2001/XMLSchema#integer>"
<https://id.analoggamemuseum.org/api/media/20271>,<http://omeka.org/s/vocabs/o#id>,,"""20271""^^<http://www.w3.org/2001/XMLSchema#integer>"
<https://id.analoggamemuseum.org/api/media/20272>,<http://omeka.org/s/vocabs/o#id>,,"""20272""^^<http://www.w3.org/2001/XMLSchema#integer>"
<https://id.analoggamemuseum.org/api/media/20273>,<http://omeka.org/s/vocabs/o#id>,,"""20273""^^<http://www.w3.org/2001/XMLSchema#integer>"
<https://id.analoggamemuseum.org/api/media/20274>,<http://omeka.org/s/vocabs/o#id>,,"""20274""^^<http://www.w3.org/2001/XMLSchema#integer>"
<https://id.analoggamemuseum.org/api/media/20275>,<http://omeka.org/s/vocabs/o#id>,,"""20275""^^<http://www.w3.org/2001/XMLSchema#integer>"
<https://id.analoggamemuseum.org/api/media/20276>,<http://omeka.org/s/vocabs/o#id>,,"""20276""^^<http://www.w3.org/2001/XMLSchema#integer>"
<https://id.analoggamemuseum.org/api/media/20277>,<http://omeka.org/s/vocabs/o#id>,,"""20277""^^<http://www.w3.org/2001/XMLSchema#integer>"
<https://id.analoggamemuseum.org/api/media/20278>,<http://omeka.org/s/vocabs/o#id>,,"""20278""^^<http://www.w3.org/2001/XMLSchema#integer>"
<https://id.analoggamemuseum.org/api/media/20279>,<http://omeka.org/s/vocabs/o#id>,,"""20279""^^<http://www.w3.org/2001/XMLSchema#integer>"
<https://id.analoggamemuseum.org/api/media/20280>,<http://omeka.org/s/vocabs/o#id>,,"""20280""^^<http://www.w3.org/2001/XMLSchema#integer>"
<https://id.analoggamemuseum.org/api/media/20281>,<http://omeka.org/s/vocabs/o#id>,,"""20281""^^<http://www.w3.org/2001/XMLSchema#integer>"
<https://id.analoggamemuseum.org/api/media/20282>,<http://omeka.org/s/vocabs/o#id>,,"""20282""^^<http://www.w3.org/2001/XMLSchema#integer>"
<https://id.analoggamemuseum.org/api/media/20283>,<http://omeka.org/s/vocabs/o#id>,,"""20283""^^<http://www.w3.org/2001/XMLSchema#integer>"
<https://id.analoggamemuseum.org/api/media/20284>,<http://omeka.org/s/vocabs/o#id>,,"""20284""^^<http://www.w3.org/2001/XMLSchema#integer>"
<https://id.analoggamemuseum.org/api/media/20285>,<http://omeka.org/s/vocabs/o#id>,,"""20285""^^<http://www.w3.org/2001/XMLSchema#integer>"
<https://id.analoggamemuseum.org/api/media/20286>,<http://omeka.org/s/vocabs/o#id>,,"""20286""^^<http://www.w3.org/2001/XMLSchema#integer>"
<https://id.analoggamemuseum.org/api/media/20287>,<http://omeka.org/s/vocabs/o#id>,,"""20287""^^<http://www.w3.org/2001/XMLSchema#integer>"
<https://id.analoggamemuseum.org/api/media/20288>,<http://omeka.org/s/vocabs/o#id>,,"""20288""^^<http://www.w3.org/2001/XMLSchema#integer>"
<https://id.analoggamemuseum.org/api/media/20289>,<http://omeka.org/s/vocabs/o#id>,,"""20289""^^<http://www.w3.org/2001/XMLSchema#integer>"
<https://id.analoggamemuseum.org/api/media/20290>,<http://omeka.org/s/vocabs/o#id>,,"""20290""^^<http://www.w3.org/2001/XMLSchema#integer>"
<https://id.analoggamemuseum.org/api/media/20291>,<http://omeka.org/s/vocabs/o#id>,,"""20291""^^<http://www.w3.org/2001/XMLSchema#integer>"
<https://id.analoggamemuseum.org/api/media/20292>,<http://omeka.org/s/vocabs/o#id>,,"""20292""^^<http://www.w3.org/2001/XMLSchema#integer>"
<https://id.analoggamemuseum.org/api/media/20293>,<http://omeka.org/s/vocabs/o#id>,,"""20293""^^<http://www.w3.org/2001/XMLSchema#integer>"
<https://id.analoggamemuseum.org/api/media/20294>,<http://omeka.org/s/vocabs/o#id>,,"""20294""^^<http://www.w3.org/2001/XMLSchema#integer>"
<https://id.analoggamemuseum.org/api/media/20295>,<http://omeka.org/s/vocabs/o#id>,,"""20295""^^<http://www.w3.org/2001/XMLSchema#integer>"
<https://id.analoggamemuseum.org/api/media/20296>,<http://omeka.org/s/vocabs/o#id>,,"""20296""^^<http://www.w3.org/2001/XMLSchema#integer>"
<https://id.analoggamemuseum.org/api/media/20297>,<http://omeka.org/s/vocabs/o#id>,,"""20297""^^<http://www.w3.org/2001/XMLSchema#integer>"
<https://id.analoggamemuseum.org/api/media/20298>,<http://omeka.org/s/vocabs/o#id>,,"""20298""^^<http://www.w3.org/2001/XMLSchema#integer>"
<https://id.analoggamemuseum.org/api/media/20299>,<http://omeka.org/s/vocabs/o#id>,,"""20299""^^<http://www.w3.org/2001/XMLSchema#integer>"
<https://id.analoggamemuseum.org/api/media/20300>,<http://omeka.org/s/vocabs/o#id>,,"""20300""^^<http://www.w3.org/2001/XMLSchema#integer>"
<https://id.analoggamemuseum.org/api/media/20301>,<http://omeka.org/s/vocabs/o#id>,,"""20301""^^<http://www.w3.org/2001/XMLSchema#integer>"
<https://id.analoggamemuseum.org/api/media/20302>,<http://omeka.org/s/vocabs/o#id>,,"""20302""^^<http://www.w3.org/2001/XMLSchema#integer>"
<https://id.analoggamemuseum.org/api/media/20303>,<http://omeka.org/s/vocabs/o#id>,,"""20303""^^<http://www.w3.org/2001/XMLSchema#integer>"
<https://id.analoggamemuseum.org/api/media/20304>,<http://omeka.org/s/vocabs/o#id>,,"""20304""^^<http://www.w3.org/2001/XMLSchema#integer>"
<https://id.analoggamemuseum.org/api/media/20305>,<http://omeka.org/s/vocabs/o#id>,,"""20305""^^<http://www.w3.org/2001/XMLSchema#integer>"
<https://id.analoggamemuseum.org/api/media/20306>,<http://omeka.org/s/vocabs/o#id>,,"""20306""^^<http://www.w3.org/2001/XMLSchema#integer>"
<https://id.analoggamemuseum.org/api/media/20307>,<http://omeka.org/s/vocabs/o#id>,,"""20307""^^<http://www.w3.org/2001/XMLSchema#integer>"
<https://id.analoggamemuseum.org/api/media/20308>,<http://omeka.org/s/vocabs/o#id>,,"""20308""^^<http://www.w3.org/2001/XMLSchema#integer>"
<https://id.analoggamemuseum.org/api/media/20309>,<http://omeka.org/s/vocabs/o#id>,,"""20309""^^<http://www.w3.org/2001/XMLSchema#integer>"
<https://id.analoggamemuseum.org/api/media/20310>,<http://omeka.org/s/vocabs/o#id>,,"""20310""^^<http://www.w3.org/2001/XMLSchema#integer>"
<https://id.analoggamemuseum.org/api/media/20311>,<http://omeka.org/s/vocabs/o#id>,,"""20311""^^<http://www.w3.org/2001/XMLSchema#integer>"
<https://id.analoggamemuseum.org/api/media/20312>,<http://omeka.org/s/vocabs/o#id>,,"""20312""^^<http://www.w3.org/2001/XMLSchema#integer>"
<https://id.analoggamemuseum.org/api/media/20313>,<http://omeka.org/s/vocabs/o#id>,,"""20313""^^<http://www.w3.org/2001/XMLSchema#integer>"
<https://id.analoggamemuseum.org/api/media/20314>,<http://omeka.org/s/vocabs/o#id>,,"""20314""^^<http://www.w3.org/2001/XMLSchema#integer>"
<https://id.analoggamemuseum.org/api/media/20315>,<http://omeka.org/s/vocabs/o#id>,,"""20315""^^<http://www.w3.org/2001/XMLSchema#integer>"
<https://id.analoggamemuseum.org/api/media/20316>,<http://omeka.org/s/vocabs/o#id>,,"""20316""^^<http://www.w3.org/2001/XMLSchema#integer>"
<https://id.analoggamemuseum.org/api/media/20317>,<http://omeka.org/s/vocabs/o#id>,,"""20317""^^<http://www.w3.org/2001/XMLSchema#integer>"
<https://id.analoggamemuseum.org/api/media/20318>,<http://omeka.org/s/vocabs/o#id>,,"""20318""^^<http://www.w3.org/2001/XMLSchema#integer>"
<https://id.analoggamemuseum.org/api/media/20319>,<http://omeka.org/s/vocabs/o#id>,,"""20319""^^<http://www.w3.org/2001/XMLSchema#integer>"
<https://id.analoggamemuseum.org/api/media/20320>,<http://omeka.org/s/vocabs/o#id>,,"""20320""^^<http://www.w3.org/2001/XMLSchema#integer>"
<https://id.analoggamemuseum.org/api/media/20321>,<http://omeka.org/s/vocabs/o#id>,,"""20321""^^<http://www.w3.org/2001/XMLSchema#integer>"
<https://id.analoggamemuseum.org/api/media/20322>,<http://omeka.org/s/vocabs/o#id>,,"""20322""^^<http://www.w3.org/2001/XMLSchema#integer>"
<https://id.analoggamemuseum.org/api/media/20323>,<http://omeka.org/s/vocabs/o#id>,,"""20323""^^<http://www.w3.org/2001/XMLSchema#integer>"
<https://id.analoggamemuseum.org/api/media/20324>,<http://omeka.org/s/vocabs/o#id>,,"""20324""^^<http://www.w3.org/2001/XMLSchema#integer>"
<https://id.analoggamemuseum.org/api/media/20325>,<http://omeka.org/s/vocabs/o#id>,,"""20325""^^<http://www.w3.org/2001/XMLSchema#integer>"
<https://id.analoggamemuseum.org/api/media/20326>,<http://omeka.org/s/vocabs/o#id>,,"""20326""^^<http://www.w3.org/2001/XMLSchema#integer>"
<https://id.analoggamemuseum.org/api/media/20327>,<http://omeka.org/s/vocabs/o#id>,,"""20327""^^<http://www.w3.org/2001/XMLSchema#integer>"
<https://id.analoggamemuseum.org/api/media/20328>,<http://omeka.org/s/vocabs/o#id>,,"""20328""^^<http://www.w3.org/2001/XMLSchema#integer>"
<https://id.analoggamemuseum.org/api/media/20329>,<http://omeka.org/s/vocabs/o#id>,,"""20329""^^<http://www.w3.org/2001/XMLSchema#integer>"
<https://id.analoggamemuseum.org/api/media/20330>,<http://omeka.org/s/vocabs/o#id>,,"""20330""^^<http://www.w3.org/2001/XMLSchema#integer>"
<https://id.analoggamemuseum.org/api/media/20331>,<http://omeka.org/s/vocabs/o#id>,,"""20331""^^<http://www.w3.org/2001/XMLSchema#integer>"
<https://id.analoggamemuseum.org/api/media/20332>,<http://omeka.org/s/vocabs/o#id>,,"""20332""^^<http://www.w3.org/2001/XMLSchema#integer>"
<https://id.analoggamemuseum.org/api/media/20333>,<http://omeka.org/s/vocabs/o#id>,,"""20333""^^<http://www.w3.org/2001/XMLSchema#integer>"
<https://id.analoggamemuseum.org/api/media/20334>,<http://omeka.org/s/vocabs/o#id>,,"""20334""^^<http://www.w3.org/2001/XMLSchema#integer>"
<https://id.analoggamemuseum.org/api/media/20335>,<http://omeka.org/s/vocabs/o#id>,,"""20335""^^<http://www.w3.org/2001/XMLSchema#integer>"
<https://id.analoggamemuseum.org/api/media/20336>,<http://omeka.org/s/vocabs/o#id>,,"""20336""^^<http://www.w3.org/2001/XMLSchema#integer>"
<https://id.analoggamemuseum.org/api/media/20337>,<http://omeka.org/s/vocabs/o#id>,,"""20337""^^<http://www.w3.org/2001/XMLSchema#integer>"
<https://id.analoggamemuseum.org/api/media/20338>,<http://omeka.org/s/vocabs/o#id>,,"""20338""^^<http://www.w3.org/2001/XMLSchema#integer>"
<https://id.analoggamemuseum.org/api/media/20339>,<http://omeka.org/s/vocabs/o#id>,,"""20339""^^<http://www.w3.org/2001/XMLSchema#integer>"
<https://id.analoggamemuseum.org/api/media/20340>,<http://omeka.org/s/vocabs/o#id>,,"""20340""^^<http://www.w3.org/2001/XMLSchema#integer>"
<https://id.analoggamemuseum.org/api/media/20341>,<http://omeka.org/s/vocabs/o#id>,,"""20341""^^<http://www.w3.org/2001/XMLSchema#integer>"
<https://id.analoggamemuseum.org/api/media/20342>,<http://omeka.org/s/vocabs/o#id>,,"""20342""^^<http://www.w3.org/2001/XMLSchema#integer>"
<https://id.analoggamemuseum.org/api/media/20343>,<http://omeka.org/s/vocabs/o#id>,,"""20343""^^<http://www.w3.org/2001/XMLSchema#integer>"
<https://id.analoggamemuseum.org/api/media/20344>,<http://omeka.org/s/vocabs/o#id>,,"""20344""^^<http://www.w3.org/2001/XMLSchema#integer>"
<https://id.analoggamemuseum.org/api/media/20345>,<http://omeka.org/s/vocabs/o#id>,,"""20345""^^<http://www.w3.org/2001/XMLSchema#integer>"
<https://id.analoggamemuseum.org/api/media/20346>,<http://omeka.org/s/vocabs/o#id>,,"""20346""^^<http://www.w3.org/2001/XMLSchema#integer>"
<https://id.analoggamemuseum.org/api/media/20347>,<http://omeka.org/s/vocabs/o#id>,,"""20347""^^<http://www.w3.org/2001/XMLSchema#integer>"
<https://id.analoggamemuseum.org/api/media/20348>,<http://omeka.org/s/vocabs/o#id>,,"""20348""^^<http://www.w3.org/2001/XMLSchema#integer>"
<https://id.analoggamemuseum.org/api/media/20349>,<http://omeka.org/s/vocabs/o#id>,,"""20349""^^<http://www.w3.org/2001/XMLSchema#integer>"
<https://id.analoggamemuseum.org/api/media/20350>,<http://omeka.org/s/vocabs/o#id>,,"""20350""^^<http://www.w3.org/2001/XMLSchema#integer>"
<https://id.analoggamemuseum.org/api/media/20351>,<http://omeka.org/s/vocabs/o#id>,,"""20351""^^<http://www.w3.org/2001/XMLSchema#integer>"
<https://id.analoggamemuseum.org/api/media/20352>,<http://omeka.org/s/vocabs/o#id>,,"""20352""^^<http://www.w3.org/2001/XMLSchema#integer>"
<https://id.analoggamemuseum.org/api/media/20353>,<http://omeka.org/s/vocabs/o#id>,,"""20353""^^<http://www.w3.org/2001/XMLSchema#integer>"
<https://id.analoggamemuseum.org/api/media/20354>,<http://omeka.org/s/vocabs/o#id>,,"""20354""^^<http://www.w3.org/2001/XMLSchema#integer>"
<https://id.analoggamemuseum.org/api/media/20355>,<http://omeka.org/s/vocabs/o#id>,,"""20355""^^<http://www.w3.org/2001/XMLSchema#integer>"
<https://id.analoggamemuseum.org/api/media/20356>,<http://omeka.org/s/vocabs/o#id>,,"""20356""^^<http://www.w3.org/2001/XMLSchema#integer>"
<https://id.analoggamemuseum.org/api/media/20357>,<http://omeka.org/s/vocabs/o#id>,,"""20357""^^<http://www.w3.org/2001/XMLSchema#integer>"
<https://id.analoggamemuseum.org/api/media/20358>,<http://omeka.org/s/vocabs/o#id>,,"""20358""^^<http://www.w3.org/2001/XMLSchema#integer>"
<https://id.analoggamemuseum.org/api/media/20359>,<http://omeka.org/s/vocabs/o#id>,,"""20359""^^<http://www.w3.org/2001/XMLSchema#integer>"
<https://id.analoggamemuseum.org/api/media/20360>,<http://omeka.org/s/vocabs/o#id>,,"""20360""^^<http://www.w3.org/2001/XMLSchema#integer>"
<https://id.analoggamemuseum.org/api/media/20361>,<http://omeka.org/s/vocabs/o#id>,,"""20361""^^<http://www.w3.org/2001/XMLSchema#integer>"
<https://id.analoggamemuseum.org/api/media/20362>,<http://omeka.org/s/vocabs/o#id>,,"""20362""^^<http://www.w3.org/2001/XMLSchema#integer>"
<https://id.analoggamemuseum.org/api/media/20363>,<http://omeka.org/s/vocabs/o#id>,,"""20363""^^<http://www.w3.org/2001/XMLSchema#integer>"
<https://id.analoggamemuseum.org/api/media/20364>,<http://omeka.org/s/vocabs/o#id>,,"""20364""^^<http://www.w3.org/2001/XMLSchema#integer>"
<https://id.analoggamemuseum.org/api/media/20365>,<http://omeka.org/s/vocabs/o#id>,,"""20365""^^<http://www.w3.org/2001/XMLSchema#integer>"
<https://id.analoggamemuseum.org/api/media/20366>,<http://omeka.org/s/vocabs/o#id>,,"""20366""^^<http://www.w3.org/2001/XMLSchema#integer>"
<https://id.analoggamemuseum.org/api/media/20367>,<http://omeka.org/s/vocabs/o#id>,,"""20367""^^<http://www.w3.org/2001/XMLSchema#integer>"
<https://id.analoggamemuseum.org/api/media/20368>,<http://omeka.org/s/vocabs/o#id>,,"""20368""^^<http://www.w3.org/2001/XMLSchema#integer>"
<https://id.analoggamemuseum.org/api/media/20369>,<http://omeka.org/s/vocabs/o#id>,,"""20369""^^<http://www.w3.org/2001/XMLSchema#integer>"
<https://id.analoggamemuseum.org/api/media/20370>,<http://omeka.org/s/vocabs/o#id>,,"""20370""^^<http://www.w3.org/2001/XMLSchema#integer>"
<https://id.analoggamemuseum.org/api/media/20371>,<http://omeka.org/s/vocabs/o#id>,,"""20371""^^<http://www.w3.org/2001/XMLSchema#integer>"
<https://id.analoggamemuseum.org/api/media/20372>,<http://omeka.org/s/vocabs/o#id>,,"""20372""^^<http://www.w3.org/2001/XMLSchema#integer>"
<https://id.analoggamemuseum.org/api/media/20373>,<http://omeka.org/s/vocabs/o#id>,,"""20373""^^<http://www.w3.org/2001/XMLSchema#integer>"
<https://id.analoggamemuseum.org/api/media/20374>,<http://omeka.org/s/vocabs/o#id>,,"""20374""^^<http://www.w3.org/2001/XMLSchema#integer>"
<https://id.analoggamemuseum.org/api/media/20375>,<http://omeka.org/s/vocabs/o#id>,,"""20375""^^<http://www.w3.org/2001/XMLSchema#integer>"
<https://id.analoggamemuseum.org/api/media/20376>,<http://omeka.org/s/vocabs/o#id>,,"""20376""^^<http://www.w3.org/2001/XMLSchema#integer>"
<https://id.analoggamemuseum.org/api/media/20377>,<http://omeka.org/s/vocabs/o#id>,,"""20377""^^<http://www.w3.org/2001/XMLSchema#integer>"
<https://id.analoggamemuseum.org/api/media/20378>,<http://omeka.org/s/vocabs/o#id>,,"""20378""^^<http://www.w3.org/2001/XMLSchema#integer>"
<https://id.analoggamemuseum.org/api/media/20379>,<http://omeka.org/s/vocabs/o#id>,,"""20379""^^<http://www.w3.org/2001/XMLSchema#integer>"
<https://id.analoggamemuseum.org/api/media/20380>,<http://omeka.org/s/vocabs/o#id>,,"""20380""^^<http://www.w3.org/2001/XMLSchema#integer>"
<https://id.analoggamemuseum.org/api/media/20381>,<http://omeka.org/s/vocabs/o#id>,,"""20381""^^<http://www.w3.org/2001/XMLSchema#integer>"
<https://id.analoggamemuseum.org/api/media/20382>,<http://omeka.org/s/vocabs/o#id>,,"""20382""^^<http://www.w3.org/2001/XMLSchema#integer>"
<https://id.analoggamemuseum.org/api/media/20383>,<http://omeka.org/s/vocabs/o#id>,,"""20383""^^<http://www.w3.org/2001/XMLSchema#integer>"
<https://id.analoggamemuseum.org/api/media/20384>,<http://omeka.org/s/vocabs/o#id>,,"""20384""^^<http://www.w3.org/2001/XMLSchema#integer>"
<https://id.analoggamemuseum.org/api/media/20385>,<http://omeka.org/s/vocabs/o#id>,,"""20385""^^<http://www.w3.org/2001/XMLSchema#integer>"
<https://id.analoggamemuseum.org/api/media/20386>,<http://omeka.org/s/vocabs/o#id>,,"""20386""^^<http://www.w3.org/2001/XMLSchema#integer>"
<https://id.analoggamemuseum.org/api/media/20387>,<http://omeka.org/s/vocabs/o#id>,,"""20387""^^<http://www.w3.org/2001/XMLSchema#integer>"
<https://id.analoggamemuseum.org/api/media/20388>,<http://omeka.org/s/vocabs/o#id>,,"""20388""^^<http://www.w3.org/2001/XMLSchema#integer>"
<https://id.analoggamemuseum.org/api/media/20389>,<http://omeka.org/s/vocabs/o#id>,,"""20389""^^<http://www.w3.org/2001/XMLSchema#integer>"
<https://id.analoggamemuseum.org/api/media/20390>,<http://omeka.org/s/vocabs/o#id>,,"""20390""^^<http://www.w3.org/2001/XMLSchema#integer>"
<https://id.analoggamemuseum.org/api/media/20391>,<http://omeka.org/s/vocabs/o#id>,,"""20391""^^<http://www.w3.org/2001/XMLSchema#integer>"
<https://id.analoggamemuseum.org/api/media/20392>,<http://omeka.org/s/vocabs/o#id>,,"""20392""^^<http://www.w3.org/2001/XMLSchema#integer>"
<https://id.analoggamemuseum.org/api/media/20393>,<http://omeka.org/s/vocabs/o#id>,,"""20393""^^<http://www.w3.org/2001/XMLSchema#integer>"
<https://id.analoggamemuseum.org/api/media/20394>,<http://omeka.org/s/vocabs/o#id>,,"""20394""^^<http://www.w3.org/2001/XMLSchema#integer>"
<https://id.analoggamemuseum.org/api/media/20395>,<http://omeka.org/s/vocabs/o#id>,,"""20395""^^<http://www.w3.org/2001/XMLSchema#integer>"
<https://id.analoggamemuseum.org/api/media/20396>,<http://omeka.org/s/vocabs/o#id>,,"""20396""^^<http://www.w3.org/2001/XMLSchema#integer>"
<https://id.analoggamemuseum.org/api/media/20397>,<http://omeka.org/s/vocabs/o#id>,,"""20397""^^<http://www.w3.org/2001/XMLSchema#integer>"
<https://id.analoggamemuseum.org/api/media/20398>,<http://omeka.org/s/vocabs/o#id>,,"""20398""^^<http://www.w3.org/2001/XMLSchema#integer>"
<https://id.analoggamemuseum.org/api/media/20399>,<http://omeka.org/s/vocabs/o#id>,,"""20399""^^<http://www.w3.org/2001/XMLSchema#integer>"
<https://id.analoggamemuseum.org/api/media/20400>,<http://omeka.org/s/vocabs/o#id>,,"""20400""^^<http://www.w3.org/2001/XMLSchema#integer>"
<https://id.analoggamemuseum.org/api/media/20401>,<http://omeka.org/s/vocabs/o#id>,,"""20401""^^<http://www.w3.org/2001/XMLSchema#integer>"
<https://id.analoggamemuseum.org/api/media/20402>,<http://omeka.org/s/vocabs/o#id>,,"""20402""^^<http://www.w3.org/2001/XMLSchema#integer>"
<https://id.analoggamemuseum.org/api/media/20403>,<http://omeka.org/s/vocabs/o#id>,,"""20403""^^<http://www.w3.org/2001/XMLSchema#integer>"
<https://id.analoggamemuseum.org/api/media/20404>,<http://omeka.org/s/vocabs/o#id>,,"""20404""^^<http://www.w3.org/2001/XMLSchema#integer>"
<https://id.analoggamemuseum.org/api/media/20405>,<http://omeka.org/s/vocabs/o#id>,,"""20405""^^<http://www.w3.org/2001/XMLSchema#integer>"
<https://id.analoggamemuseum.org/api/media/20406>,<http://omeka.org/s/vocabs/o#id>,,"""20406""^^<http://www.w3.org/2001/XMLSchema#integer>"
<https://id.analoggamemuseum.org/api/media/20407>,<http://omeka.org/s/vocabs/o#id>,,"""20407""^^<http://www.w3.org/2001/XMLSchema#integer>"
<https://id.analoggamemuseum.org/api/media/20408>,<http://omeka.org/s/vocabs/o#id>,,"""20408""^^<http://www.w3.org/2001/XMLSchema#integer>"
<https://id.analoggamemuseum.org/api/media/20409>,<http://omeka.org/s/vocabs/o#id>,,"""20409""^^<http://www.w3.org/2001/XMLSchema#integer>"
<https://id.analoggamemuseum.org/api/media/20410>,<http://omeka.org/s/vocabs/o#id>,,"""20410""^^<http://www.w3.org/2001/XMLSchema#integer>"
<https://id.analoggamemuseum.org/api/media/20411>,<http://omeka.org/s/vocabs/o#id>,,"""20411""^^<http://www.w3.org/2001/XMLSchema#integer>"
<https://id.analoggamemuseum.org/api/media/20412>,<http://omeka.org/s/vocabs/o#id>,,"""20412""^^<http://www.w3.org/2001/XMLSchema#integer>"
<https://id.analoggamemuseum.org/api/media/20413>,<http://omeka.org/s/vocabs/o#id>,,"""20413""^^<http://www.w3.org/2001/XMLSchema#integer>"
<https://id.analoggamemuseum.org/api/media/20414>,<http://omeka.org/s/vocabs/o#id>,,"""20414""^^<http://www.w3.org/2001/XMLSchema#integer>"
<https://id.analoggamemuseum.org/api/media/20415>,<http://omeka.org/s/vocabs/o#id>,,"""20415""^^<http://www.w3.org/2001/XMLSchema#integer>"
<https://id.analoggamemuseum.org/api/media/20416>,<http://omeka.org/s/vocabs/o#id>,,"""20416""^^<http://www.w3.org/2001/XMLSchema#integer>"
<https://id.analoggamemuseum.org/api/media/20417>,<http://omeka.org/s/vocabs/o#id>,,"""20417""^^<http://www.w3.org/2001/XMLSchema#integer>"
<https://id.analoggamemuseum.org/api/media/20418>,<http://omeka.org/s/vocabs/o#id>,,"""20418""^^<http://www.w3.org/2001/XMLSchema#integer>"
<https://id.analoggamemuseum.org/api/media/20419>,<http://omeka.org/s/vocabs/o#id>,,"""20419""^^<http://www.w3.org/2001/XMLSchema#integer>"
<https://id.analoggamemuseum.org/api/media/20420>,<http://omeka.org/s/vocabs/o#id>,,"""20420""^^<http://www.w3.org/2001/XMLSchema#integer>"
<https://id.analoggamemuseum.org/api/media/20421>,<http://omeka.org/s/vocabs/o#id>,,"""20421""^^<http://www.w3.org/2001/XMLSchema#integer>"
<https://id.analoggamemuseum.org/api/media/20422>,<http://omeka.org/s/vocabs/o#id>,,"""20422""^^<http://www.w3.org/2001/XMLSchema#integer>"
<https://id.analoggamemuseum.org/api/media/20423>,<http://omeka.org/s/vocabs/o#id>,,"""20423""^^<http://www.w3.org/2001/XMLSchema#integer>"
<https://id.analoggamemuseum.org/api/media/20424>,<http://omeka.org/s/vocabs/o#id>,,"""20424""^^<http://www.w3.org/2001/XMLSchema#integer>"
<https://id.analoggamemuseum.org/api/media/20425>,<http://omeka.org/s/vocabs/o#id>,,"""20425""^^<http://www.w3.org/2001/XMLSchema#integer>"
<https://id.analoggamemuseum.org/api/media/20426>,<http://omeka.org/s/vocabs/o#id>,,"""20426""^^<http://www.w3.org/2001/XMLSchema#integer>"
<https://id.analoggamemuseum.org/api/media/20427>,<http://omeka.org/s/vocabs/o#id>,,"""20427""^^<http://www.w3.org/2001/XMLSchema#integer>"
<https://id.analoggamemuseum.org/api/media/20428>,<http://omeka.org/s/vocabs/o#id>,,"""20428""^^<http://www.w3.org/2001/XMLSchema#integer>"
<https://id.analoggamemuseum.org/api/media/20429>,<http://omeka.org/s/vocabs/o#id>,,"""20429""^^<http://www.w3.org/2001/XMLSchema#integer>"
<https://id.analoggamemuseum.org/api/media/20430>,<http://omeka.org/s/vocabs/o#id>,,"""20430""^^<http://www.w3.org/2001/XMLSchema#integer>"
<https://id.analoggamemuseum.org/api/media/20431>,<http://omeka.org/s/vocabs/o#id>,,"""20431""^^<http://www.w3.org/2001/XMLSchema#integer>"
<https://id.analoggamemuseum.org/api/media/20432>,<http://omeka.org/s/vocabs/o#id>,,"""20432""^^<http://www.w3.org/2001/XMLSchema#integer>"
<https://id.analoggamemuseum.org/api/media/20433>,<http://omeka.org/s/vocabs/o#id>,,"""20433""^^<http://www.w3.org/2001/XMLSchema#integer>"
<https://id.analoggamemuseum.org/api/media/20434>,<http://omeka.org/s/vocabs/o#id>,,"""20434""^^<http://www.w3.org/2001/XMLSchema#integer>"
<https://id.analoggamemuseum.org/api/media/20435>,<http://omeka.org/s/vocabs/o#id>,,"""20435""^^<http://www.w3.org/2001/XMLSchema#integer>"
<https://id.analoggamemuseum.org/api/media/20436>,<http://omeka.org/s/vocabs/o#id>,,"""20436""^^<http://www.w3.org/2001/XMLSchema#integer>"
<https://id.analoggamemuseum.org/api/media/20437>,<http://omeka.org/s/vocabs/o#id>,,"""20437""^^<http://www.w3.org/2001/XMLSchema#integer>"
<https://id.analoggamemuseum.org/api/media/20438>,<http://omeka.org/s/vocabs/o#id>,,"""20438""^^<http://www.w3.org/2001/XMLSchema#integer>"
<https://id.analoggamemuseum.org/api/media/20439>,<http://omeka.org/s/vocabs/o#id>,,"""20439""^^<http://www.w3.org/2001/XMLSchema#integer>"
<https://id.analoggamemuseum.org/api/media/20440>,<http://omeka.org/s/vocabs/o#id>,,"""20440""^^<http://www.w3.org/2001/XMLSchema#integer>"
<https://id.analoggamemuseum.org/api/media/20441>,<http://omeka.org/s/vocabs/o#id>,,"""20441""^^<http://www.w3.org/2001/XMLSchema#integer>"
<https://id.analoggamemuseum.org/api/media/20442>,<http://omeka.org/s/vocabs/o#id>,,"""20442""^^<http://www.w3.org/2001/XMLSchema#integer>"
<https://id.analoggamemuseum.org/api/media/20443>,<http://omeka.org/s/vocabs/o#id>,,"""20443""^^<http://www.w3.org/2001/XMLSchema#integer>"
<https://id.analoggamemuseum.org/api/media/20444>,<http://omeka.org/s/vocabs/o#id>,,"""20444""^^<http://www.w3.org/2001/XMLSchema#integer>"
<https://id.analoggamemuseum.org/api/media/20445>,<http://omeka.org/s/vocabs/o#id>,,"""20445""^^<http://www.w3.org/2001/XMLSchema#integer>"
<https://id.analoggamemuseum.org/api/media/20446>,<http://omeka.org/s/vocabs/o#id>,,"""20446""^^<http://www.w3.org/2001/XMLSchema#integer>"
<https://id.analoggamemuseum.org/api/media/20447>,<http://omeka.org/s/vocabs/o#id>,,"""20447""^^<http://www.w3.org/2001/XMLSchema#integer>"
<https://id.analoggamemuseum.org/api/media/20448>,<http://omeka.org/s/vocabs/o#id>,,"""20448""^^<http://www.w3.org/2001/XMLSchema#integer>"
<https://id.analoggamemuseum.org/api/media/20449>,<http://omeka.org/s/vocabs/o#id>,,"""20449""^^<http://www.w3.org/2001/XMLSchema#integer>"
<https://id.analoggamemuseum.org/api/media/20450>,<http://omeka.org/s/vocabs/o#id>,,"""20450""^^<http://www.w3.org/2001/XMLSchema#integer>"
<https://id.analoggamemuseum.org/api/media/20451>,<http://omeka.org/s/vocabs/o#id>,,"""20451""^^<http://www.w3.org/2001/XMLSchema#integer>"
<https://id.analoggamemuseum.org/api/media/20452>,<http://omeka.org/s/vocabs/o#id>,,"""20452""^^<http://www.w3.org/2001/XMLSchema#integer>"
<https://id.analoggamemuseum.org/api/media/20453>,<http://omeka.org/s/vocabs/o#id>,,"""20453""^^<http://www.w3.org/2001/XMLSchema#integer>"
<https://id.analoggamemuseum.org/api/media/20454>,<http://omeka.org/s/vocabs/o#id>,,"""20454""^^<http://www.w3.org/2001/XMLSchema#integer>"
<https://id.analoggamemuseum.org/api/media/20455>,<http://omeka.org/s/vocabs/o#id>,,"""20455""^^<http://www.w3.org/2001/XMLSchema#integer>"
<https://id.analoggamemuseum.org/api/media/20456>,<http://omeka.org/s/vocabs/o#id>,,"""20456""^^<http://www.w3.org/2001/XMLSchema#integer>"
<https://id.analoggamemuseum.org/api/media/20457>,<http://omeka.org/s/vocabs/o#id>,,"""20457""^^<http://www.w3.org/2001/XMLSchema#integer>"
<https://id.analoggamemuseum.org/api/media/20458>,<http://omeka.org/s/vocabs/o#id>,,"""20458""^^<http://www.w3.org/2001/XMLSchema#integer>"
<https://id.analoggamemuseum.org/api/media/20459>,<http://omeka.org/s/vocabs/o#id>,,"""20459""^^<http://www.w3.org/2001/XMLSchema#integer>"
<https://id.analoggamemuseum.org/api/media/20460>,<http://omeka.org/s/vocabs/o#id>,,"""20460""^^<http://www.w3.org/2001/XMLSchema#integer>"
<https://id.analoggamemuseum.org/api/media/20461>,<http://omeka.org/s/vocabs/o#id>,,"""20461""^^<http://www.w3.org/2001/XMLSchema#integer>"
<https://id.analoggamemuseum.org/api/media/20462>,<http://omeka.org/s/vocabs/o#id>,,"""20462""^^<http://www.w3.org/2001/XMLSchema#integer>"
<https://id.analoggamemuseum.org/api/media/20463>,<http://omeka.org/s/vocabs/o#id>,,"""20463""^^<http://www.w3.org/2001/XMLSchema#integer>"
<https://id.analoggamemuseum.org/api/media/20464>,<http://omeka.org/s/vocabs/o#id>,,"""20464""^^<http://www.w3.org/2001/XMLSchema#integer>"
<https://id.analoggamemuseum.org/api/media/20465>,<http://omeka.org/s/vocabs/o#id>,,"""20465""^^<http://www.w3.org/2001/XMLSchema#integer>"
<https://id.analoggamemuseum.org/api/media/20466>,<http://omeka.org/s/vocabs/o#id>,,"""20466""^^<http://www.w3.org/2001/XMLSchema#integer>"
<https://id.analoggamemuseum.org/api/media/20467>,<http://omeka.org/s/vocabs/o#id>,,"""20467""^^<http://www.w3.org/2001/XMLSchema#integer>"
<https://id.analoggamemuseum.org/api/media/20468>,<http://omeka.org/s/vocabs/o#id>,,"""20468""^^<http://www.w3.org/2001/XMLSchema#integer>"
<https://id.analoggamemuseum.org/api/media/20469>,<http://omeka.org/s/vocabs/o#id>,,"""20469""^^<http://www.w3.org/2001/XMLSchema#integer>"
<https://id.analoggamemuseum.org/api/media/20470>,<http://omeka.org/s/vocabs/o#id>,,"""20470""^^<http://www.w3.org/2001/XMLSchema#integer>"
<https://id.analoggamemuseum.org/api/media/20471>,<http://omeka.org/s/vocabs/o#id>,,"""20471""^^<http://www.w3.org/2001/XMLSchema#integer>"
<https://id.analoggamemuseum.org/api/media/20472>,<http://omeka.org/s/vocabs/o#id>,,"""20472""^^<http://www.w3.org/2001/XMLSchema#integer>"
<https://id.analoggamemuseum.org/api/media/20473>,<http://omeka.org/s/vocabs/o#id>,,"""20473""^^<http://www.w3.org/2001/XMLSchema#integer>"
<https://id.analoggamemuseum.org/api/media/20474>,<http://omeka.org/s/vocabs/o#id>,,"""20474""^^<http://www.w3.org/2001/XMLSchema#integer>"
<https://id.analoggamemuseum.org/api/media/20475>,<http://omeka.org/s/vocabs/o#id>,,"""20475""^^<http://www.w3.org/2001/XMLSchema#integer>"
<https://id.analoggamemuseum.org/api/media/20476>,<http://omeka.org/s/vocabs/o#id>,,"""20476""^^<http://www.w3.org/2001/XMLSchema#integer>"
<https://id.analoggamemuseum.org/api/media/20477>,<http://omeka.org/s/vocabs/o#id>,,"""20477""^^<http://www.w3.org/2001/XMLSchema#integer>"
<https://id.analoggamemuseum.org/api/media/20478>,<http://omeka.org/s/vocabs/o#id>,,"""20478""^^<http://www.w3.org/2001/XMLSchema#integer>"
<https://id.analoggamemuseum.org/api/media/20479>,<http://omeka.org/s/vocabs/o#id>,,"""20479""^^<http://www.w3.org/2001/XMLSchema#integer>"
<https://id.analoggamemuseum.org/api/media/20480>,<http://omeka.org/s/vocabs/o#id>,,"""20480""^^<http://www.w3.org/2001/XMLSchema#integer>"
<https://id.analoggamemuseum.org/api/media/20481>,<http://omeka.org/s/vocabs/o#id>,,"""20481""^^<http://www.w3.org/2001/XMLSchema#integer>"
<https://id.analoggamemuseum.org/api/media/20482>,<http://omeka.org/s/vocabs/o#id>,,"""20482""^^<http://www.w3.org/2001/XMLSchema#integer>"
<https://id.analoggamemuseum.org/api/media/20483>,<http://omeka.org/s/vocabs/o#id>,,"""20483""^^<http://www.w3.org/2001/XMLSchema#integer>"
<https://id.analoggamemuseum.org/api/media/20484>,<http://omeka.org/s/vocabs/o#id>,,"""20484""^^<http://www.w3.org/2001/XMLSchema#integer>"
<https://id.analoggamemuseum.org/api/media/20485>,<http://omeka.org/s/vocabs/o#id>,,"""20485""^^<http://www.w3.org/2001/XMLSchema#integer>"
<https://id.analoggamemuseum.org/api/media/20486>,<http://omeka.org/s/vocabs/o#id>,,"""20486""^^<http://www.w3.org/2001/XMLSchema#integer>"
<https://id.analoggamemuseum.org/api/media/20487>,<http://omeka.org/s/vocabs/o#id>,,"""20487""^^<http://www.w3.org/2001/XMLSchema#integer>"
<https://id.analoggamemuseum.org/api/media/20488>,<http://omeka.org/s/vocabs/o#id>,,"""20488""^^<http://www.w3.org/2001/XMLSchema#integer>"
<https://id.analoggamemuseum.org/api/media/20489>,<http://omeka.org/s/vocabs/o#id>,,"""20489""^^<http://www.w3.org/2001/XMLSchema#integer>"
<https://id.analoggamemuseum.org/api/media/20490>,<http://omeka.org/s/vocabs/o#id>,,"""20490""^^<http://www.w3.org/2001/XMLSchema#integer>"
<https://id.analoggamemuseum.org/api/media/20491>,<http://omeka.org/s/vocabs/o#id>,,"""20491""^^<http://www.w3.org/2001/XMLSchema#integer>"
<https://id.analoggamemuseum.org/api/media/20492>,<http://omeka.org/s/vocabs/o#id>,,"""20492""^^<http://www.w3.org/2001/XMLSchema#integer>"
<https://id.analoggamemuseum.org/api/media/20493>,<http://omeka.org/s/vocabs/o#id>,,"""20493""^^<http://www.w3.org/2001/XMLSchema#integer>"
<https://id.analoggamemuseum.org/api/media/20494>,<http://omeka.org/s/vocabs/o#id>,,"""20494""^^<http://www.w3.org/2001/XMLSchema#integer>"
<https://id.analoggamemuseum.org/api/media/20495>,<http://omeka.org/s/vocabs/o#id>,,"""20495""^^<http://www.w3.org/2001/XMLSchema#integer>"
<https://id.analoggamemuseum.org/api/media/20496>,<http://omeka.org/s/vocabs/o#id>,,"""20496""^^<http://www.w3.org/2001/XMLSchema#integer>"
<https://id.analoggamemuseum.org/api/media/20497>,<http://omeka.org/s/vocabs/o#id>,,"""20497""^^<http://www.w3.org/2001/XMLSchema#integer>"
<https://id.analoggamemuseum.org/api/media/20498>,<http://omeka.org/s/vocabs/o#id>,,"""20498""^^<http://www.w3.org/2001/XMLSchema#integer>"
<https://id.analoggamemuseum.org/api/media/20499>,<http://omeka.org/s/vocabs/o#id>,,"""20499""^^<http://www.w3.org/2001/XMLSchema#integer>"
<https://id.analoggamemuseum.org/api/media/20500>,<http://omeka.org/s/vocabs/o#id>,,"""20500""^^<http://www.w3.org/2001/XMLSchema#integer>"
<https://id.analoggamemuseum.org/api/media/20501>,<http://omeka.org/s/vocabs/o#id>,,"""20501""^^<http://www.w3.org/2001/XMLSchema#integer>"
<https://id.analoggamemuseum.org/api/media/20502>,<http://omeka.org/s/vocabs/o#id>,,"""20502""^^<http://www.w3.org/2001/XMLSchema#integer>"
<https://id.analoggamemuseum.org/api/media/20503>,<http://omeka.org/s/vocabs/o#id>,,"""20503""^^<http://www.w3.org/2001/XMLSchema#integer>"
<https://id.analoggamemuseum.org/api/media/20504>,<http://omeka.org/s/vocabs/o#id>,,"""20504""^^<http://www.w3.org/2001/XMLSchema#integer>"
<https://id.analoggamemuseum.org/api/media/20505>,<http://omeka.org/s/vocabs/o#id>,,"""20505""^^<http://www.w3.org/2001/XMLSchema#integer>"
<https://id.analoggamemuseum.org/api/media/20506>,<http://omeka.org/s/vocabs/o#id>,,"""20506""^^<http://www.w3.org/2001/XMLSchema#integer>"
<https://id.analoggamemuseum.org/api/media/20507>,<http://omeka.org/s/vocabs/o#id>,,"""20507""^^<http://www.w3.org/2001/XMLSchema#integer>"
<https://id.analoggamemuseum.org/api/media/20508>,<http://omeka.org/s/vocabs/o#id>,,"""20508""^^<http://www.w3.org/2001/XMLSchema#integer>"
<https://id.analoggamemuseum.org/api/media/20509>,<http://omeka.org/s/vocabs/o#id>,,"""20509""^^<http://www.w3.org/2001/XMLSchema#integer>"
<https://id.analoggamemuseum.org/api/media/20510>,<http://omeka.org/s/vocabs/o#id>,,"""20510""^^<http://www.w3.org/2001/XMLSchema#integer>"
<https://id.analoggamemuseum.org/api/media/20511>,<http://omeka.org/s/vocabs/o#id>,,"""20511""^^<http://www.w3.org/2001/XMLSchema#integer>"
<https://id.analoggamemuseum.org/api/media/20512>,<http://omeka.org/s/vocabs/o#id>,,"""20512""^^<http://www.w3.org/2001/XMLSchema#integer>"
<https://id.analoggamemuseum.org/api/media/20513>,<http://omeka.org/s/vocabs/o#id>,,"""20513""^^<http://www.w3.org/2001/XMLSchema#integer>"
<https://id.analoggamemuseum.org/api/media/20514>,<http://omeka.org/s/vocabs/o#id>,,"""20514""^^<http://www.w3.org/2001/XMLSchema#integer>"
<https://id.analoggamemuseum.org/api/media/20515>,<http://omeka.org/s/vocabs/o#id>,,"""20515""^^<http://www.w3.org/2001/XMLSchema#integer>"
<https://id.analoggamemuseum.org/api/media/20516>,<http://omeka.org/s/vocabs/o#id>,,"""20516""^^<http://www.w3.org/2001/XMLSchema#integer>"
<https://id.analoggamemuseum.org/api/media/20517>,<http://omeka.org/s/vocabs/o#id>,,"""20517""^^<http://www.w3.org/2001/XMLSchema#integer>"
<https://id.analoggamemuseum.org/api/media/20518>,<http://omeka.org/s/vocabs/o#id>,,"""20518""^^<http://www.w3.org/2001/XMLSchema#integer>"
<https://id.analoggamemuseum.org/api/media/20519>,<http://omeka.org/s/vocabs/o#id>,,"""20519""^^<http://www.w3.org/2001/XMLSchema#integer>"
<https://id.analoggamemuseum.org/api/media/20520>,<http://omeka.org/s/vocabs/o#id>,,"""20520""^^<http://www.w3.org/2001/XMLSchema#integer>"
<https://id.analoggamemuseum.org/api/media/20521>,<http://omeka.org/s/vocabs/o#id>,,"""20521""^^<http://www.w3.org/2001/XMLSchema#integer>"
<https://id.analoggamemuseum.org/api/media/20522>,<http://omeka.org/s/vocabs/o#id>,,"""20522""^^<http://www.w3.org/2001/XMLSchema#integer>"
<https://id.analoggamemuseum.org/api/media/20523>,<http://omeka.org/s/vocabs/o#id>,,"""20523""^^<http://www.w3.org/2001/XMLSchema#integer>"
<https://id.analoggamemuseum.org/api/media/20524>,<http://omeka.org/s/vocabs/o#id>,,"""20524""^^<http://www.w3.org/2001/XMLSchema#integer>"
<https://id.analoggamemuseum.org/api/media/20525>,<http://omeka.org/s/vocabs/o#id>,,"""20525""^^<http://www.w3.org/2001/XMLSchema#integer>"
<https://id.analoggamemuseum.org/api/media/20526>,<http://omeka.org/s/vocabs/o#id>,,"""20526""^^<http://www.w3.org/2001/XMLSchema#integer>"
<https://id.analoggamemuseum.org/api/media/20527>,<http://omeka.org/s/vocabs/o#id>,,"""20527""^^<http://www.w3.org/2001/XMLSchema#integer>"
<https://id.analoggamemuseum.org/api/media/20528>,<http://omeka.org/s/vocabs/o#id>,,"""20528""^^<http://www.w3.org/2001/XMLSchema#integer>"
<https://id.analoggamemuseum.org/api/media/20529>,<http://omeka.org/s/vocabs/o#id>,,"""20529""^^<http://www.w3.org/2001/XMLSchema#integer>"
<https://id.analoggamemuseum.org/api/media/20530>,<http://omeka.org/s/vocabs/o#id>,,"""20530""^^<http://www.w3.org/2001/XMLSchema#integer>"
<https://id.analoggamemuseum.org/api/media/20531>,<http://omeka.org/s/vocabs/o#id>,,"""20531""^^<http://www.w3.org/2001/XMLSchema#integer>"
<https://id.analoggamemuseum.org/api/media/20532>,<http://omeka.org/s/vocabs/o#id>,,"""20532""^^<http://www.w3.org/2001/XMLSchema#integer>"
<https://id.analoggamemuseum.org/api/media/20533>,<http://omeka.org/s/vocabs/o#id>,,"""20533""^^<http://www.w3.org/2001/XMLSchema#integer>"
<https://id.analoggamemuseum.org/api/media/20534>,<http://omeka.org/s/vocabs/o#id>,,"""20534""^^<http://www.w3.org/2001/XMLSchema#integer>"
<https://id.analoggamemuseum.org/api/media/20535>,<http://omeka.org/s/vocabs/o#id>,,"""20535""^^<http://www.w3.org/2001/XMLSchema#integer>"
<https://id.analoggamemuseum.org/api/media/20536>,<http://omeka.org/s/vocabs/o#id>,,"""20536""^^<http://www.w3.org/2001/XMLSchema#integer>"
<https://id.analoggamemuseum.org/api/media/20537>,<http://omeka.org/s/vocabs/o#id>,,"""20537""^^<http://www.w3.org/2001/XMLSchema#integer>"
<https://id.analoggamemuseum.org/api/media/20538>,<http://omeka.org/s/vocabs/o#id>,,"""20538""^^<http://www.w3.org/2001/XMLSchema#integer>"
<https://id.analoggamemuseum.org/api/media/20539>,<http://omeka.org/s/vocabs/o#id>,,"""20539""^^<http://www.w3.org/2001/XMLSchema#integer>"
<https://id.analoggamemuseum.org/api/media/20540>,<http://omeka.org/s/vocabs/o#id>,,"""20540""^^<http://www.w3.org/2001/XMLSchema#integer>"
<https://id.analoggamemuseum.org/api/media/20541>,<http://omeka.org/s/vocabs/o#id>,,"""20541""^^<http://www.w3.org/2001/XMLSchema#integer>"
<https://id.analoggamemuseum.org/api/media/20542>,<http://omeka.org/s/vocabs/o#id>,,"""20542""^^<http://www.w3.org/2001/XMLSchema#integer>"
<https://id.analoggamemuseum.org/api/media/20543>,<http://omeka.org/s/vocabs/o#id>,,"""20543""^^<http://www.w3.org/2001/XMLSchema#integer>"
<https://id.analoggamemuseum.org/api/media/20544>,<http://omeka.org/s/vocabs/o#id>,,"""20544""^^<http://www.w3.org/2001/XMLSchema#integer>"
<https://id.analoggamemuseum.org/api/media/20545>,<http://omeka.org/s/vocabs/o#id>,,"""20545""^^<http://www.w3.org/2001/XMLSchema#integer>"
<https://id.analoggamemuseum.org/api/media/20546>,<http://omeka.org/s/vocabs/o#id>,,"""20546""^^<http://www.w3.org/2001/XMLSchema#integer>"
<https://id.analoggamemuseum.org/api/media/20547>,<http://omeka.org/s/vocabs/o#id>,,"""20547""^^<http://www.w3.org/2001/XMLSchema#integer>"
<https://id.analoggamemuseum.org/api/media/20548>,<http://omeka.org/s/vocabs/o#id>,,"""20548""^^<http://www.w3.org/2001/XMLSchema#integer>"
<https://id.analoggamemuseum.org/api/media/20549>,<http://omeka.org/s/vocabs/o#id>,,"""20549""^^<http://www.w3.org/2001/XMLSchema#integer>"
<https://id.analoggamemuseum.org/api/media/20550>,<http://omeka.org/s/vocabs/o#id>,,"""20550""^^<http://www.w3.org/2001/XMLSchema#integer>"
<https://id.analoggamemuseum.org/api/media/20551>,<http://omeka.org/s/vocabs/o#id>,,"""20551""^^<http://www.w3.org/2001/XMLSchema#integer>"
<https://id.analoggamemuseum.org/api/media/20552>,<http://omeka.org/s/vocabs/o#id>,,"""20552""^^<http://www.w3.org/2001/XMLSchema#integer>"
<https://id.analoggamemuseum.org/api/media/20553>,<http://omeka.org/s/vocabs/o#id>,,"""20553""^^<http://www.w3.org/2001/XMLSchema#integer>"
<https://id.analoggamemuseum.org/api/media/20554>,<http://omeka.org/s/vocabs/o#id>,,"""20554""^^<http://www.w3.org/2001/XMLSchema#integer>"
<https://id.analoggamemuseum.org/api/media/20555>,<http://omeka.org/s/vocabs/o#id>,,"""20555""^^<http://www.w3.org/2001/XMLSchema#integer>"
<https://id.analoggamemuseum.org/api/media/20556>,<http://omeka.org/s/vocabs/o#id>,,"""20556""^^<http://www.w3.org/2001/XMLSchema#integer>"
<https://id.analoggamemuseum.org/api/media/20557>,<http://omeka.org/s/vocabs/o#id>,,"""20557""^^<http://www.w3.org/2001/XMLSchema#integer>"
<https://id.analoggamemuseum.org/api/media/20558>,<http://omeka.org/s/vocabs/o#id>,,"""20558""^^<http://www.w3.org/2001/XMLSchema#integer>"
<https://id.analoggamemuseum.org/api/media/20559>,<http://omeka.org/s/vocabs/o#id>,,"""20559""^^<http://www.w3.org/2001/XMLSchema#integer>"
<https://id.analoggamemuseum.org/api/media/20560>,<http://omeka.org/s/vocabs/o#id>,,"""20560""^^<http://www.w3.org/2001/XMLSchema#integer>"
<https://id.analoggamemuseum.org/api/media/20561>,<http://omeka.org/s/vocabs/o#id>,,"""20561""^^<http://www.w3.org/2001/XMLSchema#integer>"
<https://id.analoggamemuseum.org/api/media/20562>,<http://omeka.org/s/vocabs/o#id>,,"""20562""^^<http://www.w3.org/2001/XMLSchema#integer>"
<https://id.analoggamemuseum.org/api/media/20563>,<http://omeka.org/s/vocabs/o#id>,,"""20563""^^<http://www.w3.org/2001/XMLSchema#integer>"
<https://id.analoggamemuseum.org/api/media/20564>,<http://omeka.org/s/vocabs/o#id>,,"""20564""^^<http://www.w3.org/2001/XMLSchema#integer>"
<https://id.analoggamemuseum.org/api/media/20565>,<http://omeka.org/s/vocabs/o#id>,,"""20565""^^<http://www.w3.org/2001/XMLSchema#integer>"
<https://id.analoggamemuseum.org/api/media/20566>,<http://omeka.org/s/vocabs/o#id>,,"""20566""^^<http://www.w3.org/2001/XMLSchema#integer>"
<https://id.analoggamemuseum.org/api/media/20567>,<http://omeka.org/s/vocabs/o#id>,,"""20567""^^<http://www.w3.org/2001/XMLSchema#integer>"
<https://id.analoggamemuseum.org/api/media/20568>,<http://omeka.org/s/vocabs/o#id>,,"""20568""^^<http://www.w3.org/2001/XMLSchema#integer>"
<https://id.analoggamemuseum.org/api/media/20569>,<http://omeka.org/s/vocabs/o#id>,,"""20569""^^<http://www.w3.org/2001/XMLSchema#integer>"
<https://id.analoggamemuseum.org/api/media/20570>,<http://omeka.org/s/vocabs/o#id>,,"""20570""^^<http://www.w3.org/2001/XMLSchema#integer>"
<https://id.analoggamemuseum.org/api/media/20571>,<http://omeka.org/s/vocabs/o#id>,,"""20571""^^<http://www.w3.org/2001/XMLSchema#integer>"
<https://id.analoggamemuseum.org/api/media/20572>,<http://omeka.org/s/vocabs/o#id>,,"""20572""^^<http://www.w3.org/2001/XMLSchema#integer>"
<https://id.analoggamemuseum.org/api/media/20573>,<http://omeka.org/s/vocabs/o#id>,,"""20573""^^<http://www.w3.org/2001/XMLSchema#integer>"
<https://id.analoggamemuseum.org/api/media/20574>,<http://omeka.org/s/vocabs/o#id>,,"""20574""^^<http://www.w3.org/2001/XMLSchema#integer>"
<https://id.analoggamemuseum.org/api/media/20575>,<http://omeka.org/s/vocabs/o#id>,,"""20575""^^<http://www.w3.org/2001/XMLSchema#integer>"
<https://id.analoggamemuseum.org/api/media/20576>,<http://omeka.org/s/vocabs/o#id>,,"""20576""^^<http://www.w3.org/2001/XMLSchema#integer>"
<https://id.analoggamemuseum.org/api/media/20577>,<http://omeka.org/s/vocabs/o#id>,,"""20577""^^<http://www.w3.org/2001/XMLSchema#integer>"
<https://id.analoggamemuseum.org/api/media/20578>,<http://omeka.org/s/vocabs/o#id>,,"""20578""^^<http://www.w3.org/2001/XMLSchema#integer>"
<https://id.analoggamemuseum.org/api/media/20579>,<http://omeka.org/s/vocabs/o#id>,,"""20579""^^<http://www.w3.org/2001/XMLSchema#integer>"
<https://id.analoggamemuseum.org/api/media/20580>,<http://omeka.org/s/vocabs/o#id>,,"""20580""^^<http://www.w3.org/2001/XMLSchema#integer>"
<https://id.analoggamemuseum.org/api/media/20581>,<http://omeka.org/s/vocabs/o#id>,,"""20581""^^<http://www.w3.org/2001/XMLSchema#integer>"
<https://id.analoggamemuseum.org/api/media/20582>,<http://omeka.org/s/vocabs/o#id>,,"""20582""^^<http://www.w3.org/2001/XMLSchema#integer>"
<https://id.analoggamemuseum.org/api/media/20583>,<http://omeka.org/s/vocabs/o#id>,,"""20583""^^<http://www.w3.org/2001/XMLSchema#integer>"
<https://id.analoggamemuseum.org/api/media/20584>,<http://omeka.org/s/vocabs/o#id>,,"""20584""^^<http://www.w3.org/2001/XMLSchema#integer>"
<https://id.analoggamemuseum.org/api/media/20585>,<http://omeka.org/s/vocabs/o#id>,,"""20585""^^<http://www.w3.org/2001/XMLSchema#integer>"
<https://id.analoggamemuseum.org/api/media/20586>,<http://omeka.org/s/vocabs/o#id>,,"""20586""^^<http://www.w3.org/2001/XMLSchema#integer>"
<https://id.analoggamemuseum.org/api/media/20587>,<http://omeka.org/s/vocabs/o#id>,,"""20587""^^<http://www.w3.org/2001/XMLSchema#integer>"
<https://id.analoggamemuseum.org/api/media/20588>,<http://omeka.org/s/vocabs/o#id>,,"""20588""^^<http://www.w3.org/2001/XMLSchema#integer>"
<https://id.analoggamemuseum.org/api/media/20589>,<http://omeka.org/s/vocabs/o#id>,,"""20589""^^<http://www.w3.org/2001/XMLSchema#integer>"
<https://id.analoggamemuseum.org/api/media/20590>,<http://omeka.org/s/vocabs/o#id>,,"""20590""^^<http://www.w3.org/2001/XMLSchema#integer>"
<https://id.analoggamemuseum.org/api/media/20591>,<http://omeka.org/s/vocabs/o#id>,,"""20591""^^<http://www.w3.org/2001/XMLSchema#integer>"
<https://id.analoggamemuseum.org/api/media/20592>,<http://omeka.org/s/vocabs/o#id>,,"""20592""^^<http://www.w3.org/2001/XMLSchema#integer>"
<https://id.analoggamemuseum.org/api/media/20593>,<http://omeka.org/s/vocabs/o#id>,,"""20593""^^<http://www.w3.org/2001/XMLSchema#integer>"
<https://id.analoggamemuseum.org/api/media/20594>,<http://omeka.org/s/vocabs/o#id>,,"""20594""^^<http://www.w3.org/2001/XMLSchema#integer>"
<https://id.analoggamemuseum.org/api/media/20595>,<http://omeka.org/s/vocabs/o#id>,,"""20595""^^<http://www.w3.org/2001/XMLSchema#integer>"
<https://id.analoggamemuseum.org/api/media/20596>,<http://omeka.org/s/vocabs/o#id>,,"""20596""^^<http://www.w3.org/2001/XMLSchema#integer>"
<https://id.analoggamemuseum.org/api/media/20597>,<http://omeka.org/s/vocabs/o#id>,,"""20597""^^<http://www.w3.org/2001/XMLSchema#integer>"
<https://id.analoggamemuseum.org/api/media/20598>,<http://omeka.org/s/vocabs/o#id>,,"""20598""^^<http://www.w3.org/2001/XMLSchema#integer>"
<https://id.analoggamemuseum.org/api/media/20599>,<http://omeka.org/s/vocabs/o#id>,,"""20599""^^<http://www.w3.org/2001/XMLSchema#integer>"
<https://id.analoggamemuseum.org/api/media/20600>,<http://omeka.org/s/vocabs/o#id>,,"""20600""^^<http://www.w3.org/2001/XMLSchema#integer>"
<https://id.analoggamemuseum.org/api/media/20601>,<http://omeka.org/s/vocabs/o#id>,,"""20601""^^<http://www.w3.org/2001/XMLSchema#integer>"
<https://id.analoggamemuseum.org/api/media/20602>,<http://omeka.org/s/vocabs/o#id>,,"""20602""^^<http://www.w3.org/2001/XMLSchema#integer>"
<https://id.analoggamemuseum.org/api/media/20603>,<http://omeka.org/s/vocabs/o#id>,,"""20603""^^<http://www.w3.org/2001/XMLSchema#integer>"
<https://id.analoggamemuseum.org/api/media/20604>,<http://omeka.org/s/vocabs/o#id>,,"""20604""^^<http://www.w3.org/2001/XMLSchema#integer>"
<https://id.analoggamemuseum.org/api/media/20605>,<http://omeka.org/s/vocabs/o#id>,,"""20605""^^<http://www.w3.org/2001/XMLSchema#integer>"
<https://id.analoggamemuseum.org/api/media/20606>,<http://omeka.org/s/vocabs/o#id>,,"""20606""^^<http://www.w3.org/2001/XMLSchema#integer>"
<https://id.analoggamemuseum.org/api/media/20607>,<http://omeka.org/s/vocabs/o#id>,,"""20607""^^<http://www.w3.org/2001/XMLSchema#integer>"
<https://id.analoggamemuseum.org/api/media/20608>,<http://omeka.org/s/vocabs/o#id>,,"""20608""^^<http://www.w3.org/2001/XMLSchema#integer>"
<https://id.analoggamemuseum.org/api/media/20609>,<http://omeka.org/s/vocabs/o#id>,,"""20609""^^<http://www.w3.org/2001/XMLSchema#integer>"
<https://id.analoggamemuseum.org/api/media/20610>,<http://omeka.org/s/vocabs/o#id>,,"""20610""^^<http://www.w3.org/2001/XMLSchema#integer>"
<https://id.analoggamemuseum.org/api/media/20611>,<http://omeka.org/s/vocabs/o#id>,,"""20611""^^<http://www.w3.org/2001/XMLSchema#integer>"
<https://id.analoggamemuseum.org/api/media/20612>,<http://omeka.org/s/vocabs/o#id>,,"""20612""^^<http://www.w3.org/2001/XMLSchema#integer>"
<https://id.analoggamemuseum.org/api/media/20613>,<http://omeka.org/s/vocabs/o#id>,,"""20613""^^<http://www.w3.org/2001/XMLSchema#integer>"
<https://id.analoggamemuseum.org/api/media/20614>,<http://omeka.org/s/vocabs/o#id>,,"""20614""^^<http://www.w3.org/2001/XMLSchema#integer>"
<https://id.analoggamemuseum.org/api/media/20615>,<http://omeka.org/s/vocabs/o#id>,,"""20615""^^<http://www.w3.org/2001/XMLSchema#integer>"
<https://id.analoggamemuseum.org/api/media/20616>,<http://omeka.org/s/vocabs/o#id>,,"""20616""^^<http://www.w3.org/2001/XMLSchema#integer>"
<https://id.analoggamemuseum.org/api/media/20617>,<http://omeka.org/s/vocabs/o#id>,,"""20617""^^<http://www.w3.org/2001/XMLSchema#integer>"
<https://id.analoggamemuseum.org/api/media/20618>,<http://omeka.org/s/vocabs/o#id>,,"""20618""^^<http://www.w3.org/2001/XMLSchema#integer>"
<https://id.analoggamemuseum.org/api/media/20619>,<http://omeka.org/s/vocabs/o#id>,,"""20619""^^<http://www.w3.org/2001/XMLSchema#integer>"
<https://id.analoggamemuseum.org/api/media/20620>,<http://omeka.org/s/vocabs/o#id>,,"""20620""^^<http://www.w3.org/2001/XMLSchema#integer>"
<https://id.analoggamemuseum.org/api/media/20621>,<http://omeka.org/s/vocabs/o#id>,,"""20621""^^<http://www.w3.org/2001/XMLSchema#integer>"
<https://id.analoggamemuseum.org/api/media/20622>,<http://omeka.org/s/vocabs/o#id>,,"""20622""^^<http://www.w3.org/2001/XMLSchema#integer>"
<https://id.analoggamemuseum.org/api/media/20623>,<http://omeka.org/s/vocabs/o#id>,,"""20623""^^<http://www.w3.org/2001/XMLSchema#integer>"
<https://id.analoggamemuseum.org/api/media/20624>,<http://omeka.org/s/vocabs/o#id>,,"""20624""^^<http://www.w3.org/2001/XMLSchema#integer>"
<https://id.analoggamemuseum.org/api/media/20625>,<http://omeka.org/s/vocabs/o#id>,,"""20625""^^<http://www.w3.org/2001/XMLSchema#integer>"
<https://id.analoggamemuseum.org/api/media/20626>,<http://omeka.org/s/vocabs/o#id>,,"""20626""^^<http://www.w3.org/2001/XMLSchema#integer>"
<https://id.analoggamemuseum.org/api/media/20627>,<http://omeka.org/s/vocabs/o#id>,,"""20627""^^<http://www.w3.org/2001/XMLSchema#integer>"
<https://id.analoggamemuseum.org/api/media/20628>,<http://omeka.org/s/vocabs/o#id>,,"""20628""^^<http://www.w3.org/2001/XMLSchema#integer>"
<https://id.analoggamemuseum.org/api/media/20629>,<http://omeka.org/s/vocabs/o#id>,,"""20629""^^<http://www.w3.org/2001/XMLSchema#integer>"
<https://id.analoggamemuseum.org/api/media/20630>,<http://omeka.org/s/vocabs/o#id>,,"""20630""^^<http://www.w3.org/2001/XMLSchema#integer>"
<https://id.analoggamemuseum.org/api/media/20631>,<http://omeka.org/s/vocabs/o#id>,,"""20631""^^<http://www.w3.org/2001/XMLSchema#integer>"
<https://id.analoggamemuseum.org/api/media/20632>,<http://omeka.org/s/vocabs/o#id>,,"""20632""^^<http://www.w3.org/2001/XMLSchema#integer>"
<https://id.analoggamemuseum.org/api/media/20633>,<http://omeka.org/s/vocabs/o#id>,,"""20633""^^<http://www.w3.org/2001/XMLSchema#integer>"
<https://id.analoggamemuseum.org/api/media/20634>,<http://omeka.org/s/vocabs/o#id>,,"""20634""^^<http://www.w3.org/2001/XMLSchema#integer>"
<https://id.analoggamemuseum.org/api/media/20635>,<http://omeka.org/s/vocabs/o#id>,,"""20635""^^<http://www.w3.org/2001/XMLSchema#integer>"
<https://id.analoggamemuseum.org/api/media/20636>,<http://omeka.org/s/vocabs/o#id>,,"""20636""^^<http://www.w3.org/2001/XMLSchema#integer>"
<https://id.analoggamemuseum.org/api/media/20637>,<http://omeka.org/s/vocabs/o#id>,,"""20637""^^<http://www.w3.org/2001/XMLSchema#integer>"
<https://id.analoggamemuseum.org/api/media/20638>,<http://omeka.org/s/vocabs/o#id>,,"""20638""^^<http://www.w3.org/2001/XMLSchema#integer>"
<https://id.analoggamemuseum.org/api/media/20639>,<http://omeka.org/s/vocabs/o#id>,,"""20639""^^<http://www.w3.org/2001/XMLSchema#integer>"
<https://id.analoggamemuseum.org/api/media/20640>,<http://omeka.org/s/vocabs/o#id>,,"""20640""^^<http://www.w3.org/2001/XMLSchema#integer>"
<https://id.analoggamemuseum.org/api/media/20641>,<http://omeka.org/s/vocabs/o#id>,,"""20641""^^<http://www.w3.org/2001/XMLSchema#integer>"
<https://id.analoggamemuseum.org/api/media/20642>,<http://omeka.org/s/vocabs/o#id>,,"""20642""^^<http://www.w3.org/2001/XMLSchema#integer>"
<https://id.analoggamemuseum.org/api/media/20643>,<http://omeka.org/s/vocabs/o#id>,,"""20643""^^<http://www.w3.org/2001/XMLSchema#integer>"
<https://id.analoggamemuseum.org/api/media/20644>,<http://omeka.org/s/vocabs/o#id>,,"""20644""^^<http://www.w3.org/2001/XMLSchema#integer>"
<https://id.analoggamemuseum.org/api/media/20645>,<http://omeka.org/s/vocabs/o#id>,,"""20645""^^<http://www.w3.org/2001/XMLSchema#integer>"
<https://id.analoggamemuseum.org/api/media/20646>,<http://omeka.org/s/vocabs/o#id>,,"""20646""^^<http://www.w3.org/2001/XMLSchema#integer>"
<https://id.analoggamemuseum.org/api/media/20647>,<http://omeka.org/s/vocabs/o#id>,,"""20647""^^<http://www.w3.org/2001/XMLSchema#integer>"
<https://id.analoggamemuseum.org/api/media/20648>,<http://omeka.org/s/vocabs/o#id>,,"""20648""^^<http://www.w3.org/2001/XMLSchema#integer>"
<https://id.analoggamemuseum.org/api/media/20649>,<http://omeka.org/s/vocabs/o#id>,,"""20649""^^<http://www.w3.org/2001/XMLSchema#integer>"
<https://id.analoggamemuseum.org/api/media/20650>,<http://omeka.org/s/vocabs/o#id>,,"""20650""^^<http://www.w3.org/2001/XMLSchema#integer>"
<https://id.analoggamemuseum.org/api/media/20651>,<http://omeka.org/s/vocabs/o#id>,,"""20651""^^<http://www.w3.org/2001/XMLSchema#integer>"
<https://id.analoggamemuseum.org/api/media/20652>,<http://omeka.org/s/vocabs/o#id>,,"""20652""^^<http://www.w3.org/2001/XMLSchema#integer>"
<https://id.analoggamemuseum.org/api/media/20653>,<http://omeka.org/s/vocabs/o#id>,,"""20653""^^<http://www.w3.org/2001/XMLSchema#integer>"
<https://id.analoggamemuseum.org/api/media/20654>,<http://omeka.org/s/vocabs/o#id>,,"""20654""^^<http://www.w3.org/2001/XMLSchema#integer>"
<https://id.analoggamemuseum.org/api/media/20655>,<http://omeka.org/s/vocabs/o#id>,,"""20655""^^<http://www.w3.org/2001/XMLSchema#integer>"
<https://id.analoggamemuseum.org/api/media/20656>,<http://omeka.org/s/vocabs/o#id>,,"""20656""^^<http://www.w3.org/2001/XMLSchema#integer>"
<https://id.analoggamemuseum.org/api/media/20657>,<http://omeka.org/s/vocabs/o#id>,,"""20657""^^<http://www.w3.org/2001/XMLSchema#integer>"
<https://id.analoggamemuseum.org/api/media/20658>,<http://omeka.org/s/vocabs/o#id>,,"""20658""^^<http://www.w3.org/2001/XMLSchema#integer>"
<https://id.analoggamemuseum.org/api/media/20659>,<http://omeka.org/s/vocabs/o#id>,,"""20659""^^<http://www.w3.org/2001/XMLSchema#integer>"
<https://id.analoggamemuseum.org/api/media/20660>,<http://omeka.org/s/vocabs/o#id>,,"""20660""^^<http://www.w3.org/2001/XMLSchema#integer>"
<https://id.analoggamemuseum.org/api/media/20661>,<http://omeka.org/s/vocabs/o#id>,,"""20661""^^<http://www.w3.org/2001/XMLSchema#integer>"
<https://id.analoggamemuseum.org/api/media/20662>,<http://omeka.org/s/vocabs/o#id>,,"""20662""^^<http://www.w3.org/2001/XMLSchema#integer>"
<https://id.analoggamemuseum.org/api/media/20663>,<http://omeka.org/s/vocabs/o#id>,,"""20663""^^<http://www.w3.org/2001/XMLSchema#integer>"
<https://id.analoggamemuseum.org/api/media/20664>,<http://omeka.org/s/vocabs/o#id>,,"""20664""^^<http://www.w3.org/2001/XMLSchema#integer>"
<https://id.analoggamemuseum.org/api/media/20665>,<http://omeka.org/s/vocabs/o#id>,,"""20665""^^<http://www.w3.org/2001/XMLSchema#integer>"
<https://id.analoggamemuseum.org/api/media/20666>,<http://omeka.org/s/vocabs/o#id>,,"""20666""^^<http://www.w3.org/2001/XMLSchema#integer>"
<https://id.analoggamemuseum.org/api/media/20667>,<http://omeka.org/s/vocabs/o#id>,,"""20667""^^<http://www.w3.org/2001/XMLSchema#integer>"
<https://id.analoggamemuseum.org/api/media/20668>,<http://omeka.org/s/vocabs/o#id>,,"""20668""^^<http://www.w3.org/2001/XMLSchema#integer>"
<https://id.analoggamemuseum.org/api/media/20669>,<http://omeka.org/s/vocabs/o#id>,,"""20669""^^<http://www.w3.org/2001/XMLSchema#integer>"
<https://id.analoggamemuseum.org/api/media/20670>,<http://omeka.org/s/vocabs/o#id>,,"""20670""^^<http://www.w3.org/2001/XMLSchema#integer>"
<https://id.analoggamemuseum.org/api/media/20671>,<http://omeka.org/s/vocabs/o#id>,,"""20671""^^<http://www.w3.org/2001/XMLSchema#integer>"
<https://id.analoggamemuseum.org/api/media/20672>,<http://omeka.org/s/vocabs/o#id>,,"""20672""^^<http://www.w3.org/2001/XMLSchema#integer>"
<https://id.analoggamemuseum.org/api/media/20673>,<http://omeka.org/s/vocabs/o#id>,,"""20673""^^<http://www.w3.org/2001/XMLSchema#integer>"
<https://id.analoggamemuseum.org/api/media/20674>,<http://omeka.org/s/vocabs/o#id>,,"""20674""^^<http://www.w3.org/2001/XMLSchema#integer>"
<https://id.analoggamemuseum.org/api/media/20675>,<http://omeka.org/s/vocabs/o#id>,,"""20675""^^<http://www.w3.org/2001/XMLSchema#integer>"
<https://id.analoggamemuseum.org/api/media/20676>,<http://omeka.org/s/vocabs/o#id>,,"""20676""^^<http://www.w3.org/2001/XMLSchema#integer>"
<https://id.analoggamemuseum.org/api/media/20677>,<http://omeka.org/s/vocabs/o#id>,,"""20677""^^<http://www.w3.org/2001/XMLSchema#integer>"
<https://id.analoggamemuseum.org/api/media/20678>,<http://omeka.org/s/vocabs/o#id>,,"""20678""^^<http://www.w3.org/2001/XMLSchema#integer>"
<https://id.analoggamemuseum.org/api/media/20679>,<http://omeka.org/s/vocabs/o#id>,,"""20679""^^<http://www.w3.org/2001/XMLSchema#integer>"
<https://id.analoggamemuseum.org/api/media/20680>,<http://omeka.org/s/vocabs/o#id>,,"""20680""^^<http://www.w3.org/2001/XMLSchema#integer>"
<https://id.analoggamemuseum.org/api/media/20681>,<http://omeka.org/s/vocabs/o#id>,,"""20681""^^<http://www.w3.org/2001/XMLSchema#integer>"
<https://id.analoggamemuseum.org/api/media/20682>,<http://omeka.org/s/vocabs/o#id>,,"""20682""^^<http://www.w3.org/2001/XMLSchema#integer>"
<https://id.analoggamemuseum.org/api/media/20683>,<http://omeka.org/s/vocabs/o#id>,,"""20683""^^<http://www.w3.org/2001/XMLSchema#integer>"
<https://id.analoggamemuseum.org/api/media/20684>,<http://omeka.org/s/vocabs/o#id>,,"""20684""^^<http://www.w3.org/2001/XMLSchema#integer>"
<https://id.analoggamemuseum.org/api/media/20685>,<http://omeka.org/s/vocabs/o#id>,,"""20685""^^<http://www.w3.org/2001/XMLSchema#integer>"
<https://id.analoggamemuseum.org/api/media/20686>,<http://omeka.org/s/vocabs/o#id>,,"""20686""^^<http://www.w3.org/2001/XMLSchema#integer>"
<https://id.analoggamemuseum.org/api/media/20687>,<http://omeka.org/s/vocabs/o#id>,,"""20687""^^<http://www.w3.org/2001/XMLSchema#integer>"
<https://id.analoggamemuseum.org/api/media/20688>,<http://omeka.org/s/vocabs/o#id>,,"""20688""^^<http://www.w3.org/2001/XMLSchema#integer>"
<https://id.analoggamemuseum.org/api/media/20689>,<http://omeka.org/s/vocabs/o#id>,,"""20689""^^<http://www.w3.org/2001/XMLSchema#integer>"
<https://id.analoggamemuseum.org/api/media/20690>,<http://omeka.org/s/vocabs/o#id>,,"""20690""^^<http://www.w3.org/2001/XMLSchema#integer>"
<https://id.analoggamemuseum.org/api/media/20691>,<http://omeka.org/s/vocabs/o#id>,,"""20691""^^<http://www.w3.org/2001/XMLSchema#integer>"
<https://id.analoggamemuseum.org/api/media/20692>,<http://omeka.org/s/vocabs/o#id>,,"""20692""^^<http://www.w3.org/2001/XMLSchema#integer>"
<https://id.analoggamemuseum.org/api/media/20693>,<http://omeka.org/s/vocabs/o#id>,,"""20693""^^<http://www.w3.org/2001/XMLSchema#integer>"
<https://id.analoggamemuseum.org/api/media/20694>,<http://omeka.org/s/vocabs/o#id>,,"""20694""^^<http://www.w3.org/2001/XMLSchema#integer>"
<https://id.analoggamemuseum.org/api/media/20695>,<http://omeka.org/s/vocabs/o#id>,,"""20695""^^<http://www.w3.org/2001/XMLSchema#integer>"
<https://id.analoggamemuseum.org/api/media/20696>,<http://omeka.org/s/vocabs/o#id>,,"""20696""^^<http://www.w3.org/2001/XMLSchema#integer>"
<https://id.analoggamemuseum.org/api/media/20697>,<http://omeka.org/s/vocabs/o#id>,,"""20697""^^<http://www.w3.org/2001/XMLSchema#integer>"
<https://id.analoggamemuseum.org/api/media/20698>,<http://omeka.org/s/vocabs/o#id>,,"""20698""^^<http://www.w3.org/2001/XMLSchema#integer>"
<https://id.analoggamemuseum.org/api/media/20699>,<http://omeka.org/s/vocabs/o#id>,,"""20699""^^<http://www.w3.org/2001/XMLSchema#integer>"
<https://id.analoggamemuseum.org/api/media/20700>,<http://omeka.org/s/vocabs/o#id>,,"""20700""^^<http://www.w3.org/2001/XMLSchema#integer>"
<https://id.analoggamemuseum.org/api/media/20701>,<http://omeka.org/s/vocabs/o#id>,,"""20701""^^<http://www.w3.org/2001/XMLSchema#integer>"
<https://id.analoggamemuseum.org/api/media/20702>,<http://omeka.org/s/vocabs/o#id>,,"""20702""^^<http://www.w3.org/2001/XMLSchema#integer>"
<https://id.analoggamemuseum.org/api/media/20703>,<http://omeka.org/s/vocabs/o#id>,,"""20703""^^<http://www.w3.org/2001/XMLSchema#integer>"
<https://id.analoggamemuseum.org/api/media/20704>,<http://omeka.org/s/vocabs/o#id>,,"""20704""^^<http://www.w3.org/2001/XMLSchema#integer>"
<https://id.analoggamemuseum.org/api/media/20705>,<http://omeka.org/s/vocabs/o#id>,,"""20705""^^<http://www.w3.org/2001/XMLSchema#integer>"
<https://id.analoggamemuseum.org/api/media/20706>,<http://omeka.org/s/vocabs/o#id>,,"""20706""^^<http://www.w3.org/2001/XMLSchema#integer>"
<https://id.analoggamemuseum.org/api/media/20707>,<http://omeka.org/s/vocabs/o#id>,,"""20707""^^<http://www.w3.org/2001/XMLSchema#integer>"
<https://id.analoggamemuseum.org/api/media/20708>,<http://omeka.org/s/vocabs/o#id>,,"""20708""^^<http://www.w3.org/2001/XMLSchema#integer>"
<https://id.analoggamemuseum.org/api/media/20709>,<http://omeka.org/s/vocabs/o#id>,,"""20709""^^<http://www.w3.org/2001/XMLSchema#integer>"
<https://id.analoggamemuseum.org/api/media/20710>,<http://omeka.org/s/vocabs/o#id>,,"""20710""^^<http://www.w3.org/2001/XMLSchema#integer>"
<https://id.analoggamemuseum.org/api/media/20711>,<http://omeka.org/s/vocabs/o#id>,,"""20711""^^<http://www.w3.org/2001/XMLSchema#integer>"
<https://id.analoggamemuseum.org/api/media/20712>,<http://omeka.org/s/vocabs/o#id>,,"""20712""^^<http://www.w3.org/2001/XMLSchema#integer>"
<https://id.analoggamemuseum.org/api/media/20713>,<http://omeka.org/s/vocabs/o#id>,,"""20713""^^<http://www.w3.org/2001/XMLSchema#integer>"
<https://id.analoggamemuseum.org/api/media/20714>,<http://omeka.org/s/vocabs/o#id>,,"""20714""^^<http://www.w3.org/2001/XMLSchema#integer>"
<https://id.analoggamemuseum.org/api/media/20715>,<http://omeka.org/s/vocabs/o#id>,,"""20715""^^<http://www.w3.org/2001/XMLSchema#integer>"
<https://id.analoggamemuseum.org/api/media/20716>,<http://omeka.org/s/vocabs/o#id>,,"""20716""^^<http://www.w3.org/2001/XMLSchema#integer>"
<https://id.analoggamemuseum.org/api/media/20717>,<http://omeka.org/s/vocabs/o#id>,,"""20717""^^<http://www.w3.org/2001/XMLSchema#integer>"
<https://id.analoggamemuseum.org/api/media/20718>,<http://omeka.org/s/vocabs/o#id>,,"""20718""^^<http://www.w3.org/2001/XMLSchema#integer>"
<https://id.analoggamemuseum.org/api/media/20719>,<http://omeka.org/s/vocabs/o#id>,,"""20719""^^<http://www.w3.org/2001/XMLSchema#integer>"
<https://id.analoggamemuseum.org/api/media/20720>,<http://omeka.org/s/vocabs/o#id>,,"""20720""^^<http://www.w3.org/2001/XMLSchema#integer>"
<https://id.analoggamemuseum.org/api/media/20721>,<http://omeka.org/s/vocabs/o#id>,,"""20721""^^<http://www.w3.org/2001/XMLSchema#integer>"
<https://id.analoggamemuseum.org/api/media/20722>,<http://omeka.org/s/vocabs/o#id>,,"""20722""^^<http://www.w3.org/2001/XMLSchema#integer>"
<https://id.analoggamemuseum.org/api/media/20723>,<http://omeka.org/s/vocabs/o#id>,,"""20723""^^<http://www.w3.org/2001/XMLSchema#integer>"
<https://id.analoggamemuseum.org/api/media/20724>,<http://omeka.org/s/vocabs/o#id>,,"""20724""^^<http://www.w3.org/2001/XMLSchema#integer>"
<https://id.analoggamemuseum.org/api/media/20725>,<http://omeka.org/s/vocabs/o#id>,,"""20725""^^<http://www.w3.org/2001/XMLSchema#integer>"
<https://id.analoggamemuseum.org/api/media/20726>,<http://omeka.org/s/vocabs/o#id>,,"""20726""^^<http://www.w3.org/2001/XMLSchema#integer>"
<https://id.analoggamemuseum.org/api/media/20727>,<http://omeka.org/s/vocabs/o#id>,,"""20727""^^<http://www.w3.org/2001/XMLSchema#integer>"
<https://id.analoggamemuseum.org/api/media/20728>,<http://omeka.org/s/vocabs/o#id>,,"""20728""^^<http://www.w3.org/2001/XMLSchema#integer>"
<https://id.analoggamemuseum.org/api/media/20729>,<http://omeka.org/s/vocabs/o#id>,,"""20729""^^<http://www.w3.org/2001/XMLSchema#integer>"
<https://id.analoggamemuseum.org/api/media/20730>,<http://omeka.org/s/vocabs/o#id>,,"""20730""^^<http://www.w3.org/2001/XMLSchema#integer>"
<https://id.analoggamemuseum.org/api/media/20731>,<http://omeka.org/s/vocabs/o#id>,,"""20731""^^<http://www.w3.org/2001/XMLSchema#integer>"
<https://id.analoggamemuseum.org/api/media/20732>,<http://omeka.org/s/vocabs/o#id>,,"""20732""^^<http://www.w3.org/2001/XMLSchema#integer>"
<https://id.analoggamemuseum.org/api/media/20733>,<http://omeka.org/s/vocabs/o#id>,,"""20733""^^<http://www.w3.org/2001/XMLSchema#integer>"
<https://id.analoggamemuseum.org/api/media/20734>,<http://omeka.org/s/vocabs/o#id>,,"""20734""^^<http://www.w3.org/2001/XMLSchema#integer>"
<https://id.analoggamemuseum.org/api/media/20735>,<http://omeka.org/s/vocabs/o#id>,,"""20735""^^<http://www.w3.org/2001/XMLSchema#integer>"
<https://id.analoggamemuseum.org/api/media/20736>,<http://omeka.org/s/vocabs/o#id>,,"""20736""^^<http://www.w3.org/2001/XMLSchema#integer>"
<https://id.analoggamemuseum.org/api/media/20737>,<http://omeka.org/s/vocabs/o#id>,,"""20737""^^<http://www.w3.org/2001/XMLSchema#integer>"
<https://id.analoggamemuseum.org/api/media/20738>,<http://omeka.org/s/vocabs/o#id>,,"""20738""^^<http://www.w3.org/2001/XMLSchema#integer>"
<https://id.analoggamemuseum.org/api/media/20739>,<http://omeka.org/s/vocabs/o#id>,,"""20739""^^<http://www.w3.org/2001/XMLSchema#integer>"
<https://id.analoggamemuseum.org/api/media/20740>,<http://omeka.org/s/vocabs/o#id>,,"""20740""^^<http://www.w3.org/2001/XMLSchema#integer>"
<https://id.analoggamemuseum.org/api/media/20741>,<http://omeka.org/s/vocabs/o#id>,,"""20741""^^<http://www.w3.org/2001/XMLSchema#integer>"
<https://id.analoggamemuseum.org/api/media/20742>,<http://omeka.org/s/vocabs/o#id>,,"""20742""^^<http://www.w3.org/2001/XMLSchema#integer>"
<https://id.analoggamemuseum.org/api/media/20743>,<http://omeka.org/s/vocabs/o#id>,,"""20743""^^<http://www.w3.org/2001/XMLSchema#integer>"
<https://id.analoggamemuseum.org/api/media/20744>,<http://omeka.org/s/vocabs/o#id>,,"""20744""^^<http://www.w3.org/2001/XMLSchema#integer>"
<https://id.analoggamemuseum.org/api/media/20745>,<http://omeka.org/s/vocabs/o#id>,,"""20745""^^<http://www.w3.org/2001/XMLSchema#integer>"
<https://id.analoggamemuseum.org/api/media/20746>,<http://omeka.org/s/vocabs/o#id>,,"""20746""^^<http://www.w3.org/2001/XMLSchema#integer>"
<https://id.analoggamemuseum.org/api/media/20747>,<http://omeka.org/s/vocabs/o#id>,,"""20747""^^<http://www.w3.org/2001/XMLSchema#integer>"
<https://id.analoggamemuseum.org/api/media/20748>,<http://omeka.org/s/vocabs/o#id>,,"""20748""^^<http://www.w3.org/2001/XMLSchema#integer>"
<https://id.analoggamemuseum.org/api/media/20749>,<http://omeka.org/s/vocabs/o#id>,,"""20749""^^<http://www.w3.org/2001/XMLSchema#integer>"
<https://id.analoggamemuseum.org/api/media/20750>,<http://omeka.org/s/vocabs/o#id>,,"""20750""^^<http://www.w3.org/2001/XMLSchema#integer>"
<https://id.analoggamemuseum.org/api/media/20751>,<http://omeka.org/s/vocabs/o#id>,,"""20751""^^<http://www.w3.org/2001/XMLSchema#integer>"
<https://id.analoggamemuseum.org/api/media/20752>,<http://omeka.org/s/vocabs/o#id>,,"""20752""^^<http://www.w3.org/2001/XMLSchema#integer>"
<https://id.analoggamemuseum.org/api/media/20753>,<http://omeka.org/s/vocabs/o#id>,,"""20753""^^<http://www.w3.org/2001/XMLSchema#integer>"
<https://id.analoggamemuseum.org/api/media/20754>,<http://omeka.org/s/vocabs/o#id>,,"""20754""^^<http://www.w3.org/2001/XMLSchema#integer>"
<https://id.analoggamemuseum.org/api/media/20755>,<http://omeka.org/s/vocabs/o#id>,,"""20755""^^<http://www.w3.org/2001/XMLSchema#integer>"
<https://id.analoggamemuseum.org/api/media/20756>,<http://omeka.org/s/vocabs/o#id>,,"""20756""^^<http://www.w3.org/2001/XMLSchema#integer>"
<https://id.analoggamemuseum.org/api/media/20757>,<http://omeka.org/s/vocabs/o#id>,,"""20757""^^<http://www.w3.org/2001/XMLSchema#integer>"
<https://id.analoggamemuseum.org/api/media/20758>,<http://omeka.org/s/vocabs/o#id>,,"""20758""^^<http://www.w3.org/2001/XMLSchema#integer>"
<https://id.analoggamemuseum.org/api/media/20759>,<http://omeka.org/s/vocabs/o#id>,,"""20759""^^<http://www.w3.org/2001/XMLSchema#integer>"
<https://id.analoggamemuseum.org/api/media/20760>,<http://omeka.org/s/vocabs/o#id>,,"""20760""^^<http://www.w3.org/2001/XMLSchema#integer>"
<https://id.analoggamemuseum.org/api/media/20761>,<http://omeka.org/s/vocabs/o#id>,,"""20761""^^<http://www.w3.org/2001/XMLSchema#integer>"
<https://id.analoggamemuseum.org/api/media/20762>,<http://omeka.org/s/vocabs/o#id>,,"""20762""^^<http://www.w3.org/2001/XMLSchema#integer>"
<https://id.analoggamemuseum.org/api/media/20763>,<http://omeka.org/s/vocabs/o#id>,,"""20763""^^<http://www.w3.org/2001/XMLSchema#integer>"
<https://id.analoggamemuseum.org/api/media/20764>,<http://omeka.org/s/vocabs/o#id>,,"""20764""^^<http://www.w3.org/2001/XMLSchema#integer>"
<https://id.analoggamemuseum.org/api/media/20765>,<http://omeka.org/s/vocabs/o#id>,,"""20765""^^<http://www.w3.org/2001/XMLSchema#integer>"
<https://id.analoggamemuseum.org/api/media/20766>,<http://omeka.org/s/vocabs/o#id>,,"""20766""^^<http://www.w3.org/2001/XMLSchema#integer>"
<https://id.analoggamemuseum.org/api/media/20767>,<http://omeka.org/s/vocabs/o#id>,,"""20767""^^<http://www.w3.org/2001/XMLSchema#integer>"
<https://id.analoggamemuseum.org/api/media/20768>,<http://omeka.org/s/vocabs/o#id>,,"""20768""^^<http://www.w3.org/2001/XMLSchema#integer>"
<https://id.analoggamemuseum.org/api/media/20769>,<http://omeka.org/s/vocabs/o#id>,,"""20769""^^<http://www.w3.org/2001/XMLSchema#integer>"
<https://id.analoggamemuseum.org/api/media/20770>,<http://omeka.org/s/vocabs/o#id>,,"""20770""^^<http://www.w3.org/2001/XMLSchema#integer>"
<https://id.analoggamemuseum.org/api/media/20771>,<http://omeka.org/s/vocabs/o#id>,,"""20771""^^<http://www.w3.org/2001/XMLSchema#integer>"
<https://id.analoggamemuseum.org/api/media/20772>,<http://omeka.org/s/vocabs/o#id>,,"""20772""^^<http://www.w3.org/2001/XMLSchema#integer>"
<https://id.analoggamemuseum.org/api/media/20773>,<http://omeka.org/s/vocabs/o#id>,,"""20773""^^<http://www.w3.org/2001/XMLSchema#integer>"
<https://id.analoggamemuseum.org/api/media/20774>,<http://omeka.org/s/vocabs/o#id>,,"""20774""^^<http://www.w3.org/2001/XMLSchema#integer>"
<https://id.analoggamemuseum.org/api/media/20775>,<http://omeka.org/s/vocabs/o#id>,,"""20775""^^<http://www.w3.org/2001/XMLSchema#integer>"
<https://id.analoggamemuseum.org/api/media/20776>,<http://omeka.org/s/vocabs/o#id>,,"""20776""^^<http://www.w3.org/2001/XMLSchema#integer>"
<https://id.analoggamemuseum.org/api/media/20777>,<http://omeka.org/s/vocabs/o#id>,,"""20777""^^<http://www.w3.org/2001/XMLSchema#integer>"
<https://id.analoggamemuseum.org/api/media/20778>,<http://omeka.org/s/vocabs/o#id>,,"""20778""^^<http://www.w3.org/2001/XMLSchema#integer>"
<https://id.analoggamemuseum.org/api/media/20779>,<http://omeka.org/s/vocabs/o#id>,,"""20779""^^<http://www.w3.org/2001/XMLSchema#integer>"
<https://id.analoggamemuseum.org/api/media/20780>,<http://omeka.org/s/vocabs/o#id>,,"""20780""^^<http://www.w3.org/2001/XMLSchema#integer>"
<https://id.analoggamemuseum.org/api/media/20781>,<http://omeka.org/s/vocabs/o#id>,,"""20781""^^<http://www.w3.org/2001/XMLSchema#integer>"
<https://id.analoggamemuseum.org/api/media/20782>,<http://omeka.org/s/vocabs/o#id>,,"""20782""^^<http://www.w3.org/2001/XMLSchema#integer>"
<https://id.analoggamemuseum.org/api/media/20783>,<http://omeka.org/s/vocabs/o#id>,,"""20783""^^<http://www.w3.org/2001/XMLSchema#integer>"
<https://id.analoggamemuseum.org/api/media/20784>,<http://omeka.org/s/vocabs/o#id>,,"""20784""^^<http://www.w3.org/2001/XMLSchema#integer>"
<https://id.analoggamemuseum.org/api/media/20785>,<http://omeka.org/s/vocabs/o#id>,,"""20785""^^<http://www.w3.org/2001/XMLSchema#integer>"
<https://id.analoggamemuseum.org/api/media/20786>,<http://omeka.org/s/vocabs/o#id>,,"""20786""^^<http://www.w3.org/2001/XMLSchema#integer>"
<https://id.analoggamemuseum.org/api/media/20787>,<http://omeka.org/s/vocabs/o#id>,,"""20787""^^<http://www.w3.org/2001/XMLSchema#integer>"
<https://id.analoggamemuseum.org/api/media/20788>,<http://omeka.org/s/vocabs/o#id>,,"""20788""^^<http://www.w3.org/2001/XMLSchema#integer>"
<https://id.analoggamemuseum.org/api/media/20789>,<http://omeka.org/s/vocabs/o#id>,,"""20789""^^<http://www.w3.org/2001/XMLSchema#integer>"
<https://id.analoggamemuseum.org/api/media/20790>,<http://omeka.org/s/vocabs/o#id>,,"""20790""^^<http://www.w3.org/2001/XMLSchema#integer>"
<https://id.analoggamemuseum.org/api/media/20791>,<http://omeka.org/s/vocabs/o#id>,,"""20791""^^<http://www.w3.org/2001/XMLSchema#integer>"
<https://id.analoggamemuseum.org/api/media/20792>,<http://omeka.org/s/vocabs/o#id>,,"""20792""^^<http://www.w3.org/2001/XMLSchema#integer>"
<https://id.analoggamemuseum.org/api/media/20793>,<http://omeka.org/s/vocabs/o#id>,,"""20793""^^<http://www.w3.org/2001/XMLSchema#integer>"
<https://id.analoggamemuseum.org/api/media/20794>,<http://omeka.org/s/vocabs/o#id>,,"""20794""^^<http://www.w3.org/2001/XMLSchema#integer>"
<https://id.analoggamemuseum.org/api/media/20795>,<http://omeka.org/s/vocabs/o#id>,,"""20795""^^<http://www.w3.org/2001/XMLSchema#integer>"
<https://id.analoggamemuseum.org/api/media/20796>,<http://omeka.org/s/vocabs/o#id>,,"""20796""^^<http://www.w3.org/2001/XMLSchema#integer>"
<https://id.analoggamemuseum.org/api/media/20797>,<http://omeka.org/s/vocabs/o#id>,,"""20797""^^<http://www.w3.org/2001/XMLSchema#integer>"
<https://id.analoggamemuseum.org/api/media/20798>,<http://omeka.org/s/vocabs/o#id>,,"""20798""^^<http://www.w3.org/2001/XMLSchema#integer>"
<https://id.analoggamemuseum.org/api/media/20799>,<http://omeka.org/s/vocabs/o#id>,,"""20799""^^<http://www.w3.org/2001/XMLSchema#integer>"
<https://id.analoggamemuseum.org/api/media/20800>,<http://omeka.org/s/vocabs/o#id>,,"""20800""^^<http://www.w3.org/2001/XMLSchema#integer>"
<https://id.analoggamemuseum.org/api/media/20801>,<http://omeka.org/s/vocabs/o#id>,,"""20801""^^<http://www.w3.org/2001/XMLSchema#integer>"
<https://id.analoggamemuseum.org/api/media/20802>,<http://omeka.org/s/vocabs/o#id>,,"""20802""^^<http://www.w3.org/2001/XMLSchema#integer>"
<https://id.analoggamemuseum.org/api/media/20803>,<http://omeka.org/s/vocabs/o#id>,,"""20803""^^<http://www.w3.org/2001/XMLSchema#integer>"
<https://id.analoggamemuseum.org/api/media/20804>,<http://omeka.org/s/vocabs/o#id>,,"""20804""^^<http://www.w3.org/2001/XMLSchema#integer>"
<https://id.analoggamemuseum.org/api/media/20805>,<http://omeka.org/s/vocabs/o#id>,,"""20805""^^<http://www.w3.org/2001/XMLSchema#integer>"
<https://id.analoggamemuseum.org/api/media/20806>,<http://omeka.org/s/vocabs/o#id>,,"""20806""^^<http://www.w3.org/2001/XMLSchema#integer>"
<https://id.analoggamemuseum.org/api/media/20807>,<http://omeka.org/s/vocabs/o#id>,,"""20807""^^<http://www.w3.org/2001/XMLSchema#integer>"
<https://id.analoggamemuseum.org/api/media/20808>,<http://omeka.org/s/vocabs/o#id>,,"""20808""^^<http://www.w3.org/2001/XMLSchema#integer>"
<https://id.analoggamemuseum.org/api/media/20809>,<http://omeka.org/s/vocabs/o#id>,,"""20809""^^<http://www.w3.org/2001/XMLSchema#integer>"
<https://id.analoggamemuseum.org/api/media/20810>,<http://omeka.org/s/vocabs/o#id>,,"""20810""^^<http://www.w3.org/2001/XMLSchema#integer>"
<https://id.analoggamemuseum.org/api/media/20811>,<http://omeka.org/s/vocabs/o#id>,,"""20811""^^<http://www.w3.org/2001/XMLSchema#integer>"
<https://id.analoggamemuseum.org/api/media/20812>,<http://omeka.org/s/vocabs/o#id>,,"""20812""^^<http://www.w3.org/2001/XMLSchema#integer>"
<https://id.analoggamemuseum.org/api/media/20813>,<http://omeka.org/s/vocabs/o#id>,,"""20813""^^<http://www.w3.org/2001/XMLSchema#integer>"
<https://id.analoggamemuseum.org/api/media/20814>,<http://omeka.org/s/vocabs/o#id>,,"""20814""^^<http://www.w3.org/2001/XMLSchema#integer>"
<https://id.analoggamemuseum.org/api/media/20815>,<http://omeka.org/s/vocabs/o#id>,,"""20815""^^<http://www.w3.org/2001/XMLSchema#integer>"
<https://id.analoggamemuseum.org/api/media/20816>,<http://omeka.org/s/vocabs/o#id>,,"""20816""^^<http://www.w3.org/2001/XMLSchema#integer>"
<https://id.analoggamemuseum.org/api/media/20817>,<http://omeka.org/s/vocabs/o#id>,,"""20817""^^<http://www.w3.org/2001/XMLSchema#integer>"
<https://id.analoggamemuseum.org/api/media/20818>,<http://omeka.org/s/vocabs/o#id>,,"""20818""^^<http://www.w3.org/2001/XMLSchema#integer>"
<https://id.analoggamemuseum.org/api/media/20819>,<http://omeka.org/s/vocabs/o#id>,,"""20819""^^<http://www.w3.org/2001/XMLSchema#integer>"
<https://id.analoggamemuseum.org/api/media/20820>,<http://omeka.org/s/vocabs/o#id>,,"""20820""^^<http://www.w3.org/2001/XMLSchema#integer>"
<https://id.analoggamemuseum.org/api/media/20821>,<http://omeka.org/s/vocabs/o#id>,,"""20821""^^<http://www.w3.org/2001/XMLSchema#integer>"
<https://id.analoggamemuseum.org/api/media/20822>,<http://omeka.org/s/vocabs/o#id>,,"""20822""^^<http://www.w3.org/2001/XMLSchema#integer>"
<https://id.analoggamemuseum.org/api/media/20823>,<http://omeka.org/s/vocabs/o#id>,,"""20823""^^<http://www.w3.org/2001/XMLSchema#integer>"
<https://id.analoggamemuseum.org/api/media/20824>,<http://omeka.org/s/vocabs/o#id>,,"""20824""^^<http://www.w3.org/2001/XMLSchema#integer>"
<https://id.analoggamemuseum.org/api/media/20825>,<http://omeka.org/s/vocabs/o#id>,,"""20825""^^<http://www.w3.org/2001/XMLSchema#integer>"
<https://id.analoggamemuseum.org/api/media/20826>,<http://omeka.org/s/vocabs/o#id>,,"""20826""^^<http://www.w3.org/2001/XMLSchema#integer>"
<https://id.analoggamemuseum.org/api/media/20827>,<http://omeka.org/s/vocabs/o#id>,,"""20827""^^<http://www.w3.org/2001/XMLSchema#integer>"
<https://id.analoggamemuseum.org/api/media/20828>,<http://omeka.org/s/vocabs/o#id>,,"""20828""^^<http://www.w3.org/2001/XMLSchema#integer>"
<https://id.analoggamemuseum.org/api/media/20829>,<http://omeka.org/s/vocabs/o#id>,,"""20829""^^<http://www.w3.org/2001/XMLSchema#integer>"
<https://id.analoggamemuseum.org/api/media/20830>,<http://omeka.org/s/vocabs/o#id>,,"""20830""^^<http://www.w3.org/2001/XMLSchema#integer>"
<https://id.analoggamemuseum.org/api/media/20831>,<http://omeka.org/s/vocabs/o#id>,,"""20831""^^<http://www.w3.org/2001/XMLSchema#integer>"
<https://id.analoggamemuseum.org/api/media/20832>,<http://omeka.org/s/vocabs/o#id>,,"""20832""^^<http://www.w3.org/2001/XMLSchema#integer>"
<https://id.analoggamemuseum.org/api/media/20833>,<http://omeka.org/s/vocabs/o#id>,,"""20833""^^<http://www.w3.org/2001/XMLSchema#integer>"
<https://id.analoggamemuseum.org/api/media/20834>,<http://omeka.org/s/vocabs/o#id>,,"""20834""^^<http://www.w3.org/2001/XMLSchema#integer>"
<https://id.analoggamemuseum.org/api/media/20835>,<http://omeka.org/s/vocabs/o#id>,,"""20835""^^<http://www.w3.org/2001/XMLSchema#integer>"
<https://id.analoggamemuseum.org/api/media/20836>,<http://omeka.org/s/vocabs/o#id>,,"""20836""^^<http://www.w3.org/2001/XMLSchema#integer>"
<https://id.analoggamemuseum.org/api/media/20837>,<http://omeka.org/s/vocabs/o#id>,,"""20837""^^<http://www.w3.org/2001/XMLSchema#integer>"
<https://id.analoggamemuseum.org/api/media/20838>,<http://omeka.org/s/vocabs/o#id>,,"""20838""^^<http://www.w3.org/2001/XMLSchema#integer>"
<https://id.analoggamemuseum.org/api/media/20839>,<http://omeka.org/s/vocabs/o#id>,,"""20839""^^<http://www.w3.org/2001/XMLSchema#integer>"
<https://id.analoggamemuseum.org/api/media/20840>,<http://omeka.org/s/vocabs/o#id>,,"""20840""^^<http://www.w3.org/2001/XMLSchema#integer>"
<https://id.analoggamemuseum.org/api/media/20841>,<http://omeka.org/s/vocabs/o#id>,,"""20841""^^<http://www.w3.org/2001/XMLSchema#integer>"
<https://id.analoggamemuseum.org/api/media/20842>,<http://omeka.org/s/vocabs/o#id>,,"""20842""^^<http://www.w3.org/2001/XMLSchema#integer>"
<https://id.analoggamemuseum.org/api/media/20843>,<http://omeka.org/s/vocabs/o#id>,,"""20843""^^<http://www.w3.org/2001/XMLSchema#integer>"
<https://id.analoggamemuseum.org/api/media/20844>,<http://omeka.org/s/vocabs/o#id>,,"""20844""^^<http://www.w3.org/2001/XMLSchema#integer>"
<https://id.analoggamemuseum.org/api/media/20845>,<http://omeka.org/s/vocabs/o#id>,,"""20845""^^<http://www.w3.org/2001/XMLSchema#integer>"
<https://id.analoggamemuseum.org/api/media/20846>,<http://omeka.org/s/vocabs/o#id>,,"""20846""^^<http://www.w3.org/2001/XMLSchema#integer>"
<https://id.analoggamemuseum.org/api/media/20847>,<http://omeka.org/s/vocabs/o#id>,,"""20847""^^<http://www.w3.org/2001/XMLSchema#integer>"
<https://id.analoggamemuseum.org/api/media/20848>,<http://omeka.org/s/vocabs/o#id>,,"""20848""^^<http://www.w3.org/2001/XMLSchema#integer>"
<https://id.analoggamemuseum.org/api/media/20849>,<http://omeka.org/s/vocabs/o#id>,,"""20849""^^<http://www.w3.org/2001/XMLSchema#integer>"
<https://id.analoggamemuseum.org/api/media/20850>,<http://omeka.org/s/vocabs/o#id>,,"""20850""^^<http://www.w3.org/2001/XMLSchema#integer>"
<https://id.analoggamemuseum.org/api/media/20851>,<http://omeka.org/s/vocabs/o#id>,,"""20851""^^<http://www.w3.org/2001/XMLSchema#integer>"
<https://id.analoggamemuseum.org/api/media/20852>,<http://omeka.org/s/vocabs/o#id>,,"""20852""^^<http://www.w3.org/2001/XMLSchema#integer>"
<https://id.analoggamemuseum.org/api/media/20853>,<http://omeka.org/s/vocabs/o#id>,,"""20853""^^<http://www.w3.org/2001/XMLSchema#integer>"
<https://id.analoggamemuseum.org/api/media/20854>,<http://omeka.org/s/vocabs/o#id>,,"""20854""^^<http://www.w3.org/2001/XMLSchema#integer>"
<https://id.analoggamemuseum.org/api/media/20855>,<http://omeka.org/s/vocabs/o#id>,,"""20855""^^<http://www.w3.org/2001/XMLSchema#integer>"
<https://id.analoggamemuseum.org/api/media/20856>,<http://omeka.org/s/vocabs/o#id>,,"""20856""^^<http://www.w3.org/2001/XMLSchema#integer>"
<https://id.analoggamemuseum.org/api/media/20857>,<http://omeka.org/s/vocabs/o#id>,,"""20857""^^<http://www.w3.org/2001/XMLSchema#integer>"
<https://id.analoggamemuseum.org/api/media/20858>,<http://omeka.org/s/vocabs/o#id>,,"""20858""^^<http://www.w3.org/2001/XMLSchema#integer>"
<https://id.analoggamemuseum.org/api/media/20859>,<http://omeka.org/s/vocabs/o#id>,,"""20859""^^<http://www.w3.org/2001/XMLSchema#integer>"
<https://id.analoggamemuseum.org/api/media/20860>,<http://omeka.org/s/vocabs/o#id>,,"""20860""^^<http://www.w3.org/2001/XMLSchema#integer>"
<https://id.analoggamemuseum.org/api/media/20861>,<http://omeka.org/s/vocabs/o#id>,,"""20861""^^<http://www.w3.org/2001/XMLSchema#integer>"
<https://id.analoggamemuseum.org/api/media/20862>,<http://omeka.org/s/vocabs/o#id>,,"""20862""^^<http://www.w3.org/2001/XMLSchema#integer>"
<https://id.analoggamemuseum.org/api/media/20863>,<http://omeka.org/s/vocabs/o#id>,,"""20863""^^<http://www.w3.org/2001/XMLSchema#integer>"
<https://id.analoggamemuseum.org/api/media/20864>,<http://omeka.org/s/vocabs/o#id>,,"""20864""^^<http://www.w3.org/2001/XMLSchema#integer>"
<https://id.analoggamemuseum.org/api/media/20865>,<http://omeka.org/s/vocabs/o#id>,,"""20865""^^<http://www.w3.org/2001/XMLSchema#integer>"
<https://id.analoggamemuseum.org/api/media/20866>,<http://omeka.org/s/vocabs/o#id>,,"""20866""^^<http://www.w3.org/2001/XMLSchema#integer>"
<https://id.analoggamemuseum.org/api/media/20867>,<http://omeka.org/s/vocabs/o#id>,,"""20867""^^<http://www.w3.org/2001/XMLSchema#integer>"
<https://id.analoggamemuseum.org/api/media/20868>,<http://omeka.org/s/vocabs/o#id>,,"""20868""^^<http://www.w3.org/2001/XMLSchema#integer>"
<https://id.analoggamemuseum.org/api/media/20869>,<http://omeka.org/s/vocabs/o#id>,,"""20869""^^<http://www.w3.org/2001/XMLSchema#integer>"
<https://id.analoggamemuseum.org/api/media/20870>,<http://omeka.org/s/vocabs/o#id>,,"""20870""^^<http://www.w3.org/2001/XMLSchema#integer>"
<https://id.analoggamemuseum.org/api/media/20871>,<http://omeka.org/s/vocabs/o#id>,,"""20871""^^<http://www.w3.org/2001/XMLSchema#integer>"
<https://id.analoggamemuseum.org/api/media/20872>,<http://omeka.org/s/vocabs/o#id>,,"""20872""^^<http://www.w3.org/2001/XMLSchema#integer>"
<https://id.analoggamemuseum.org/api/media/20873>,<http://omeka.org/s/vocabs/o#id>,,"""20873""^^<http://www.w3.org/2001/XMLSchema#integer>"
<https://id.analoggamemuseum.org/api/media/20874>,<http://omeka.org/s/vocabs/o#id>,,"""20874""^^<http://www.w3.org/2001/XMLSchema#integer>"
<https://id.analoggamemuseum.org/api/media/20875>,<http://omeka.org/s/vocabs/o#id>,,"""20875""^^<http://www.w3.org/2001/XMLSchema#integer>"
<https://id.analoggamemuseum.org/api/media/20876>,<http://omeka.org/s/vocabs/o#id>,,"""20876""^^<http://www.w3.org/2001/XMLSchema#integer>"
<https://id.analoggamemuseum.org/api/media/20877>,<http://omeka.org/s/vocabs/o#id>,,"""20877""^^<http://www.w3.org/2001/XMLSchema#integer>"
<https://id.analoggamemuseum.org/api/media/20878>,<http://omeka.org/s/vocabs/o#id>,,"""20878""^^<http://www.w3.org/2001/XMLSchema#integer>"
<https://id.analoggamemuseum.org/api/media/20879>,<http://omeka.org/s/vocabs/o#id>,,"""20879""^^<http://www.w3.org/2001/XMLSchema#integer>"
<https://id.analoggamemuseum.org/api/media/20880>,<http://omeka.org/s/vocabs/o#id>,,"""20880""^^<http://www.w3.org/2001/XMLSchema#integer>"
<https://id.analoggamemuseum.org/api/media/20881>,<http://omeka.org/s/vocabs/o#id>,,"""20881""^^<http://www.w3.org/2001/XMLSchema#integer>"
<https://id.analoggamemuseum.org/api/media/20882>,<http://omeka.org/s/vocabs/o#id>,,"""20882""^^<http://www.w3.org/2001/XMLSchema#integer>"
<https://id.analoggamemuseum.org/api/media/20883>,<http://omeka.org/s/vocabs/o#id>,,"""20883""^^<http://www.w3.org/2001/XMLSchema#integer>"
<https://id.analoggamemuseum.org/api/media/20884>,<http://omeka.org/s/vocabs/o#id>,,"""20884""^^<http://www.w3.org/2001/XMLSchema#integer>"
<https://id.analoggamemuseum.org/api/media/20885>,<http://omeka.org/s/vocabs/o#id>,,"""20885""^^<http://www.w3.org/2001/XMLSchema#integer>"
<https://id.analoggamemuseum.org/api/media/20886>,<http://omeka.org/s/vocabs/o#id>,,"""20886""^^<http://www.w3.org/2001/XMLSchema#integer>"
<https://id.analoggamemuseum.org/api/media/20887>,<http://omeka.org/s/vocabs/o#id>,,"""20887""^^<http://www.w3.org/2001/XMLSchema#integer>"
<https://id.analoggamemuseum.org/api/media/20888>,<http://omeka.org/s/vocabs/o#id>,,"""20888""^^<http://www.w3.org/2001/XMLSchema#integer>"
<https://id.analoggamemuseum.org/api/media/20889>,<http://omeka.org/s/vocabs/o#id>,,"""20889""^^<http://www.w3.org/2001/XMLSchema#integer>"
<https://id.analoggamemuseum.org/api/media/20890>,<http://omeka.org/s/vocabs/o#id>,,"""20890""^^<http://www.w3.org/2001/XMLSchema#integer>"
<https://id.analoggamemuseum.org/api/media/20891>,<http://omeka.org/s/vocabs/o#id>,,"""20891""^^<http://www.w3.org/2001/XMLSchema#integer>"
<https://id.analoggamemuseum.org/api/media/20892>,<http://omeka.org/s/vocabs/o#id>,,"""20892""^^<http://www.w3.org/2001/XMLSchema#integer>"
<https://id.analoggamemuseum.org/api/media/20893>,<http://omeka.org/s/vocabs/o#id>,,"""20893""^^<http://www.w3.org/2001/XMLSchema#integer>"
<https://id.analoggamemuseum.org/api/media/20894>,<http://omeka.org/s/vocabs/o#id>,,"""20894""^^<http://www.w3.org/2001/XMLSchema#integer>"
<https://id.analoggamemuseum.org/api/media/20895>,<http://omeka.org/s/vocabs/o#id>,,"""20895""^^<http://www.w3.org/2001/XMLSchema#integer>"
<https://id.analoggamemuseum.org/api/media/20896>,<http://omeka.org/s/vocabs/o#id>,,"""20896""^^<http://www.w3.org/2001/XMLSchema#integer>"
<https://id.analoggamemuseum.org/api/media/20897>,<http://omeka.org/s/vocabs/o#id>,,"""20897""^^<http://www.w3.org/2001/XMLSchema#integer>"
<https://id.analoggamemuseum.org/api/media/20898>,<http://omeka.org/s/vocabs/o#id>,,"""20898""^^<http://www.w3.org/2001/XMLSchema#integer>"
<https://id.analoggamemuseum.org/api/media/20899>,<http://omeka.org/s/vocabs/o#id>,,"""20899""^^<http://www.w3.org/2001/XMLSchema#integer>"
<https://id.analoggamemuseum.org/api/media/20900>,<http://omeka.org/s/vocabs/o#id>,,"""20900""^^<http://www.w3.org/2001/XMLSchema#integer>"
<https://id.analoggamemuseum.org/api/media/20901>,<http://omeka.org/s/vocabs/o#id>,,"""20901""^^<http://www.w3.org/2001/XMLSchema#integer>"
<https://id.analoggamemuseum.org/api/media/20902>,<http://omeka.org/s/vocabs/o#id>,,"""20902""^^<http://www.w3.org/2001/XMLSchema#integer>"
<https://id.analoggamemuseum.org/api/media/20903>,<http://omeka.org/s/vocabs/o#id>,,"""20903""^^<http://www.w3.org/2001/XMLSchema#integer>"
<https://id.analoggamemuseum.org/api/media/20904>,<http://omeka.org/s/vocabs/o#id>,,"""20904""^^<http://www.w3.org/2001/XMLSchema#integer>"
<https://id.analoggamemuseum.org/api/media/20905>,<http://omeka.org/s/vocabs/o#id>,,"""20905""^^<http://www.w3.org/2001/XMLSchema#integer>"
<https://id.analoggamemuseum.org/api/media/20906>,<http://omeka.org/s/vocabs/o#id>,,"""20906""^^<http://www.w3.org/2001/XMLSchema#integer>"
<https://id.analoggamemuseum.org/api/media/20907>,<http://omeka.org/s/vocabs/o#id>,,"""20907""^^<http://www.w3.org/2001/XMLSchema#integer>"
<https://id.analoggamemuseum.org/api/media/20908>,<http://omeka.org/s/vocabs/o#id>,,"""20908""^^<http://www.w3.org/2001/XMLSchema#integer>"
<https://id.analoggamemuseum.org/api/media/20909>,<http://omeka.org/s/vocabs/o#id>,,"""20909""^^<http://www.w3.org/2001/XMLSchema#integer>"
<https://id.analoggamemuseum.org/api/media/20910>,<http://omeka.org/s/vocabs/o#id>,,"""20910""^^<http://www.w3.org/2001/XMLSchema#integer>"
<https://id.analoggamemuseum.org/api/media/20911>,<http://omeka.org/s/vocabs/o#id>,,"""20911""^^<http://www.w3.org/2001/XMLSchema#integer>"
<https://id.analoggamemuseum.org/api/media/20912>,<http://omeka.org/s/vocabs/o#id>,,"""20912""^^<http://www.w3.org/2001/XMLSchema#integer>"
<https://id.analoggamemuseum.org/api/media/20913>,<http://omeka.org/s/vocabs/o#id>,,"""20913""^^<http://www.w3.org/2001/XMLSchema#integer>"
<https://id.analoggamemuseum.org/api/media/20914>,<http://omeka.org/s/vocabs/o#id>,,"""20914""^^<http://www.w3.org/2001/XMLSchema#integer>"
<https://id.analoggamemuseum.org/api/media/20915>,<http://omeka.org/s/vocabs/o#id>,,"""20915""^^<http://www.w3.org/2001/XMLSchema#integer>"
<https://id.analoggamemuseum.org/api/media/20916>,<http://omeka.org/s/vocabs/o#id>,,"""20916""^^<http://www.w3.org/2001/XMLSchema#integer>"
<https://id.analoggamemuseum.org/api/media/20917>,<http://omeka.org/s/vocabs/o#id>,,"""20917""^^<http://www.w3.org/2001/XMLSchema#integer>"
<https://id.analoggamemuseum.org/api/media/20918>,<http://omeka.org/s/vocabs/o#id>,,"""20918""^^<http://www.w3.org/2001/XMLSchema#integer>"
<https://id.analoggamemuseum.org/api/media/20919>,<http://omeka.org/s/vocabs/o#id>,,"""20919""^^<http://www.w3.org/2001/XMLSchema#integer>"
<https://id.analoggamemuseum.org/api/media/20920>,<http://omeka.org/s/vocabs/o#id>,,"""20920""^^<http://www.w3.org/2001/XMLSchema#integer>"
<https://id.analoggamemuseum.org/api/media/20921>,<http://omeka.org/s/vocabs/o#id>,,"""20921""^^<http://www.w3.org/2001/XMLSchema#integer>"
<https://id.analoggamemuseum.org/api/media/20922>,<http://omeka.org/s/vocabs/o#id>,,"""20922""^^<http://www.w3.org/2001/XMLSchema#integer>"
<https://id.analoggamemuseum.org/api/media/20923>,<http://omeka.org/s/vocabs/o#id>,,"""20923""^^<http://www.w3.org/2001/XMLSchema#integer>"
<https://id.analoggamemuseum.org/api/media/20924>,<http://omeka.org/s/vocabs/o#id>,,"""20924""^^<http://www.w3.org/2001/XMLSchema#integer>"
<https://id.analoggamemuseum.org/api/media/20925>,<http://omeka.org/s/vocabs/o#id>,,"""20925""^^<http://www.w3.org/2001/XMLSchema#integer>"
<https://id.analoggamemuseum.org/api/media/20926>,<http://omeka.org/s/vocabs/o#id>,,"""20926""^^<http://www.w3.org/2001/XMLSchema#integer>"
<https://id.analoggamemuseum.org/api/media/20927>,<http://omeka.org/s/vocabs/o#id>,,"""20927""^^<http://www.w3.org/2001/XMLSchema#integer>"
<https://id.analoggamemuseum.org/api/media/20928>,<http://omeka.org/s/vocabs/o#id>,,"""20928""^^<http://www.w3.org/2001/XMLSchema#integer>"
<https://id.analoggamemuseum.org/api/media/20929>,<http://omeka.org/s/vocabs/o#id>,,"""20929""^^<http://www.w3.org/2001/XMLSchema#integer>"
<https://id.analoggamemuseum.org/api/media/20930>,<http://omeka.org/s/vocabs/o#id>,,"""20930""^^<http://www.w3.org/2001/XMLSchema#integer>"
<https://id.analoggamemuseum.org/api/media/20931>,<http://omeka.org/s/vocabs/o#id>,,"""20931""^^<http://www.w3.org/2001/XMLSchema#integer>"
<https://id.analoggamemuseum.org/api/media/20932>,<http://omeka.org/s/vocabs/o#id>,,"""20932""^^<http://www.w3.org/2001/XMLSchema#integer>"
<https://id.analoggamemuseum.org/api/media/20933>,<http://omeka.org/s/vocabs/o#id>,,"""20933""^^<http://www.w3.org/2001/XMLSchema#integer>"
<https://id.analoggamemuseum.org/api/media/20934>,<http://omeka.org/s/vocabs/o#id>,,"""20934""^^<http://www.w3.org/2001/XMLSchema#integer>"
<https://id.analoggamemuseum.org/api/media/20935>,<http://omeka.org/s/vocabs/o#id>,,"""20935""^^<http://www.w3.org/2001/XMLSchema#integer>"
<https://id.analoggamemuseum.org/api/media/20936>,<http://omeka.org/s/vocabs/o#id>,,"""20936""^^<http://www.w3.org/2001/XMLSchema#integer>"
<https://id.analoggamemuseum.org/api/media/20937>,<http://omeka.org/s/vocabs/o#id>,,"""20937""^^<http://www.w3.org/2001/XMLSchema#integer>"
<https://id.analoggamemuseum.org/api/media/20938>,<http://omeka.org/s/vocabs/o#id>,,"""20938""^^<http://www.w3.org/2001/XMLSchema#integer>"
<https://id.analoggamemuseum.org/api/media/20939>,<http://omeka.org/s/vocabs/o#id>,,"""20939""^^<http://www.w3.org/2001/XMLSchema#integer>"
<https://id.analoggamemuseum.org/api/media/20940>,<http://omeka.org/s/vocabs/o#id>,,"""20940""^^<http://www.w3.org/2001/XMLSchema#integer>"
<https://id.analoggamemuseum.org/api/media/20941>,<http://omeka.org/s/vocabs/o#id>,,"""20941""^^<http://www.w3.org/2001/XMLSchema#integer>"
<https://id.analoggamemuseum.org/api/media/20942>,<http://omeka.org/s/vocabs/o#id>,,"""20942""^^<http://www.w3.org/2001/XMLSchema#integer>"
<https://id.analoggamemuseum.org/api/media/20943>,<http://omeka.org/s/vocabs/o#id>,,"""20943""^^<http://www.w3.org/2001/XMLSchema#integer>"
<https://id.analoggamemuseum.org/api/media/20944>,<http://omeka.org/s/vocabs/o#id>,,"""20944""^^<http://www.w3.org/2001/XMLSchema#integer>"
<https://id.analoggamemuseum.org/api/media/20945>,<http://omeka.org/s/vocabs/o#id>,,"""20945""^^<http://www.w3.org/2001/XMLSchema#integer>"
<https://id.analoggamemuseum.org/api/media/20946>,<http://omeka.org/s/vocabs/o#id>,,"""20946""^^<http://www.w3.org/2001/XMLSchema#integer>"
<https://id.analoggamemuseum.org/api/media/20947>,<http://omeka.org/s/vocabs/o#id>,,"""20947""^^<http://www.w3.org/2001/XMLSchema#integer>"
<https://id.analoggamemuseum.org/api/media/20948>,<http://omeka.org/s/vocabs/o#id>,,"""20948""^^<http://www.w3.org/2001/XMLSchema#integer>"
<https://id.analoggamemuseum.org/api/media/20949>,<http://omeka.org/s/vocabs/o#id>,,"""20949""^^<http://www.w3.org/2001/XMLSchema#integer>"
<https://id.analoggamemuseum.org/api/media/20950>,<http://omeka.org/s/vocabs/o#id>,,"""20950""^^<http://www.w3.org/2001/XMLSchema#integer>"
<https://id.analoggamemuseum.org/api/media/20951>,<http://omeka.org/s/vocabs/o#id>,,"""20951""^^<http://www.w3.org/2001/XMLSchema#integer>"
<https://id.analoggamemuseum.org/api/media/20952>,<http://omeka.org/s/vocabs/o#id>,,"""20952""^^<http://www.w3.org/2001/XMLSchema#integer>"
<https://id.analoggamemuseum.org/api/media/20953>,<http://omeka.org/s/vocabs/o#id>,,"""20953""^^<http://www.w3.org/2001/XMLSchema#integer>"
<https://id.analoggamemuseum.org/api/media/20954>,<http://omeka.org/s/vocabs/o#id>,,"""20954""^^<http://www.w3.org/2001/XMLSchema#integer>"
<https://id.analoggamemuseum.org/api/media/20955>,<http://omeka.org/s/vocabs/o#id>,,"""20955""^^<http://www.w3.org/2001/XMLSchema#integer>"
<https://id.analoggamemuseum.org/api/media/20956>,<http://omeka.org/s/vocabs/o#id>,,"""20956""^^<http://www.w3.org/2001/XMLSchema#integer>"
<https://id.analoggamemuseum.org/api/media/20957>,<http://omeka.org/s/vocabs/o#id>,,"""20957""^^<http://www.w3.org/2001/XMLSchema#integer>"
<https://id.analoggamemuseum.org/api/media/20958>,<http://omeka.org/s/vocabs/o#id>,,"""20958""^^<http://www.w3.org/2001/XMLSchema#integer>"
<https://id.analoggamemuseum.org/api/media/20959>,<http://omeka.org/s/vocabs/o#id>,,"""20959""^^<http://www.w3.org/2001/XMLSchema#integer>"
<https://id.analoggamemuseum.org/api/media/20960>,<http://omeka.org/s/vocabs/o#id>,,"""20960""^^<http://www.w3.org/2001/XMLSchema#integer>"
<https://id.analoggamemuseum.org/api/media/20961>,<http://omeka.org/s/vocabs/o#id>,,"""20961""^^<http://www.w3.org/2001/XMLSchema#integer>"
<https://id.analoggamemuseum.org/api/media/20962>,<http://omeka.org/s/vocabs/o#id>,,"""20962""^^<http://www.w3.org/2001/XMLSchema#integer>"
<https://id.analoggamemuseum.org/api/media/20963>,<http://omeka.org/s/vocabs/o#id>,,"""20963""^^<http://www.w3.org/2001/XMLSchema#integer>"
<https://id.analoggamemuseum.org/api/media/20964>,<http://omeka.org/s/vocabs/o#id>,,"""20964""^^<http://www.w3.org/2001/XMLSchema#integer>"
<https://id.analoggamemuseum.org/api/media/20965>,<http://omeka.org/s/vocabs/o#id>,,"""20965""^^<http://www.w3.org/2001/XMLSchema#integer>"
<https://id.analoggamemuseum.org/api/media/20966>,<http://omeka.org/s/vocabs/o#id>,,"""20966""^^<http://www.w3.org/2001/XMLSchema#integer>"
<https://id.analoggamemuseum.org/api/media/20967>,<http://omeka.org/s/vocabs/o#id>,,"""20967""^^<http://www.w3.org/2001/XMLSchema#integer>"
<https://id.analoggamemuseum.org/api/media/20968>,<http://omeka.org/s/vocabs/o#id>,,"""20968""^^<http://www.w3.org/2001/XMLSchema#integer>"
<https://id.analoggamemuseum.org/api/media/20969>,<http://omeka.org/s/vocabs/o#id>,,"""20969""^^<http://www.w3.org/2001/XMLSchema#integer>"
<https://id.analoggamemuseum.org/api/media/20970>,<http://omeka.org/s/vocabs/o#id>,,"""20970""^^<http://www.w3.org/2001/XMLSchema#integer>"
<https://id.analoggamemuseum.org/api/media/20971>,<http://omeka.org/s/vocabs/o#id>,,"""20971""^^<http://www.w3.org/2001/XMLSchema#integer>"
<https://id.analoggamemuseum.org/api/media/20972>,<http://omeka.org/s/vocabs/o#id>,,"""20972""^^<http://www.w3.org/2001/XMLSchema#integer>"
<https://id.analoggamemuseum.org/api/media/20973>,<http://omeka.org/s/vocabs/o#id>,,"""20973""^^<http://www.w3.org/2001/XMLSchema#integer>"
<https://id.analoggamemuseum.org/api/media/20974>,<http://omeka.org/s/vocabs/o#id>,,"""20974""^^<http://www.w3.org/2001/XMLSchema#integer>"
<https://id.analoggamemuseum.org/api/media/20975>,<http://omeka.org/s/vocabs/o#id>,,"""20975""^^<http://www.w3.org/2001/XMLSchema#integer>"
<https://id.analoggamemuseum.org/api/media/20976>,<http://omeka.org/s/vocabs/o#id>,,"""20976""^^<http://www.w3.org/2001/XMLSchema#integer>"
<https://id.analoggamemuseum.org/api/media/20977>,<http://omeka.org/s/vocabs/o#id>,,"""20977""^^<http://www.w3.org/2001/XMLSchema#integer>"
<https://id.analoggamemuseum.org/api/media/20978>,<http://omeka.org/s/vocabs/o#id>,,"""20978""^^<http://www.w3.org/2001/XMLSchema#integer>"
<https://id.analoggamemuseum.org/api/media/20979>,<http://omeka.org/s/vocabs/o#id>,,"""20979""^^<http://www.w3.org/2001/XMLSchema#integer>"
<https://id.analoggamemuseum.org/api/media/20980>,<http://omeka.org/s/vocabs/o#id>,,"""20980""^^<http://www.w3.org/2001/XMLSchema#integer>"
<https://id.analoggamemuseum.org/api/media/20981>,<http://omeka.org/s/vocabs/o#id>,,"""20981""^^<http://www.w3.org/2001/XMLSchema#integer>"
<https://id.analoggamemuseum.org/api/media/20982>,<http://omeka.org/s/vocabs/o#id>,,"""20982""^^<http://www.w3.org/2001/XMLSchema#integer>"
<https://id.analoggamemuseum.org/api/media/20983>,<http://omeka.org/s/vocabs/o#id>,,"""20983""^^<http://www.w3.org/2001/XMLSchema#integer>"
<https://id.analoggamemuseum.org/api/media/20984>,<http://omeka.org/s/vocabs/o#id>,,"""20984""^^<http://www.w3.org/2001/XMLSchema#integer>"
<https://id.analoggamemuseum.org/api/media/20985>,<http://omeka.org/s/vocabs/o#id>,,"""20985""^^<http://www.w3.org/2001/XMLSchema#integer>"
<https://id.analoggamemuseum.org/api/media/20986>,<http://omeka.org/s/vocabs/o#id>,,"""20986""^^<http://www.w3.org/2001/XMLSchema#integer>"
<https://id.analoggamemuseum.org/api/media/20987>,<http://omeka.org/s/vocabs/o#id>,,"""20987""^^<http://www.w3.org/2001/XMLSchema#integer>"
<https://id.analoggamemuseum.org/api/media/20988>,<http://omeka.org/s/vocabs/o#id>,,"""20988""^^<http://www.w3.org/2001/XMLSchema#integer>"
<https://id.analoggamemuseum.org/api/media/20989>,<http://omeka.org/s/vocabs/o#id>,,"""20989""^^<http://www.w3.org/2001/XMLSchema#integer>"
<https://id.analoggamemuseum.org/api/media/20990>,<http://omeka.org/s/vocabs/o#id>,,"""20990""^^<http://www.w3.org/2001/XMLSchema#integer>"
<https://id.analoggamemuseum.org/api/media/20991>,<http://omeka.org/s/vocabs/o#id>,,"""20991""^^<http://www.w3.org/2001/XMLSchema#integer>"
<https://id.analoggamemuseum.org/api/media/20992>,<http://omeka.org/s/vocabs/o#id>,,"""20992""^^<http://www.w3.org/2001/XMLSchema#integer>"
<https://id.analoggamemuseum.org/api/media/20993>,<http://omeka.org/s/vocabs/o#id>,,"""20993""^^<http://www.w3.org/2001/XMLSchema#integer>"
<https://id.analoggamemuseum.org/api/media/20994>,<http://omeka.org/s/vocabs/o#id>,,"""20994""^^<http://www.w3.org/2001/XMLSchema#integer>"
<https://id.analoggamemuseum.org/api/media/20995>,<http://omeka.org/s/vocabs/o#id>,,"""20995""^^<http://www.w3.org/2001/XMLSchema#integer>"
<https://id.analoggamemuseum.org/api/media/20996>,<http://omeka.org/s/vocabs/o#id>,,"""20996""^^<http://www.w3.org/2001/XMLSchema#integer>"
<https://id.analoggamemuseum.org/api/media/20997>,<http://omeka.org/s/vocabs/o#id>,,"""20997""^^<http://www.w3.org/2001/XMLSchema#integer>"
<https://id.analoggamemuseum.org/api/media/20998>,<http://omeka.org/s/vocabs/o#id>,,"""20998""^^<http://www.w3.org/2001/XMLSchema#integer>"
<https://id.analoggamemuseum.org/api/media/20999>,<http://omeka.org/s/vocabs/o#id>,,"""20999""^^<http://www.w3.org/2001/XMLSchema#integer>"
<https://id.analoggamemuseum.org/api/media/21000>,<http://omeka.org/s/vocabs/o#id>,,"""21000""^^<http://www.w3.org/2001/XMLSchema#integer>"
<https://id.analoggamemuseum.org/api/media/21001>,<http://omeka.org/s/vocabs/o#id>,,"""21001""^^<http://www.w3.org/2001/XMLSchema#integer>"
<https://id.analoggamemuseum.org/api/media/21002>,<http://omeka.org/s/vocabs/o#id>,,"""21002""^^<http://www.w3.org/2001/XMLSchema#integer>"
<https://id.analoggamemuseum.org/api/media/21003>,<http://omeka.org/s/vocabs/o#id>,,"""21003""^^<http://www.w3.org/2001/XMLSchema#integer>"
<https://id.analoggamemuseum.org/api/media/21004>,<http://omeka.org/s/vocabs/o#id>,,"""21004""^^<http://www.w3.org/2001/XMLSchema#integer>"
<https://id.analoggamemuseum.org/api/media/21005>,<http://omeka.org/s/vocabs/o#id>,,"""21005""^^<http://www.w3.org/2001/XMLSchema#integer>"
<https://id.analoggamemuseum.org/api/media/21006>,<http://omeka.org/s/vocabs/o#id>,,"""21006""^^<http://www.w3.org/2001/XMLSchema#integer>"
<https://id.analoggamemuseum.org/api/media/21007>,<http://omeka.org/s/vocabs/o#id>,,"""21007""^^<http://www.w3.org/2001/XMLSchema#integer>"
<https://id.analoggamemuseum.org/api/media/21008>,<http://omeka.org/s/vocabs/o#id>,,"""21008""^^<http://www.w3.org/2001/XMLSchema#integer>"
<https://id.analoggamemuseum.org/api/media/21009>,<http://omeka.org/s/vocabs/o#id>,,"""21009""^^<http://www.w3.org/2001/XMLSchema#integer>"
<https://id.analoggamemuseum.org/api/media/21010>,<http://omeka.org/s/vocabs/o#id>,,"""21010""^^<http://www.w3.org/2001/XMLSchema#integer>"
<https://id.analoggamemuseum.org/api/media/21011>,<http://omeka.org/s/vocabs/o#id>,,"""21011""^^<http://www.w3.org/2001/XMLSchema#integer>"
<https://id.analoggamemuseum.org/api/media/21012>,<http://omeka.org/s/vocabs/o#id>,,"""21012""^^<http://www.w3.org/2001/XMLSchema#integer>"
<https://id.analoggamemuseum.org/api/media/21013>,<http://omeka.org/s/vocabs/o#id>,,"""21013""^^<http://www.w3.org/2001/XMLSchema#integer>"
<https://id.analoggamemuseum.org/api/media/21014>,<http://omeka.org/s/vocabs/o#id>,,"""21014""^^<http://www.w3.org/2001/XMLSchema#integer>"
<https://id.analoggamemuseum.org/api/media/21015>,<http://omeka.org/s/vocabs/o#id>,,"""21015""^^<http://www.w3.org/2001/XMLSchema#integer>"
<https://id.analoggamemuseum.org/api/media/21016>,<http://omeka.org/s/vocabs/o#id>,,"""21016""^^<http://www.w3.org/2001/XMLSchema#integer>"
<https://id.analoggamemuseum.org/api/media/21017>,<http://omeka.org/s/vocabs/o#id>,,"""21017""^^<http://www.w3.org/2001/XMLSchema#integer>"
<https://id.analoggamemuseum.org/api/media/21018>,<http://omeka.org/s/vocabs/o#id>,,"""21018""^^<http://www.w3.org/2001/XMLSchema#integer>"
<https://id.analoggamemuseum.org/api/media/21019>,<http://omeka.org/s/vocabs/o#id>,,"""21019""^^<http://www.w3.org/2001/XMLSchema#integer>"
<https://id.analoggamemuseum.org/api/media/21020>,<http://omeka.org/s/vocabs/o#id>,,"""21020""^^<http://www.w3.org/2001/XMLSchema#integer>"
<https://id.analoggamemuseum.org/api/media/21021>,<http://omeka.org/s/vocabs/o#id>,,"""21021""^^<http://www.w3.org/2001/XMLSchema#integer>"
<https://id.analoggamemuseum.org/api/media/21022>,<http://omeka.org/s/vocabs/o#id>,,"""21022""^^<http://www.w3.org/2001/XMLSchema#integer>"
<https://id.analoggamemuseum.org/api/media/21023>,<http://omeka.org/s/vocabs/o#id>,,"""21023""^^<http://www.w3.org/2001/XMLSchema#integer>"
<https://id.analoggamemuseum.org/api/media/21024>,<http://omeka.org/s/vocabs/o#id>,,"""21024""^^<http://www.w3.org/2001/XMLSchema#integer>"
<https://id.analoggamemuseum.org/api/media/21025>,<http://omeka.org/s/vocabs/o#id>,,"""21025""^^<http://www.w3.org/2001/XMLSchema#integer>"
<https://id.analoggamemuseum.org/api/media/21026>,<http://omeka.org/s/vocabs/o#id>,,"""21026""^^<http://www.w3.org/2001/XMLSchema#integer>"
<https://id.analoggamemuseum.org/api/media/21027>,<http://omeka.org/s/vocabs/o#id>,,"""21027""^^<http://www.w3.org/2001/XMLSchema#integer>"
<https://id.analoggamemuseum.org/api/media/21028>,<http://omeka.org/s/vocabs/o#id>,,"""21028""^^<http://www.w3.org/2001/XMLSchema#integer>"
<https://id.analoggamemuseum.org/api/media/21029>,<http://omeka.org/s/vocabs/o#id>,,"""21029""^^<http://www.w3.org/2001/XMLSchema#integer>"
<https://id.analoggamemuseum.org/api/media/21030>,<http://omeka.org/s/vocabs/o#id>,,"""21030""^^<http://www.w3.org/2001/XMLSchema#integer>"
<https://id.analoggamemuseum.org/api/media/21031>,<http://omeka.org/s/vocabs/o#id>,,"""21031""^^<http://www.w3.org/2001/XMLSchema#integer>"
<https://id.analoggamemuseum.org/api/media/21032>,<http://omeka.org/s/vocabs/o#id>,,"""21032""^^<http://www.w3.org/2001/XMLSchema#integer>"
<https://id.analoggamemuseum.org/api/media/21033>,<http://omeka.org/s/vocabs/o#id>,,"""21033""^^<http://www.w3.org/2001/XMLSchema#integer>"
<https://id.analoggamemuseum.org/api/media/21034>,<http://omeka.org/s/vocabs/o#id>,,"""21034""^^<http://www.w3.org/2001/XMLSchema#integer>"
<https://id.analoggamemuseum.org/api/media/21035>,<http://omeka.org/s/vocabs/o#id>,,"""21035""^^<http://www.w3.org/2001/XMLSchema#integer>"
<https://id.analoggamemuseum.org/api/media/21036>,<http://omeka.org/s/vocabs/o#id>,,"""21036""^^<http://www.w3.org/2001/XMLSchema#integer>"
<https://id.analoggamemuseum.org/api/media/21037>,<http://omeka.org/s/vocabs/o#id>,,"""21037""^^<http://www.w3.org/2001/XMLSchema#integer>"
<https://id.analoggamemuseum.org/api/media/21038>,<http://omeka.org/s/vocabs/o#id>,,"""21038""^^<http://www.w3.org/2001/XMLSchema#integer>"
<https://id.analoggamemuseum.org/api/media/21039>,<http://omeka.org/s/vocabs/o#id>,,"""21039""^^<http://www.w3.org/2001/XMLSchema#integer>"
<https://id.analoggamemuseum.org/api/media/21040>,<http://omeka.org/s/vocabs/o#id>,,"""21040""^^<http://www.w3.org/2001/XMLSchema#integer>"
<https://id.analoggamemuseum.org/api/media/21041>,<http://omeka.org/s/vocabs/o#id>,,"""21041""^^<http://www.w3.org/2001/XMLSchema#integer>"
<https://id.analoggamemuseum.org/api/media/21042>,<http://omeka.org/s/vocabs/o#id>,,"""21042""^^<http://www.w3.org/2001/XMLSchema#integer>"
<https://id.analoggamemuseum.org/api/media/21043>,<http://omeka.org/s/vocabs/o#id>,,"""21043""^^<http://www.w3.org/2001/XMLSchema#integer>"
<https://id.analoggamemuseum.org/api/media/21044>,<http://omeka.org/s/vocabs/o#id>,,"""21044""^^<http://www.w3.org/2001/XMLSchema#integer>"
<https://id.analoggamemuseum.org/api/media/21045>,<http://omeka.org/s/vocabs/o#id>,,"""21045""^^<http://www.w3.org/2001/XMLSchema#integer>"
<https://id.analoggamemuseum.org/api/media/21046>,<http://omeka.org/s/vocabs/o#id>,,"""21046""^^<http://www.w3.org/2001/XMLSchema#integer>"
<https://id.analoggamemuseum.org/api/media/21047>,<http://omeka.org/s/vocabs/o#id>,,"""21047""^^<http://www.w3.org/2001/XMLSchema#integer>"
<https://id.analoggamemuseum.org/api/media/21048>,<http://omeka.org/s/vocabs/o#id>,,"""21048""^^<http://www.w3.org/2001/XMLSchema#integer>"
<https://id.analoggamemuseum.org/api/media/21049>,<http://omeka.org/s/vocabs/o#id>,,"""21049""^^<http://www.w3.org/2001/XMLSchema#integer>"
<https://id.analoggamemuseum.org/api/media/21050>,<http://omeka.org/s/vocabs/o#id>,,"""21050""^^<http://www.w3.org/2001/XMLSchema#integer>"
<https://id.analoggamemuseum.org/api/media/21051>,<http://omeka.org/s/vocabs/o#id>,,"""21051""^^<http://www.w3.org/2001/XMLSchema#integer>"
<https://id.analoggamemuseum.org/api/media/21052>,<http://omeka.org/s/vocabs/o#id>,,"""21052""^^<http://www.w3.org/2001/XMLSchema#integer>"
<https://id.analoggamemuseum.org/api/media/21053>,<http://omeka.org/s/vocabs/o#id>,,"""21053""^^<http://www.w3.org/2001/XMLSchema#integer>"
<https://id.analoggamemuseum.org/api/media/21054>,<http://omeka.org/s/vocabs/o#id>,,"""21054""^^<http://www.w3.org/2001/XMLSchema#integer>"
<https://id.analoggamemuseum.org/api/media/21055>,<http://omeka.org/s/vocabs/o#id>,,"""21055""^^<http://www.w3.org/2001/XMLSchema#integer>"
<https://id.analoggamemuseum.org/api/media/21056>,<http://omeka.org/s/vocabs/o#id>,,"""21056""^^<http://www.w3.org/2001/XMLSchema#integer>"
<https://id.analoggamemuseum.org/api/media/21057>,<http://omeka.org/s/vocabs/o#id>,,"""21057""^^<http://www.w3.org/2001/XMLSchema#integer>"
<https://id.analoggamemuseum.org/api/media/21058>,<http://omeka.org/s/vocabs/o#id>,,"""21058""^^<http://www.w3.org/2001/XMLSchema#integer>"
<https://id.analoggamemuseum.org/api/media/21059>,<http://omeka.org/s/vocabs/o#id>,,"""21059""^^<http://www.w3.org/2001/XMLSchema#integer>"
<https://id.analoggamemuseum.org/api/media/21060>,<http://omeka.org/s/vocabs/o#id>,,"""21060""^^<http://www.w3.org/2001/XMLSchema#integer>"
<https://id.analoggamemuseum.org/api/media/21061>,<http://omeka.org/s/vocabs/o#id>,,"""21061""^^<http://www.w3.org/2001/XMLSchema#integer>"
<https://id.analoggamemuseum.org/api/media/21062>,<http://omeka.org/s/vocabs/o#id>,,"""21062""^^<http://www.w3.org/2001/XMLSchema#integer>"
<https://id.analoggamemuseum.org/api/media/21063>,<http://omeka.org/s/vocabs/o#id>,,"""21063""^^<http://www.w3.org/2001/XMLSchema#integer>"
<https://id.analoggamemuseum.org/api/media/21064>,<http://omeka.org/s/vocabs/o#id>,,"""21064""^^<http://www.w3.org/2001/XMLSchema#integer>"
<https://id.analoggamemuseum.org/api/media/21065>,<http://omeka.org/s/vocabs/o#id>,,"""21065""^^<http://www.w3.org/2001/XMLSchema#integer>"
<https://id.analoggamemuseum.org/api/media/21066>,<http://omeka.org/s/vocabs/o#id>,,"""21066""^^<http://www.w3.org/2001/XMLSchema#integer>"
<https://id.analoggamemuseum.org/api/media/21067>,<http://omeka.org/s/vocabs/o#id>,,"""21067""^^<http://www.w3.org/2001/XMLSchema#integer>"
<https://id.analoggamemuseum.org/api/media/21068>,<http://omeka.org/s/vocabs/o#id>,,"""21068""^^<http://www.w3.org/2001/XMLSchema#integer>"
<https://id.analoggamemuseum.org/api/media/21069>,<http://omeka.org/s/vocabs/o#id>,,"""21069""^^<http://www.w3.org/2001/XMLSchema#integer>"
<https://id.analoggamemuseum.org/api/media/21070>,<http://omeka.org/s/vocabs/o#id>,,"""21070""^^<http://www.w3.org/2001/XMLSchema#integer>"
<https://id.analoggamemuseum.org/api/media/21071>,<http://omeka.org/s/vocabs/o#id>,,"""21071""^^<http://www.w3.org/2001/XMLSchema#integer>"
<https://id.analoggamemuseum.org/api/media/21072>,<http://omeka.org/s/vocabs/o#id>,,"""21072""^^<http://www.w3.org/2001/XMLSchema#integer>"
<https://id.analoggamemuseum.org/api/media/21073>,<http://omeka.org/s/vocabs/o#id>,,"""21073""^^<http://www.w3.org/2001/XMLSchema#integer>"
<https://id.analoggamemuseum.org/api/media/21074>,<http://omeka.org/s/vocabs/o#id>,,"""21074""^^<http://www.w3.org/2001/XMLSchema#integer>"
<https://id.analoggamemuseum.org/api/media/21075>,<http://omeka.org/s/vocabs/o#id>,,"""21075""^^<http://www.w3.org/2001/XMLSchema#integer>"
<https://id.analoggamemuseum.org/api/media/21076>,<http://omeka.org/s/vocabs/o#id>,,"""21076""^^<http://www.w3.org/2001/XMLSchema#integer>"
<https://id.analoggamemuseum.org/api/media/21077>,<http://omeka.org/s/vocabs/o#id>,,"""21077""^^<http://www.w3.org/2001/XMLSchema#integer>"
<https://id.analoggamemuseum.org/api/media/21078>,<http://omeka.org/s/vocabs/o#id>,,"""21078""^^<http://www.w3.org/2001/XMLSchema#integer>"
<https://id.analoggamemuseum.org/api/media/21079>,<http://omeka.org/s/vocabs/o#id>,,"""21079""^^<http://www.w3.org/2001/XMLSchema#integer>"
<https://id.analoggamemuseum.org/api/media/21080>,<http://omeka.org/s/vocabs/o#id>,,"""21080""^^<http://www.w3.org/2001/XMLSchema#integer>"
<https://id.analoggamemuseum.org/api/media/21081>,<http://omeka.org/s/vocabs/o#id>,,"""21081""^^<http://www.w3.org/2001/XMLSchema#integer>"
<https://id.analoggamemuseum.org/api/media/21082>,<http://omeka.org/s/vocabs/o#id>,,"""21082""^^<http://www.w3.org/2001/XMLSchema#integer>"
<https://id.analoggamemuseum.org/api/media/21083>,<http://omeka.org/s/vocabs/o#id>,,"""21083""^^<http://www.w3.org/2001/XMLSchema#integer>"
<https://id.analoggamemuseum.org/api/media/21084>,<http://omeka.org/s/vocabs/o#id>,,"""21084""^^<http://www.w3.org/2001/XMLSchema#integer>"
<https://id.analoggamemuseum.org/api/media/21085>,<http://omeka.org/s/vocabs/o#id>,,"""21085""^^<http://www.w3.org/2001/XMLSchema#integer>"
<https://id.analoggamemuseum.org/api/media/21086>,<http://omeka.org/s/vocabs/o#id>,,"""21086""^^<http://www.w3.org/2001/XMLSchema#integer>"
<https://id.analoggamemuseum.org/api/media/21087>,<http://omeka.org/s/vocabs/o#id>,,"""21087""^^<http://www.w3.org/2001/XMLSchema#integer>"
<https://id.analoggamemuseum.org/api/media/21088>,<http://omeka.org/s/vocabs/o#id>,,"""21088""^^<http://www.w3.org/2001/XMLSchema#integer>"
<https://id.analoggamemuseum.org/api/media/21089>,<http://omeka.org/s/vocabs/o#id>,,"""21089""^^<http://www.w3.org/2001/XMLSchema#integer>"
<https://id.analoggamemuseum.org/api/media/21090>,<http://omeka.org/s/vocabs/o#id>,,"""21090""^^<http://www.w3.org/2001/XMLSchema#integer>"
<https://id.analoggamemuseum.org/api/media/21091>,<http://omeka.org/s/vocabs/o#id>,,"""21091""^^<http://www.w3.org/2001/XMLSchema#integer>"
<https://id.analoggamemuseum.org/api/media/21092>,<http://omeka.org/s/vocabs/o#id>,,"""21092""^^<http://www.w3.org/2001/XMLSchema#integer>"
<https://id.analoggamemuseum.org/api/media/21093>,<http://omeka.org/s/vocabs/o#id>,,"""21093""^^<http://www.w3.org/2001/XMLSchema#integer>"
<https://id.analoggamemuseum.org/api/media/21094>,<http://omeka.org/s/vocabs/o#id>,,"""21094""^^<http://www.w3.org/2001/XMLSchema#integer>"
<https://id.analoggamemuseum.org/api/media/21095>,<http://omeka.org/s/vocabs/o#id>,,"""21095""^^<http://www.w3.org/2001/XMLSchema#integer>"
<https://id.analoggamemuseum.org/api/media/21096>,<http://omeka.org/s/vocabs/o#id>,,"""21096""^^<http://www.w3.org/2001/XMLSchema#integer>"
<https://id.analoggamemuseum.org/api/media/21097>,<http://omeka.org/s/vocabs/o#id>,,"""21097""^^<http://www.w3.org/2001/XMLSchema#integer>"
<https://id.analoggamemuseum.org/api/media/21098>,<http://omeka.org/s/vocabs/o#id>,,"""21098""^^<http://www.w3.org/2001/XMLSchema#integer>"
<https://id.analoggamemuseum.org/api/media/21099>,<http://omeka.org/s/vocabs/o#id>,,"""21099""^^<http://www.w3.org/2001/XMLSchema#integer>"
<https://id.analoggamemuseum.org/api/media/21100>,<http://omeka.org/s/vocabs/o#id>,,"""21100""^^<http://www.w3.org/2001/XMLSchema#integer>"
<https://id.analoggamemuseum.org/api/media/21101>,<http://omeka.org/s/vocabs/o#id>,,"""21101""^^<http://www.w3.org/2001/XMLSchema#integer>"
<https://id.analoggamemuseum.org/api/media/21102>,<http://omeka.org/s/vocabs/o#id>,,"""21102""^^<http://www.w3.org/2001/XMLSchema#integer>"
<https://id.analoggamemuseum.org/api/media/21103>,<http://omeka.org/s/vocabs/o#id>,,"""21103""^^<http://www.w3.org/2001/XMLSchema#integer>"
<https://id.analoggamemuseum.org/api/media/21104>,<http://omeka.org/s/vocabs/o#id>,,"""21104""^^<http://www.w3.org/2001/XMLSchema#integer>"
<https://id.analoggamemuseum.org/api/media/21105>,<http://omeka.org/s/vocabs/o#id>,,"""21105""^^<http://www.w3.org/2001/XMLSchema#integer>"
<https://id.analoggamemuseum.org/api/media/21106>,<http://omeka.org/s/vocabs/o#id>,,"""21106""^^<http://www.w3.org/2001/XMLSchema#integer>"
<https://id.analoggamemuseum.org/api/media/21107>,<http://omeka.org/s/vocabs/o#id>,,"""21107""^^<http://www.w3.org/2001/XMLSchema#integer>"
<https://id.analoggamemuseum.org/api/media/21108>,<http://omeka.org/s/vocabs/o#id>,,"""21108""^^<http://www.w3.org/2001/XMLSchema#integer>"
<https://id.analoggamemuseum.org/api/media/21109>,<http://omeka.org/s/vocabs/o#id>,,"""21109""^^<http://www.w3.org/2001/XMLSchema#integer>"
<https://id.analoggamemuseum.org/api/media/21110>,<http://omeka.org/s/vocabs/o#id>,,"""21110""^^<http://www.w3.org/2001/XMLSchema#integer>"
<https://id.analoggamemuseum.org/api/media/21111>,<http://omeka.org/s/vocabs/o#id>,,"""21111""^^<http://www.w3.org/2001/XMLSchema#integer>"
<https://id.analoggamemuseum.org/api/media/21112>,<http://omeka.org/s/vocabs/o#id>,,"""21112""^^<http://www.w3.org/2001/XMLSchema#integer>"
<https://id.analoggamemuseum.org/api/media/21113>,<http://omeka.org/s/vocabs/o#id>,,"""21113""^^<http://www.w3.org/2001/XMLSchema#integer>"
<https://id.analoggamemuseum.org/api/media/21114>,<http://omeka.org/s/vocabs/o#id>,,"""21114""^^<http://www.w3.org/2001/XMLSchema#integer>"
<https://id.analoggamemuseum.org/api/media/21115>,<http://omeka.org/s/vocabs/o#id>,,"""21115""^^<http://www.w3.org/2001/XMLSchema#integer>"
<https://id.analoggamemuseum.org/api/media/21116>,<http://omeka.org/s/vocabs/o#id>,,"""21116""^^<http://www.w3.org/2001/XMLSchema#integer>"
<https://id.analoggamemuseum.org/api/media/21117>,<http://omeka.org/s/vocabs/o#id>,,"""21117""^^<http://www.w3.org/2001/XMLSchema#integer>"
<https://id.analoggamemuseum.org/api/media/21118>,<http://omeka.org/s/vocabs/o#id>,,"""21118""^^<http://www.w3.org/2001/XMLSchema#integer>"
<https://id.analoggamemuseum.org/api/media/21119>,<http://omeka.org/s/vocabs/o#id>,,"""21119""^^<http://www.w3.org/2001/XMLSchema#integer>"
<https://id.analoggamemuseum.org/api/media/21120>,<http://omeka.org/s/vocabs/o#id>,,"""21120""^^<http://www.w3.org/2001/XMLSchema#integer>"
<https://id.analoggamemuseum.org/api/media/21121>,<http://omeka.org/s/vocabs/o#id>,,"""21121""^^<http://www.w3.org/2001/XMLSchema#integer>"
<https://id.analoggamemuseum.org/api/media/21122>,<http://omeka.org/s/vocabs/o#id>,,"""21122""^^<http://www.w3.org/2001/XMLSchema#integer>"
<https://id.analoggamemuseum.org/api/media/21123>,<http://omeka.org/s/vocabs/o#id>,,"""21123""^^<http://www.w3.org/2001/XMLSchema#integer>"
<https://id.analoggamemuseum.org/api/media/21124>,<http://omeka.org/s/vocabs/o#id>,,"""21124""^^<http://www.w3.org/2001/XMLSchema#integer>"
<https://id.analoggamemuseum.org/api/media/21125>,<http://omeka.org/s/vocabs/o#id>,,"""21125""^^<http://www.w3.org/2001/XMLSchema#integer>"
<https://id.analoggamemuseum.org/api/media/21126>,<http://omeka.org/s/vocabs/o#id>,,"""21126""^^<http://www.w3.org/2001/XMLSchema#integer>"
<https://id.analoggamemuseum.org/api/media/21127>,<http://omeka.org/s/vocabs/o#id>,,"""21127""^^<http://www.w3.org/2001/XMLSchema#integer>"
<https://id.analoggamemuseum.org/api/media/21128>,<http://omeka.org/s/vocabs/o#id>,,"""21128""^^<http://www.w3.org/2001/XMLSchema#integer>"
<https://id.analoggamemuseum.org/api/media/21129>,<http://omeka.org/s/vocabs/o#id>,,"""21129""^^<http://www.w3.org/2001/XMLSchema#integer>"
<https://id.analoggamemuseum.org/api/media/21130>,<http://omeka.org/s/vocabs/o#id>,,"""21130""^^<http://www.w3.org/2001/XMLSchema#integer>"
<https://id.analoggamemuseum.org/api/media/21131>,<http://omeka.org/s/vocabs/o#id>,,"""21131""^^<http://www.w3.org/2001/XMLSchema#integer>"
<https://id.analoggamemuseum.org/api/media/21132>,<http://omeka.org/s/vocabs/o#id>,,"""21132""^^<http://www.w3.org/2001/XMLSchema#integer>"
<https://id.analoggamemuseum.org/api/media/21133>,<http://omeka.org/s/vocabs/o#id>,,"""21133""^^<http://www.w3.org/2001/XMLSchema#integer>"
<https://id.analoggamemuseum.org/api/media/21134>,<http://omeka.org/s/vocabs/o#id>,,"""21134""^^<http://www.w3.org/2001/XMLSchema#integer>"
<https://id.analoggamemuseum.org/api/media/21135>,<http://omeka.org/s/vocabs/o#id>,,"""21135""^^<http://www.w3.org/2001/XMLSchema#integer>"
<https://id.analoggamemuseum.org/api/media/21136>,<http://omeka.org/s/vocabs/o#id>,,"""21136""^^<http://www.w3.org/2001/XMLSchema#integer>"
<https://id.analoggamemuseum.org/api/media/21137>,<http://omeka.org/s/vocabs/o#id>,,"""21137""^^<http://www.w3.org/2001/XMLSchema#integer>"
<https://id.analoggamemuseum.org/api/media/21138>,<http://omeka.org/s/vocabs/o#id>,,"""21138""^^<http://www.w3.org/2001/XMLSchema#integer>"
<https://id.analoggamemuseum.org/api/media/21139>,<http://omeka.org/s/vocabs/o#id>,,"""21139""^^<http://www.w3.org/2001/XMLSchema#integer>"
<https://id.analoggamemuseum.org/api/media/21140>,<http://omeka.org/s/vocabs/o#id>,,"""21140""^^<http://www.w3.org/2001/XMLSchema#integer>"
<https://id.analoggamemuseum.org/api/media/21141>,<http://omeka.org/s/vocabs/o#id>,,"""21141""^^<http://www.w3.org/2001/XMLSchema#integer>"
<https://id.analoggamemuseum.org/api/media/21142>,<http://omeka.org/s/vocabs/o#id>,,"""21142""^^<http://www.w3.org/2001/XMLSchema#integer>"
<https://id.analoggamemuseum.org/api/media/21143>,<http://omeka.org/s/vocabs/o#id>,,"""21143""^^<http://www.w3.org/2001/XMLSchema#integer>"
<https://id.analoggamemuseum.org/api/media/21144>,<http://omeka.org/s/vocabs/o#id>,,"""21144""^^<http://www.w3.org/2001/XMLSchema#integer>"
<https://id.analoggamemuseum.org/api/media/21145>,<http://omeka.org/s/vocabs/o#id>,,"""21145""^^<http://www.w3.org/2001/XMLSchema#integer>"
<https://id.analoggamemuseum.org/api/media/21146>,<http://omeka.org/s/vocabs/o#id>,,"""21146""^^<http://www.w3.org/2001/XMLSchema#integer>"
<https://id.analoggamemuseum.org/api/media/21147>,<http://omeka.org/s/vocabs/o#id>,,"""21147""^^<http://www.w3.org/2001/XMLSchema#integer>"
<https://id.analoggamemuseum.org/api/media/21148>,<http://omeka.org/s/vocabs/o#id>,,"""21148""^^<http://www.w3.org/2001/XMLSchema#integer>"
<https://id.analoggamemuseum.org/api/media/21149>,<http://omeka.org/s/vocabs/o#id>,,"""21149""^^<http://www.w3.org/2001/XMLSchema#integer>"
<https://id.analoggamemuseum.org/api/media/21150>,<http://omeka.org/s/vocabs/o#id>,,"""21150""^^<http://www.w3.org/2001/XMLSchema#integer>"
<https://id.analoggamemuseum.org/api/media/21151>,<http://omeka.org/s/vocabs/o#id>,,"""21151""^^<http://www.w3.org/2001/XMLSchema#integer>"
<https://id.analoggamemuseum.org/api/media/21152>,<http://omeka.org/s/vocabs/o#id>,,"""21152""^^<http://www.w3.org/2001/XMLSchema#integer>"
<https://id.analoggamemuseum.org/api/media/21153>,<http://omeka.org/s/vocabs/o#id>,,"""21153""^^<http://www.w3.org/2001/XMLSchema#integer>"
<https://id.analoggamemuseum.org/api/media/21154>,<http://omeka.org/s/vocabs/o#id>,,"""21154""^^<http://www.w3.org/2001/XMLSchema#integer>"
<https://id.analoggamemuseum.org/api/media/21155>,<http://omeka.org/s/vocabs/o#id>,,"""21155""^^<http://www.w3.org/2001/XMLSchema#integer>"
<https://id.analoggamemuseum.org/api/media/21156>,<http://omeka.org/s/vocabs/o#id>,,"""21156""^^<http://www.w3.org/2001/XMLSchema#integer>"
<https://id.analoggamemuseum.org/api/media/21157>,<http://omeka.org/s/vocabs/o#id>,,"""21157""^^<http://www.w3.org/2001/XMLSchema#integer>"
<https://id.analoggamemuseum.org/api/media/21158>,<http://omeka.org/s/vocabs/o#id>,,"""21158""^^<http://www.w3.org/2001/XMLSchema#integer>"
<https://id.analoggamemuseum.org/api/media/21159>,<http://omeka.org/s/vocabs/o#id>,,"""21159""^^<http://www.w3.org/2001/XMLSchema#integer>"
<https://id.analoggamemuseum.org/api/media/21160>,<http://omeka.org/s/vocabs/o#id>,,"""21160""^^<http://www.w3.org/2001/XMLSchema#integer>"
<https://id.analoggamemuseum.org/api/media/21161>,<http://omeka.org/s/vocabs/o#id>,,"""21161""^^<http://www.w3.org/2001/XMLSchema#integer>"
<https://id.analoggamemuseum.org/api/media/21162>,<http://omeka.org/s/vocabs/o#id>,,"""21162""^^<http://www.w3.org/2001/XMLSchema#integer>"
<https://id.analoggamemuseum.org/api/media/21163>,<http://omeka.org/s/vocabs/o#id>,,"""21163""^^<http://www.w3.org/2001/XMLSchema#integer>"
<https://id.analoggamemuseum.org/api/media/21164>,<http://omeka.org/s/vocabs/o#id>,,"""21164""^^<http://www.w3.org/2001/XMLSchema#integer>"
<https://id.analoggamemuseum.org/api/media/21165>,<http://omeka.org/s/vocabs/o#id>,,"""21165""^^<http://www.w3.org/2001/XMLSchema#integer>"
<https://id.analoggamemuseum.org/api/media/21166>,<http://omeka.org/s/vocabs/o#id>,,"""21166""^^<http://www.w3.org/2001/XMLSchema#integer>"
<https://id.analoggamemuseum.org/api/media/21167>,<http://omeka.org/s/vocabs/o#id>,,"""21167""^^<http://www.w3.org/2001/XMLSchema#integer>"
<https://id.analoggamemuseum.org/api/media/21168>,<http://omeka.org/s/vocabs/o#id>,,"""21168""^^<http://www.w3.org/2001/XMLSchema#integer>"
<https://id.analoggamemuseum.org/api/media/21169>,<http://omeka.org/s/vocabs/o#id>,,"""21169""^^<http://www.w3.org/2001/XMLSchema#integer>"
<https://id.analoggamemuseum.org/api/media/21170>,<http://omeka.org/s/vocabs/o#id>,,"""21170""^^<http://www.w3.org/2001/XMLSchema#integer>"
<https://id.analoggamemuseum.org/api/media/21171>,<http://omeka.org/s/vocabs/o#id>,,"""21171""^^<http://www.w3.org/2001/XMLSchema#integer>"
<https://id.analoggamemuseum.org/api/media/21172>,<http://omeka.org/s/vocabs/o#id>,,"""21172""^^<http://www.w3.org/2001/XMLSchema#integer>"
<https://id.analoggamemuseum.org/api/media/21173>,<http://omeka.org/s/vocabs/o#id>,,"""21173""^^<http://www.w3.org/2001/XMLSchema#integer>"
<https://id.analoggamemuseum.org/api/media/21174>,<http://omeka.org/s/vocabs/o#id>,,"""21174""^^<http://www.w3.org/2001/XMLSchema#integer>"
<https://id.analoggamemuseum.org/api/media/21175>,<http://omeka.org/s/vocabs/o#id>,,"""21175""^^<http://www.w3.org/2001/XMLSchema#integer>"
<https://id.analoggamemuseum.org/api/media/21176>,<http://omeka.org/s/vocabs/o#id>,,"""21176""^^<http://www.w3.org/2001/XMLSchema#integer>"
<https://id.analoggamemuseum.org/api/media/21177>,<http://omeka.org/s/vocabs/o#id>,,"""21177""^^<http://www.w3.org/2001/XMLSchema#integer>"
<https://id.analoggamemuseum.org/api/media/21178>,<http://omeka.org/s/vocabs/o#id>,,"""21178""^^<http://www.w3.org/2001/XMLSchema#integer>"
<https://id.analoggamemuseum.org/api/media/21179>,<http://omeka.org/s/vocabs/o#id>,,"""21179""^^<http://www.w3.org/2001/XMLSchema#integer>"
<https://id.analoggamemuseum.org/api/media/21180>,<http://omeka.org/s/vocabs/o#id>,,"""21180""^^<http://www.w3.org/2001/XMLSchema#integer>"
<https://id.analoggamemuseum.org/api/media/21181>,<http://omeka.org/s/vocabs/o#id>,,"""21181""^^<http://www.w3.org/2001/XMLSchema#integer>"
<https://id.analoggamemuseum.org/api/media/21182>,<http://omeka.org/s/vocabs/o#id>,,"""21182""^^<http://www.w3.org/2001/XMLSchema#integer>"
<https://id.analoggamemuseum.org/api/media/21183>,<http://omeka.org/s/vocabs/o#id>,,"""21183""^^<http://www.w3.org/2001/XMLSchema#integer>"
<https://id.analoggamemuseum.org/api/media/21184>,<http://omeka.org/s/vocabs/o#id>,,"""21184""^^<http://www.w3.org/2001/XMLSchema#integer>"
<https://id.analoggamemuseum.org/api/media/21185>,<http://omeka.org/s/vocabs/o#id>,,"""21185""^^<http://www.w3.org/2001/XMLSchema#integer>"
<https://id.analoggamemuseum.org/api/media/21186>,<http://omeka.org/s/vocabs/o#id>,,"""21186""^^<http://www.w3.org/2001/XMLSchema#integer>"
<https://id.analoggamemuseum.org/api/media/21187>,<http://omeka.org/s/vocabs/o#id>,,"""21187""^^<http://www.w3.org/2001/XMLSchema#integer>"
<https://id.analoggamemuseum.org/api/media/21188>,<http://omeka.org/s/vocabs/o#id>,,"""21188""^^<http://www.w3.org/2001/XMLSchema#integer>"
<https://id.analoggamemuseum.org/api/media/21189>,<http://omeka.org/s/vocabs/o#id>,,"""21189""^^<http://www.w3.org/2001/XMLSchema#integer>"
<https://id.analoggamemuseum.org/api/media/21190>,<http://omeka.org/s/vocabs/o#id>,,"""21190""^^<http://www.w3.org/2001/XMLSchema#integer>"
<https://id.analoggamemuseum.org/api/media/21191>,<http://omeka.org/s/vocabs/o#id>,,"""21191""^^<http://www.w3.org/2001/XMLSchema#integer>"
<https://id.analoggamemuseum.org/api/media/21192>,<http://omeka.org/s/vocabs/o#id>,,"""21192""^^<http://www.w3.org/2001/XMLSchema#integer>"
<https://id.analoggamemuseum.org/api/media/21193>,<http://omeka.org/s/vocabs/o#id>,,"""21193""^^<http://www.w3.org/2001/XMLSchema#integer>"
<https://id.analoggamemuseum.org/api/media/21194>,<http://omeka.org/s/vocabs/o#id>,,"""21194""^^<http://www.w3.org/2001/XMLSchema#integer>"
<https://id.analoggamemuseum.org/api/media/21195>,<http://omeka.org/s/vocabs/o#id>,,"""21195""^^<http://www.w3.org/2001/XMLSchema#integer>"
<https://id.analoggamemuseum.org/api/media/21196>,<http://omeka.org/s/vocabs/o#id>,,"""21196""^^<http://www.w3.org/2001/XMLSchema#integer>"
<https://id.analoggamemuseum.org/api/media/21197>,<http://omeka.org/s/vocabs/o#id>,,"""21197""^^<http://www.w3.org/2001/XMLSchema#integer>"
<https://id.analoggamemuseum.org/api/media/21198>,<http://omeka.org/s/vocabs/o#id>,,"""21198""^^<http://www.w3.org/2001/XMLSchema#integer>"
<https://id.analoggamemuseum.org/api/media/21199>,<http://omeka.org/s/vocabs/o#id>,,"""21199""^^<http://www.w3.org/2001/XMLSchema#integer>"
<https://id.analoggamemuseum.org/api/media/21200>,<http://omeka.org/s/vocabs/o#id>,,"""21200""^^<http://www.w3.org/2001/XMLSchema#integer>"
<https://id.analoggamemuseum.org/api/media/21201>,<http://omeka.org/s/vocabs/o#id>,,"""21201""^^<http://www.w3.org/2001/XMLSchema#integer>"
<https://id.analoggamemuseum.org/api/media/21202>,<http://omeka.org/s/vocabs/o#id>,,"""21202""^^<http://www.w3.org/2001/XMLSchema#integer>"
<https://id.analoggamemuseum.org/api/media/21203>,<http://omeka.org/s/vocabs/o#id>,,"""21203""^^<http://www.w3.org/2001/XMLSchema#integer>"
<https://id.analoggamemuseum.org/api/media/21204>,<http://omeka.org/s/vocabs/o#id>,,"""21204""^^<http://www.w3.org/2001/XMLSchema#integer>"
<https://id.analoggamemuseum.org/api/media/21205>,<http://omeka.org/s/vocabs/o#id>,,"""21205""^^<http://www.w3.org/2001/XMLSchema#integer>"
<https://id.analoggamemuseum.org/api/media/21206>,<http://omeka.org/s/vocabs/o#id>,,"""21206""^^<http://www.w3.org/2001/XMLSchema#integer>"
<https://id.analoggamemuseum.org/api/media/21207>,<http://omeka.org/s/vocabs/o#id>,,"""21207""^^<http://www.w3.org/2001/XMLSchema#integer>"
<https://id.analoggamemuseum.org/api/media/21208>,<http://omeka.org/s/vocabs/o#id>,,"""21208""^^<http://www.w3.org/2001/XMLSchema#integer>"
<https://id.analoggamemuseum.org/api/media/21209>,<http://omeka.org/s/vocabs/o#id>,,"""21209""^^<http://www.w3.org/2001/XMLSchema#integer>"
<https://id.analoggamemuseum.org/api/media/21210>,<http://omeka.org/s/vocabs/o#id>,,"""21210""^^<http://www.w3.org/2001/XMLSchema#integer>"
<https://id.analoggamemuseum.org/api/media/21211>,<http://omeka.org/s/vocabs/o#id>,,"""21211""^^<http://www.w3.org/2001/XMLSchema#integer>"
<https://id.analoggamemuseum.org/api/media/21212>,<http://omeka.org/s/vocabs/o#id>,,"""21212""^^<http://www.w3.org/2001/XMLSchema#integer>"
<https://id.analoggamemuseum.org/api/media/21213>,<http://omeka.org/s/vocabs/o#id>,,"""21213""^^<http://www.w3.org/2001/XMLSchema#integer>"
<https://id.analoggamemuseum.org/api/media/21214>,<http://omeka.org/s/vocabs/o#id>,,"""21214""^^<http://www.w3.org/2001/XMLSchema#integer>"
<https://id.analoggamemuseum.org/api/media/21215>,<http://omeka.org/s/vocabs/o#id>,,"""21215""^^<http://www.w3.org/2001/XMLSchema#integer>"
<https://id.analoggamemuseum.org/api/media/21216>,<http://omeka.org/s/vocabs/o#id>,,"""21216""^^<http://www.w3.org/2001/XMLSchema#integer>"
<https://id.analoggamemuseum.org/api/media/21217>,<http://omeka.org/s/vocabs/o#id>,,"""21217""^^<http://www.w3.org/2001/XMLSchema#integer>"
<https://id.analoggamemuseum.org/api/media/21218>,<http://omeka.org/s/vocabs/o#id>,,"""21218""^^<http://www.w3.org/2001/XMLSchema#integer>"
<https://id.analoggamemuseum.org/api/media/21219>,<http://omeka.org/s/vocabs/o#id>,,"""21219""^^<http://www.w3.org/2001/XMLSchema#integer>"
<https://id.analoggamemuseum.org/api/media/21220>,<http://omeka.org/s/vocabs/o#id>,,"""21220""^^<http://www.w3.org/2001/XMLSchema#integer>"
<https://id.analoggamemuseum.org/api/media/21221>,<http://omeka.org/s/vocabs/o#id>,,"""21221""^^<http://www.w3.org/2001/XMLSchema#integer>"
<https://id.analoggamemuseum.org/api/media/21222>,<http://omeka.org/s/vocabs/o#id>,,"""21222""^^<http://www.w3.org/2001/XMLSchema#integer>"
<https://id.analoggamemuseum.org/api/media/21223>,<http://omeka.org/s/vocabs/o#id>,,"""21223""^^<http://www.w3.org/2001/XMLSchema#integer>"
<https://id.analoggamemuseum.org/api/media/21224>,<http://omeka.org/s/vocabs/o#id>,,"""21224""^^<http://www.w3.org/2001/XMLSchema#integer>"
<https://id.analoggamemuseum.org/api/media/21225>,<http://omeka.org/s/vocabs/o#id>,,"""21225""^^<http://www.w3.org/2001/XMLSchema#integer>"
<https://id.analoggamemuseum.org/api/media/21226>,<http://omeka.org/s/vocabs/o#id>,,"""21226""^^<http://www.w3.org/2001/XMLSchema#integer>"
<https://id.analoggamemuseum.org/api/media/21227>,<http://omeka.org/s/vocabs/o#id>,,"""21227""^^<http://www.w3.org/2001/XMLSchema#integer>"
<https://id.analoggamemuseum.org/api/media/21228>,<http://omeka.org/s/vocabs/o#id>,,"""21228""^^<http://www.w3.org/2001/XMLSchema#integer>"
<https://id.analoggamemuseum.org/api/media/21229>,<http://omeka.org/s/vocabs/o#id>,,"""21229""^^<http://www.w3.org/2001/XMLSchema#integer>"
<https://id.analoggamemuseum.org/api/media/21230>,<http://omeka.org/s/vocabs/o#id>,,"""21230""^^<http://www.w3.org/2001/XMLSchema#integer>"
<https://id.analoggamemuseum.org/api/media/21231>,<http://omeka.org/s/vocabs/o#id>,,"""21231""^^<http://www.w3.org/2001/XMLSchema#integer>"
<https://id.analoggamemuseum.org/api/media/21232>,<http://omeka.org/s/vocabs/o#id>,,"""21232""^^<http://www.w3.org/2001/XMLSchema#integer>"
<https://id.analoggamemuseum.org/api/media/21233>,<http://omeka.org/s/vocabs/o#id>,,"""21233""^^<http://www.w3.org/2001/XMLSchema#integer>"
<https://id.analoggamemuseum.org/api/media/21234>,<http://omeka.org/s/vocabs/o#id>,,"""21234""^^<http://www.w3.org/2001/XMLSchema#integer>"
<https://id.analoggamemuseum.org/api/media/21235>,<http://omeka.org/s/vocabs/o#id>,,"""21235""^^<http://www.w3.org/2001/XMLSchema#integer>"
<https://id.analoggamemuseum.org/api/media/21236>,<http://omeka.org/s/vocabs/o#id>,,"""21236""^^<http://www.w3.org/2001/XMLSchema#integer>"
<https://id.analoggamemuseum.org/api/media/21237>,<http://omeka.org/s/vocabs/o#id>,,"""21237""^^<http://www.w3.org/2001/XMLSchema#integer>"
<https://id.analoggamemuseum.org/api/media/21238>,<http://omeka.org/s/vocabs/o#id>,,"""21238""^^<http://www.w3.org/2001/XMLSchema#integer>"
<https://id.analoggamemuseum.org/api/media/21239>,<http://omeka.org/s/vocabs/o#id>,,"""21239""^^<http://www.w3.org/2001/XMLSchema#integer>"
<https://id.analoggamemuseum.org/api/media/21240>,<http://omeka.org/s/vocabs/o#id>,,"""21240""^^<http://www.w3.org/2001/XMLSchema#integer>"
<https://id.analoggamemuseum.org/api/media/21241>,<http://omeka.org/s/vocabs/o#id>,,"""21241""^^<http://www.w3.org/2001/XMLSchema#integer>"
<https://id.analoggamemuseum.org/api/media/21242>,<http://omeka.org/s/vocabs/o#id>,,"""21242""^^<http://www.w3.org/2001/XMLSchema#integer>"
<https://id.analoggamemuseum.org/api/media/21243>,<http://omeka.org/s/vocabs/o#id>,,"""21243""^^<http://www.w3.org/2001/XMLSchema#integer>"
<https://id.analoggamemuseum.org/api/media/21244>,<http://omeka.org/s/vocabs/o#id>,,"""21244""^^<http://www.w3.org/2001/XMLSchema#integer>"
<https://id.analoggamemuseum.org/api/media/21245>,<http://omeka.org/s/vocabs/o#id>,,"""21245""^^<http://www.w3.org/2001/XMLSchema#integer>"
<https://id.analoggamemuseum.org/api/media/21246>,<http://omeka.org/s/vocabs/o#id>,,"""21246""^^<http://www.w3.org/2001/XMLSchema#integer>"
<https://id.analoggamemuseum.org/api/media/21247>,<http://omeka.org/s/vocabs/o#id>,,"""21247""^^<http://www.w3.org/2001/XMLSchema#integer>"
<https://id.analoggamemuseum.org/api/media/21248>,<http://omeka.org/s/vocabs/o#id>,,"""21248""^^<http://www.w3.org/2001/XMLSchema#integer>"
<https://id.analoggamemuseum.org/api/media/21249>,<http://omeka.org/s/vocabs/o#id>,,"""21249""^^<http://www.w3.org/2001/XMLSchema#integer>"
<https://id.analoggamemuseum.org/api/media/21250>,<http://omeka.org/s/vocabs/o#id>,,"""21250""^^<http://www.w3.org/2001/XMLSchema#integer>"
<https://id.analoggamemuseum.org/api/media/21251>,<http://omeka.org/s/vocabs/o#id>,,"""21251""^^<http://www.w3.org/2001/XMLSchema#integer>"
<https://id.analoggamemuseum.org/api/media/21252>,<http://omeka.org/s/vocabs/o#id>,,"""21252""^^<http://www.w3.org/2001/XMLSchema#integer>"
<https://id.analoggamemuseum.org/api/media/21253>,<http://omeka.org/s/vocabs/o#id>,,"""21253""^^<http://www.w3.org/2001/XMLSchema#integer>"
<https://id.analoggamemuseum.org/api/media/21254>,<http://omeka.org/s/vocabs/o#id>,,"""21254""^^<http://www.w3.org/2001/XMLSchema#integer>"
<https://id.analoggamemuseum.org/api/media/21255>,<http://omeka.org/s/vocabs/o#id>,,"""21255""^^<http://www.w3.org/2001/XMLSchema#integer>"
<https://id.analoggamemuseum.org/api/media/21256>,<http://omeka.org/s/vocabs/o#id>,,"""21256""^^<http://www.w3.org/2001/XMLSchema#integer>"
<https://id.analoggamemuseum.org/api/media/21257>,<http://omeka.org/s/vocabs/o#id>,,"""21257""^^<http://www.w3.org/2001/XMLSchema#integer>"
<https://id.analoggamemuseum.org/api/media/21258>,<http://omeka.org/s/vocabs/o#id>,,"""21258""^^<http://www.w3.org/2001/XMLSchema#integer>"
<https://id.analoggamemuseum.org/api/media/21259>,<http://omeka.org/s/vocabs/o#id>,,"""21259""^^<http://www.w3.org/2001/XMLSchema#integer>"
<https://id.analoggamemuseum.org/api/media/21260>,<http://omeka.org/s/vocabs/o#id>,,"""21260""^^<http://www.w3.org/2001/XMLSchema#integer>"
<https://id.analoggamemuseum.org/api/media/21261>,<http://omeka.org/s/vocabs/o#id>,,"""21261""^^<http://www.w3.org/2001/XMLSchema#integer>"
<https://id.analoggamemuseum.org/api/media/21262>,<http://omeka.org/s/vocabs/o#id>,,"""21262""^^<http://www.w3.org/2001/XMLSchema#integer>"
<https://id.analoggamemuseum.org/api/media/21263>,<http://omeka.org/s/vocabs/o#id>,,"""21263""^^<http://www.w3.org/2001/XMLSchema#integer>"
<https://id.analoggamemuseum.org/api/media/21264>,<http://omeka.org/s/vocabs/o#id>,,"""21264""^^<http://www.w3.org/2001/XMLSchema#integer>"
<https://id.analoggamemuseum.org/api/media/21265>,<http://omeka.org/s/vocabs/o#id>,,"""21265""^^<http://www.w3.org/2001/XMLSchema#integer>"
<https://id.analoggamemuseum.org/api/media/21266>,<http://omeka.org/s/vocabs/o#id>,,"""21266""^^<http://www.w3.org/2001/XMLSchema#integer>"
<https://id.analoggamemuseum.org/api/media/21267>,<http://omeka.org/s/vocabs/o#id>,,"""21267""^^<http://www.w3.org/2001/XMLSchema#integer>"
<https://id.analoggamemuseum.org/api/media/21268>,<http://omeka.org/s/vocabs/o#id>,,"""21268""^^<http://www.w3.org/2001/XMLSchema#integer>"
<https://id.analoggamemuseum.org/api/media/21269>,<http://omeka.org/s/vocabs/o#id>,,"""21269""^^<http://www.w3.org/2001/XMLSchema#integer>"
<https://id.analoggamemuseum.org/api/media/21270>,<http://omeka.org/s/vocabs/o#id>,,"""21270""^^<http://www.w3.org/2001/XMLSchema#integer>"
<https://id.analoggamemuseum.org/api/media/21271>,<http://omeka.org/s/vocabs/o#id>,,"""21271""^^<http://www.w3.org/2001/XMLSchema#integer>"
<https://id.analoggamemuseum.org/api/media/21272>,<http://omeka.org/s/vocabs/o#id>,,"""21272""^^<http://www.w3.org/2001/XMLSchema#integer>"
<https://id.analoggamemuseum.org/api/media/21273>,<http://omeka.org/s/vocabs/o#id>,,"""21273""^^<http://www.w3.org/2001/XMLSchema#integer>"
<https://id.analoggamemuseum.org/api/media/21274>,<http://omeka.org/s/vocabs/o#id>,,"""21274""^^<http://www.w3.org/2001/XMLSchema#integer>"
<https://id.analoggamemuseum.org/api/media/21275>,<http://omeka.org/s/vocabs/o#id>,,"""21275""^^<http://www.w3.org/2001/XMLSchema#integer>"
<https://id.analoggamemuseum.org/api/media/21276>,<http://omeka.org/s/vocabs/o#id>,,"""21276""^^<http://www.w3.org/2001/XMLSchema#integer>"
<https://id.analoggamemuseum.org/api/media/21277>,<http://omeka.org/s/vocabs/o#id>,,"""21277""^^<http://www.w3.org/2001/XMLSchema#integer>"
<https://id.analoggamemuseum.org/api/media/21278>,<http://omeka.org/s/vocabs/o#id>,,"""21278""^^<http://www.w3.org/2001/XMLSchema#integer>"
<https://id.analoggamemuseum.org/api/media/21279>,<http://omeka.org/s/vocabs/o#id>,,"""21279""^^<http://www.w3.org/2001/XMLSchema#integer>"
<https://id.analoggamemuseum.org/api/media/21280>,<http://omeka.org/s/vocabs/o#id>,,"""21280""^^<http://www.w3.org/2001/XMLSchema#integer>"
<https://id.analoggamemuseum.org/api/media/21281>,<http://omeka.org/s/vocabs/o#id>,,"""21281""^^<http://www.w3.org/2001/XMLSchema#integer>"
<https://id.analoggamemuseum.org/api/media/21282>,<http://omeka.org/s/vocabs/o#id>,,"""21282""^^<http://www.w3.org/2001/XMLSchema#integer>"
<https://id.analoggamemuseum.org/api/media/21283>,<http://omeka.org/s/vocabs/o#id>,,"""21283""^^<http://www.w3.org/2001/XMLSchema#integer>"
<https://id.analoggamemuseum.org/api/media/21284>,<http://omeka.org/s/vocabs/o#id>,,"""21284""^^<http://www.w3.org/2001/XMLSchema#integer>"
<https://id.analoggamemuseum.org/api/media/21285>,<http://omeka.org/s/vocabs/o#id>,,"""21285""^^<http://www.w3.org/2001/XMLSchema#integer>"
<https://id.analoggamemuseum.org/api/media/21286>,<http://omeka.org/s/vocabs/o#id>,,"""21286""^^<http://www.w3.org/2001/XMLSchema#integer>"
<https://id.analoggamemuseum.org/api/media/21287>,<http://omeka.org/s/vocabs/o#id>,,"""21287""^^<http://www.w3.org/2001/XMLSchema#integer>"
<https://id.analoggamemuseum.org/api/media/21288>,<http://omeka.org/s/vocabs/o#id>,,"""21288""^^<http://www.w3.org/2001/XMLSchema#integer>"
<https://id.analoggamemuseum.org/api/media/21289>,<http://omeka.org/s/vocabs/o#id>,,"""21289""^^<http://www.w3.org/2001/XMLSchema#integer>"
<https://id.analoggamemuseum.org/api/media/21290>,<http://omeka.org/s/vocabs/o#id>,,"""21290""^^<http://www.w3.org/2001/XMLSchema#integer>"
<https://id.analoggamemuseum.org/api/media/21291>,<http://omeka.org/s/vocabs/o#id>,,"""21291""^^<http://www.w3.org/2001/XMLSchema#integer>"
<https://id.analoggamemuseum.org/api/media/21292>,<http://omeka.org/s/vocabs/o#id>,,"""21292""^^<http://www.w3.org/2001/XMLSchema#integer>"
<https://id.analoggamemuseum.org/api/media/21293>,<http://omeka.org/s/vocabs/o#id>,,"""21293""^^<http://www.w3.org/2001/XMLSchema#integer>"
<https://id.analoggamemuseum.org/api/media/21294>,<http://omeka.org/s/vocabs/o#id>,,"""21294""^^<http://www.w3.org/2001/XMLSchema#integer>"
<https://id.analoggamemuseum.org/api/media/21295>,<http://omeka.org/s/vocabs/o#id>,,"""21295""^^<http://www.w3.org/2001/XMLSchema#integer>"
<https://id.analoggamemuseum.org/api/media/21296>,<http://omeka.org/s/vocabs/o#id>,,"""21296""^^<http://www.w3.org/2001/XMLSchema#integer>"
<https://id.analoggamemuseum.org/api/media/21297>,<http://omeka.org/s/vocabs/o#id>,,"""21297""^^<http://www.w3.org/2001/XMLSchema#integer>"
<https://id.analoggamemuseum.org/api/media/21298>,<http://omeka.org/s/vocabs/o#id>,,"""21298""^^<http://www.w3.org/2001/XMLSchema#integer>"
<https://id.analoggamemuseum.org/api/media/21299>,<http://omeka.org/s/vocabs/o#id>,,"""21299""^^<http://www.w3.org/2001/XMLSchema#integer>"
<https://id.analoggamemuseum.org/api/media/21300>,<http://omeka.org/s/vocabs/o#id>,,"""21300""^^<http://www.w3.org/2001/XMLSchema#integer>"
<https://id.analoggamemuseum.org/api/media/21301>,<http://omeka.org/s/vocabs/o#id>,,"""21301""^^<http://www.w3.org/2001/XMLSchema#integer>"
<https://id.analoggamemuseum.org/api/media/21302>,<http://omeka.org/s/vocabs/o#id>,,"""21302""^^<http://www.w3.org/2001/XMLSchema#integer>"
<https://id.analoggamemuseum.org/api/media/21303>,<http://omeka.org/s/vocabs/o#id>,,"""21303""^^<http://www.w3.org/2001/XMLSchema#integer>"
<https://id.analoggamemuseum.org/api/media/21304>,<http://omeka.org/s/vocabs/o#id>,,"""21304""^^<http://www.w3.org/2001/XMLSchema#integer>"
<https://id.analoggamemuseum.org/api/media/21305>,<http://omeka.org/s/vocabs/o#id>,,"""21305""^^<http://www.w3.org/2001/XMLSchema#integer>"
<https://id.analoggamemuseum.org/api/media/21306>,<http://omeka.org/s/vocabs/o#id>,,"""21306""^^<http://www.w3.org/2001/XMLSchema#integer>"
<https://id.analoggamemuseum.org/api/media/21307>,<http://omeka.org/s/vocabs/o#id>,,"""21307""^^<http://www.w3.org/2001/XMLSchema#integer>"
<https://id.analoggamemuseum.org/api/media/21308>,<http://omeka.org/s/vocabs/o#id>,,"""21308""^^<http://www.w3.org/2001/XMLSchema#integer>"
<https://id.analoggamemuseum.org/api/media/21309>,<http://omeka.org/s/vocabs/o#id>,,"""21309""^^<http://www.w3.org/2001/XMLSchema#integer>"
<https://id.analoggamemuseum.org/api/media/21310>,<http://omeka.org/s/vocabs/o#id>,,"""21310""^^<http://www.w3.org/2001/XMLSchema#integer>"
<https://id.analoggamemuseum.org/api/media/21311>,<http://omeka.org/s/vocabs/o#id>,,"""21311""^^<http://www.w3.org/2001/XMLSchema#integer>"
<https://id.analoggamemuseum.org/api/media/21312>,<http://omeka.org/s/vocabs/o#id>,,"""21312""^^<http://www.w3.org/2001/XMLSchema#integer>"
<https://id.analoggamemuseum.org/api/media/21313>,<http://omeka.org/s/vocabs/o#id>,,"""21313""^^<http://www.w3.org/2001/XMLSchema#integer>"
<https://id.analoggamemuseum.org/api/media/21314>,<http://omeka.org/s/vocabs/o#id>,,"""21314""^^<http://www.w3.org/2001/XMLSchema#integer>"
<https://id.analoggamemuseum.org/api/media/21315>,<http://omeka.org/s/vocabs/o#id>,,"""21315""^^<http://www.w3.org/2001/XMLSchema#integer>"
<https://id.analoggamemuseum.org/api/media/21316>,<http://omeka.org/s/vocabs/o#id>,,"""21316""^^<http://www.w3.org/2001/XMLSchema#integer>"
<https://id.analoggamemuseum.org/api/media/21317>,<http://omeka.org/s/vocabs/o#id>,,"""21317""^^<http://www.w3.org/2001/XMLSchema#integer>"
<https://id.analoggamemuseum.org/api/media/21318>,<http://omeka.org/s/vocabs/o#id>,,"""21318""^^<http://www.w3.org/2001/XMLSchema#integer>"
<https://id.analoggamemuseum.org/api/media/21319>,<http://omeka.org/s/vocabs/o#id>,,"""21319""^^<http://www.w3.org/2001/XMLSchema#integer>"
<https://id.analoggamemuseum.org/api/media/21320>,<http://omeka.org/s/vocabs/o#id>,,"""21320""^^<http://www.w3.org/2001/XMLSchema#integer>"
<https://id.analoggamemuseum.org/api/media/21321>,<http://omeka.org/s/vocabs/o#id>,,"""21321""^^<http://www.w3.org/2001/XMLSchema#integer>"
<https://id.analoggamemuseum.org/api/media/21322>,<http://omeka.org/s/vocabs/o#id>,,"""21322""^^<http://www.w3.org/2001/XMLSchema#integer>"
<https://id.analoggamemuseum.org/api/media/21323>,<http://omeka.org/s/vocabs/o#id>,,"""21323""^^<http://www.w3.org/2001/XMLSchema#integer>"
<https://id.analoggamemuseum.org/api/media/21324>,<http://omeka.org/s/vocabs/o#id>,,"""21324""^^<http://www.w3.org/2001/XMLSchema#integer>"
<https://id.analoggamemuseum.org/api/media/21325>,<http://omeka.org/s/vocabs/o#id>,,"""21325""^^<http://www.w3.org/2001/XMLSchema#integer>"
<https://id.analoggamemuseum.org/api/media/21326>,<http://omeka.org/s/vocabs/o#id>,,"""21326""^^<http://www.w3.org/2001/XMLSchema#integer>"
<https://id.analoggamemuseum.org/api/media/21327>,<http://omeka.org/s/vocabs/o#id>,,"""21327""^^<http://www.w3.org/2001/XMLSchema#integer>"
<https://id.analoggamemuseum.org/api/media/21328>,<http://omeka.org/s/vocabs/o#id>,,"""21328""^^<http://www.w3.org/2001/XMLSchema#integer>"
<https://id.analoggamemuseum.org/api/media/21329>,<http://omeka.org/s/vocabs/o#id>,,"""21329""^^<http://www.w3.org/2001/XMLSchema#integer>"
<https://id.analoggamemuseum.org/api/media/21330>,<http://omeka.org/s/vocabs/o#id>,,"""21330""^^<http://www.w3.org/2001/XMLSchema#integer>"
<https://id.analoggamemuseum.org/api/media/21331>,<http://omeka.org/s/vocabs/o#id>,,"""21331""^^<http://www.w3.org/2001/XMLSchema#integer>"
<https://id.analoggamemuseum.org/api/media/21332>,<http://omeka.org/s/vocabs/o#id>,,"""21332""^^<http://www.w3.org/2001/XMLSchema#integer>"
<https://id.analoggamemuseum.org/api/media/21333>,<http://omeka.org/s/vocabs/o#id>,,"""21333""^^<http://www.w3.org/2001/XMLSchema#integer>"
<https://id.analoggamemuseum.org/api/media/21334>,<http://omeka.org/s/vocabs/o#id>,,"""21334""^^<http://www.w3.org/2001/XMLSchema#integer>"
<https://id.analoggamemuseum.org/api/media/21335>,<http://omeka.org/s/vocabs/o#id>,,"""21335""^^<http://www.w3.org/2001/XMLSchema#integer>"
<https://id.analoggamemuseum.org/api/media/21336>,<http://omeka.org/s/vocabs/o#id>,,"""21336""^^<http://www.w3.org/2001/XMLSchema#integer>"
<https://id.analoggamemuseum.org/api/media/21337>,<http://omeka.org/s/vocabs/o#id>,,"""21337""^^<http://www.w3.org/2001/XMLSchema#integer>"
<https://id.analoggamemuseum.org/api/media/21338>,<http://omeka.org/s/vocabs/o#id>,,"""21338""^^<http://www.w3.org/2001/XMLSchema#integer>"
<https://id.analoggamemuseum.org/api/media/21339>,<http://omeka.org/s/vocabs/o#id>,,"""21339""^^<http://www.w3.org/2001/XMLSchema#integer>"
<https://id.analoggamemuseum.org/api/media/21340>,<http://omeka.org/s/vocabs/o#id>,,"""21340""^^<http://www.w3.org/2001/XMLSchema#integer>"
<https://id.analoggamemuseum.org/api/media/21341>,<http://omeka.org/s/vocabs/o#id>,,"""21341""^^<http://www.w3.org/2001/XMLSchema#integer>"
<https://id.analoggamemuseum.org/api/media/21342>,<http://omeka.org/s/vocabs/o#id>,,"""21342""^^<http://www.w3.org/2001/XMLSchema#integer>"
<https://id.analoggamemuseum.org/api/media/21343>,<http://omeka.org/s/vocabs/o#id>,,"""21343""^^<http://www.w3.org/2001/XMLSchema#integer>"
<https://id.analoggamemuseum.org/api/media/21344>,<http://omeka.org/s/vocabs/o#id>,,"""21344""^^<http://www.w3.org/2001/XMLSchema#integer>"
<https://id.analoggamemuseum.org/api/media/21345>,<http://omeka.org/s/vocabs/o#id>,,"""21345""^^<http://www.w3.org/2001/XMLSchema#integer>"
<https://id.analoggamemuseum.org/api/media/21346>,<http://omeka.org/s/vocabs/o#id>,,"""21346""^^<http://www.w3.org/2001/XMLSchema#integer>"
<https://id.analoggamemuseum.org/api/media/21347>,<http://omeka.org/s/vocabs/o#id>,,"""21347""^^<http://www.w3.org/2001/XMLSchema#integer>"
<https://id.analoggamemuseum.org/api/media/21348>,<http://omeka.org/s/vocabs/o#id>,,"""21348""^^<http://www.w3.org/2001/XMLSchema#integer>"
<https://id.analoggamemuseum.org/api/media/21349>,<http://omeka.org/s/vocabs/o#id>,,"""21349""^^<http://www.w3.org/2001/XMLSchema#integer>"
<https://id.analoggamemuseum.org/api/media/21350>,<http://omeka.org/s/vocabs/o#id>,,"""21350""^^<http://www.w3.org/2001/XMLSchema#integer>"
<https://id.analoggamemuseum.org/api/media/21351>,<http://omeka.org/s/vocabs/o#id>,,"""21351""^^<http://www.w3.org/2001/XMLSchema#integer>"
<https://id.analoggamemuseum.org/api/media/21352>,<http://omeka.org/s/vocabs/o#id>,,"""21352""^^<http://www.w3.org/2001/XMLSchema#integer>"
<https://id.analoggamemuseum.org/api/media/21353>,<http://omeka.org/s/vocabs/o#id>,,"""21353""^^<http://www.w3.org/2001/XMLSchema#integer>"
<https://id.analoggamemuseum.org/api/media/21354>,<http://omeka.org/s/vocabs/o#id>,,"""21354""^^<http://www.w3.org/2001/XMLSchema#integer>"
<https://id.analoggamemuseum.org/api/media/21355>,<http://omeka.org/s/vocabs/o#id>,,"""21355""^^<http://www.w3.org/2001/XMLSchema#integer>"
<https://id.analoggamemuseum.org/api/media/21356>,<http://omeka.org/s/vocabs/o#id>,,"""21356""^^<http://www.w3.org/2001/XMLSchema#integer>"
<https://id.analoggamemuseum.org/api/media/21357>,<http://omeka.org/s/vocabs/o#id>,,"""21357""^^<http://www.w3.org/2001/XMLSchema#integer>"
<https://id.analoggamemuseum.org/api/media/21358>,<http://omeka.org/s/vocabs/o#id>,,"""21358""^^<http://www.w3.org/2001/XMLSchema#integer>"
<https://id.analoggamemuseum.org/api/media/21359>,<http://omeka.org/s/vocabs/o#id>,,"""21359""^^<http://www.w3.org/2001/XMLSchema#integer>"
<https://id.analoggamemuseum.org/api/media/21360>,<http://omeka.org/s/vocabs/o#id>,,"""21360""^^<http://www.w3.org/2001/XMLSchema#integer>"
<https://id.analoggamemuseum.org/api/media/21361>,<http://omeka.org/s/vocabs/o#id>,,"""21361""^^<http://www.w3.org/2001/XMLSchema#integer>"
<https://id.analoggamemuseum.org/api/media/21362>,<http://omeka.org/s/vocabs/o#id>,,"""21362""^^<http://www.w3.org/2001/XMLSchema#integer>"
<https://id.analoggamemuseum.org/api/media/21363>,<http://omeka.org/s/vocabs/o#id>,,"""21363""^^<http://www.w3.org/2001/XMLSchema#integer>"
<https://id.analoggamemuseum.org/api/media/21364>,<http://omeka.org/s/vocabs/o#id>,,"""21364""^^<http://www.w3.org/2001/XMLSchema#integer>"
<https://id.analoggamemuseum.org/api/media/21365>,<http://omeka.org/s/vocabs/o#id>,,"""21365""^^<http://www.w3.org/2001/XMLSchema#integer>"
<https://id.analoggamemuseum.org/api/media/21366>,<http://omeka.org/s/vocabs/o#id>,,"""21366""^^<http://www.w3.org/2001/XMLSchema#integer>"
<https://id.analoggamemuseum.org/api/media/21367>,<http://omeka.org/s/vocabs/o#id>,,"""21367""^^<http://www.w3.org/2001/XMLSchema#integer>"
<https://id.analoggamemuseum.org/api/media/21368>,<http://omeka.org/s/vocabs/o#id>,,"""21368""^^<http://www.w3.org/2001/XMLSchema#integer>"
<https://id.analoggamemuseum.org/api/media/21369>,<http://omeka.org/s/vocabs/o#id>,,"""21369""^^<http://www.w3.org/2001/XMLSchema#integer>"
<https://id.analoggamemuseum.org/api/media/21370>,<http://omeka.org/s/vocabs/o#id>,,"""21370""^^<http://www.w3.org/2001/XMLSchema#integer>"
<https://id.analoggamemuseum.org/api/media/21371>,<http://omeka.org/s/vocabs/o#id>,,"""21371""^^<http://www.w3.org/2001/XMLSchema#integer>"
<https://id.analoggamemuseum.org/api/media/21372>,<http://omeka.org/s/vocabs/o#id>,,"""21372""^^<http://www.w3.org/2001/XMLSchema#integer>"
<https://id.analoggamemuseum.org/api/media/21373>,<http://omeka.org/s/vocabs/o#id>,,"""21373""^^<http://www.w3.org/2001/XMLSchema#integer>"
<https://id.analoggamemuseum.org/api/media/21374>,<http://omeka.org/s/vocabs/o#id>,,"""21374""^^<http://www.w3.org/2001/XMLSchema#integer>"
<https://id.analoggamemuseum.org/api/media/21375>,<http://omeka.org/s/vocabs/o#id>,,"""21375""^^<http://www.w3.org/2001/XMLSchema#integer>"
<https://id.analoggamemuseum.org/api/media/21376>,<http://omeka.org/s/vocabs/o#id>,,"""21376""^^<http://www.w3.org/2001/XMLSchema#integer>"
<https://id.analoggamemuseum.org/api/media/21377>,<http://omeka.org/s/vocabs/o#id>,,"""21377""^^<http://www.w3.org/2001/XMLSchema#integer>"
<https://id.analoggamemuseum.org/api/media/21378>,<http://omeka.org/s/vocabs/o#id>,,"""21378""^^<http://www.w3.org/2001/XMLSchema#integer>"
<https://id.analoggamemuseum.org/api/media/21379>,<http://omeka.org/s/vocabs/o#id>,,"""21379""^^<http://www.w3.org/2001/XMLSchema#integer>"
<https://id.analoggamemuseum.org/api/media/21380>,<http://omeka.org/s/vocabs/o#id>,,"""21380""^^<http://www.w3.org/2001/XMLSchema#integer>"
<https://id.analoggamemuseum.org/api/media/21381>,<http://omeka.org/s/vocabs/o#id>,,"""21381""^^<http://www.w3.org/2001/XMLSchema#integer>"
<https://id.analoggamemuseum.org/api/media/21382>,<http://omeka.org/s/vocabs/o#id>,,"""21382""^^<http://www.w3.org/2001/XMLSchema#integer>"
<https://id.analoggamemuseum.org/api/media/21383>,<http://omeka.org/s/vocabs/o#id>,,"""21383""^^<http://www.w3.org/2001/XMLSchema#integer>"
<https://id.analoggamemuseum.org/api/media/21384>,<http://omeka.org/s/vocabs/o#id>,,"""21384""^^<http://www.w3.org/2001/XMLSchema#integer>"
<https://id.analoggamemuseum.org/api/media/21385>,<http://omeka.org/s/vocabs/o#id>,,"""21385""^^<http://www.w3.org/2001/XMLSchema#integer>"
<https://id.analoggamemuseum.org/api/media/21386>,<http://omeka.org/s/vocabs/o#id>,,"""21386""^^<http://www.w3.org/2001/XMLSchema#integer>"
<https://id.analoggamemuseum.org/api/media/21387>,<http://omeka.org/s/vocabs/o#id>,,"""21387""^^<http://www.w3.org/2001/XMLSchema#integer>"
<https://id.analoggamemuseum.org/api/media/21388>,<http://omeka.org/s/vocabs/o#id>,,"""21388""^^<http://www.w3.org/2001/XMLSchema#integer>"
<https://id.analoggamemuseum.org/api/media/21389>,<http://omeka.org/s/vocabs/o#id>,,"""21389""^^<http://www.w3.org/2001/XMLSchema#integer>"
<https://id.analoggamemuseum.org/api/media/21390>,<http://omeka.org/s/vocabs/o#id>,,"""21390""^^<http://www.w3.org/2001/XMLSchema#integer>"
<https://id.analoggamemuseum.org/api/media/21391>,<http://omeka.org/s/vocabs/o#id>,,"""21391""^^<http://www.w3.org/2001/XMLSchema#integer>"
<https://id.analoggamemuseum.org/api/media/21392>,<http://omeka.org/s/vocabs/o#id>,,"""21392""^^<http://www.w3.org/2001/XMLSchema#integer>"
<https://id.analoggamemuseum.org/api/media/21393>,<http://omeka.org/s/vocabs/o#id>,,"""21393""^^<http://www.w3.org/2001/XMLSchema#integer>"
<https://id.analoggamemuseum.org/api/media/21394>,<http://omeka.org/s/vocabs/o#id>,,"""21394""^^<http://www.w3.org/2001/XMLSchema#integer>"
<https://id.analoggamemuseum.org/api/media/21395>,<http://omeka.org/s/vocabs/o#id>,,"""21395""^^<http://www.w3.org/2001/XMLSchema#integer>"
<https://id.analoggamemuseum.org/api/media/21396>,<http://omeka.org/s/vocabs/o#id>,,"""21396""^^<http://www.w3.org/2001/XMLSchema#integer>"
<https://id.analoggamemuseum.org/api/media/21397>,<http://omeka.org/s/vocabs/o#id>,,"""21397""^^<http://www.w3.org/2001/XMLSchema#integer>"
<https://id.analoggamemuseum.org/api/media/21398>,<http://omeka.org/s/vocabs/o#id>,,"""21398""^^<http://www.w3.org/2001/XMLSchema#integer>"
<https://id.analoggamemuseum.org/api/media/21399>,<http://omeka.org/s/vocabs/o#id>,,"""21399""^^<http://www.w3.org/2001/XMLSchema#integer>"
<https://id.analoggamemuseum.org/api/media/21400>,<http://omeka.org/s/vocabs/o#id>,,"""21400""^^<http://www.w3.org/2001/XMLSchema#integer>"
<https://id.analoggamemuseum.org/api/media/21401>,<http://omeka.org/s/vocabs/o#id>,,"""21401""^^<http://www.w3.org/2001/XMLSchema#integer>"
<https://id.analoggamemuseum.org/api/media/21402>,<http://omeka.org/s/vocabs/o#id>,,"""21402""^^<http://www.w3.org/2001/XMLSchema#integer>"
<https://id.analoggamemuseum.org/api/media/21403>,<http://omeka.org/s/vocabs/o#id>,,"""21403""^^<http://www.w3.org/2001/XMLSchema#integer>"
<https://id.analoggamemuseum.org/api/media/21404>,<http://omeka.org/s/vocabs/o#id>,,"""21404""^^<http://www.w3.org/2001/XMLSchema#integer>"
<https://id.analoggamemuseum.org/api/media/21405>,<http://omeka.org/s/vocabs/o#id>,,"""21405""^^<http://www.w3.org/2001/XMLSchema#integer>"
<https://id.analoggamemuseum.org/api/media/21406>,<http://omeka.org/s/vocabs/o#id>,,"""21406""^^<http://www.w3.org/2001/XMLSchema#integer>"
<https://id.analoggamemuseum.org/api/media/21407>,<http://omeka.org/s/vocabs/o#id>,,"""21407""^^<http://www.w3.org/2001/XMLSchema#integer>"
<https://id.analoggamemuseum.org/api/media/21408>,<http://omeka.org/s/vocabs/o#id>,,"""21408""^^<http://www.w3.org/2001/XMLSchema#integer>"
<https://id.analoggamemuseum.org/api/media/21409>,<http://omeka.org/s/vocabs/o#id>,,"""21409""^^<http://www.w3.org/2001/XMLSchema#integer>"
<https://id.analoggamemuseum.org/api/media/21410>,<http://omeka.org/s/vocabs/o#id>,,"""21410""^^<http://www.w3.org/2001/XMLSchema#integer>"
<https://id.analoggamemuseum.org/api/media/21411>,<http://omeka.org/s/vocabs/o#id>,,"""21411""^^<http://www.w3.org/2001/XMLSchema#integer>"
<https://id.analoggamemuseum.org/api/media/21412>,<http://omeka.org/s/vocabs/o#id>,,"""21412""^^<http://www.w3.org/2001/XMLSchema#integer>"
<https://id.analoggamemuseum.org/api/media/21413>,<http://omeka.org/s/vocabs/o#id>,,"""21413""^^<http://www.w3.org/2001/XMLSchema#integer>"
<https://id.analoggamemuseum.org/api/media/21414>,<http://omeka.org/s/vocabs/o#id>,,"""21414""^^<http://www.w3.org/2001/XMLSchema#integer>"
<https://id.analoggamemuseum.org/api/media/21415>,<http://omeka.org/s/vocabs/o#id>,,"""21415""^^<http://www.w3.org/2001/XMLSchema#integer>"
<https://id.analoggamemuseum.org/api/media/21416>,<http://omeka.org/s/vocabs/o#id>,,"""21416""^^<http://www.w3.org/2001/XMLSchema#integer>"
<https://id.analoggamemuseum.org/api/media/21417>,<http://omeka.org/s/vocabs/o#id>,,"""21417""^^<http://www.w3.org/2001/XMLSchema#integer>"
<https://id.analoggamemuseum.org/api/media/21418>,<http://omeka.org/s/vocabs/o#id>,,"""21418""^^<http://www.w3.org/2001/XMLSchema#integer>"
<https://id.analoggamemuseum.org/api/media/21419>,<http://omeka.org/s/vocabs/o#id>,,"""21419""^^<http://www.w3.org/2001/XMLSchema#integer>"
<https://id.analoggamemuseum.org/api/media/21420>,<http://omeka.org/s/vocabs/o#id>,,"""21420""^^<http://www.w3.org/2001/XMLSchema#integer>"
<https://id.analoggamemuseum.org/api/media/21421>,<http://omeka.org/s/vocabs/o#id>,,"""21421""^^<http://www.w3.org/2001/XMLSchema#integer>"
<https://id.analoggamemuseum.org/api/media/21422>,<http://omeka.org/s/vocabs/o#id>,,"""21422""^^<http://www.w3.org/2001/XMLSchema#integer>"
<https://id.analoggamemuseum.org/api/media/21423>,<http://omeka.org/s/vocabs/o#id>,,"""21423""^^<http://www.w3.org/2001/XMLSchema#integer>"
<https://id.analoggamemuseum.org/api/media/21424>,<http://omeka.org/s/vocabs/o#id>,,"""21424""^^<http://www.w3.org/2001/XMLSchema#integer>"
<https://id.analoggamemuseum.org/api/media/21425>,<http://omeka.org/s/vocabs/o#id>,,"""21425""^^<http://www.w3.org/2001/XMLSchema#integer>"
<https://id.analoggamemuseum.org/api/media/21426>,<http://omeka.org/s/vocabs/o#id>,,"""21426""^^<http://www.w3.org/2001/XMLSchema#integer>"
<https://id.analoggamemuseum.org/api/media/21427>,<http://omeka.org/s/vocabs/o#id>,,"""21427""^^<http://www.w3.org/2001/XMLSchema#integer>"
<https://id.analoggamemuseum.org/api/media/21428>,<http://omeka.org/s/vocabs/o#id>,,"""21428""^^<http://www.w3.org/2001/XMLSchema#integer>"
<https://id.analoggamemuseum.org/api/media/21429>,<http://omeka.org/s/vocabs/o#id>,,"""21429""^^<http://www.w3.org/2001/XMLSchema#integer>"
<https://id.analoggamemuseum.org/api/media/21430>,<http://omeka.org/s/vocabs/o#id>,,"""21430""^^<http://www.w3.org/2001/XMLSchema#integer>"
<https://id.analoggamemuseum.org/api/media/21431>,<http://omeka.org/s/vocabs/o#id>,,"""21431""^^<http://www.w3.org/2001/XMLSchema#integer>"
<https://id.analoggamemuseum.org/api/media/21432>,<http://omeka.org/s/vocabs/o#id>,,"""21432""^^<http://www.w3.org/2001/XMLSchema#integer>"
<https://id.analoggamemuseum.org/api/media/21433>,<http://omeka.org/s/vocabs/o#id>,,"""21433""^^<http://www.w3.org/2001/XMLSchema#integer>"
<https://id.analoggamemuseum.org/api/media/21434>,<http://omeka.org/s/vocabs/o#id>,,"""21434""^^<http://www.w3.org/2001/XMLSchema#integer>"
<https://id.analoggamemuseum.org/api/media/21435>,<http://omeka.org/s/vocabs/o#id>,,"""21435""^^<http://www.w3.org/2001/XMLSchema#integer>"
<https://id.analoggamemuseum.org/api/media/21436>,<http://omeka.org/s/vocabs/o#id>,,"""21436""^^<http://www.w3.org/2001/XMLSchema#integer>"
<https://id.analoggamemuseum.org/api/media/21437>,<http://omeka.org/s/vocabs/o#id>,,"""21437""^^<http://www.w3.org/2001/XMLSchema#integer>"
<https://id.analoggamemuseum.org/api/media/21438>,<http://omeka.org/s/vocabs/o#id>,,"""21438""^^<http://www.w3.org/2001/XMLSchema#integer>"
<https://id.analoggamemuseum.org/api/media/21439>,<http://omeka.org/s/vocabs/o#id>,,"""21439""^^<http://www.w3.org/2001/XMLSchema#integer>"
<https://id.analoggamemuseum.org/api/media/21440>,<http://omeka.org/s/vocabs/o#id>,,"""21440""^^<http://www.w3.org/2001/XMLSchema#integer>"
<https://id.analoggamemuseum.org/api/media/21441>,<http://omeka.org/s/vocabs/o#id>,,"""21441""^^<http://www.w3.org/2001/XMLSchema#integer>"
<https://id.analoggamemuseum.org/api/media/21442>,<http://omeka.org/s/vocabs/o#id>,,"""21442""^^<http://www.w3.org/2001/XMLSchema#integer>"
<https://id.analoggamemuseum.org/api/media/21443>,<http://omeka.org/s/vocabs/o#id>,,"""21443""^^<http://www.w3.org/2001/XMLSchema#integer>"
<https://id.analoggamemuseum.org/api/media/21444>,<http://omeka.org/s/vocabs/o#id>,,"""21444""^^<http://www.w3.org/2001/XMLSchema#integer>"
<https://id.analoggamemuseum.org/api/media/21445>,<http://omeka.org/s/vocabs/o#id>,,"""21445""^^<http://www.w3.org/2001/XMLSchema#integer>"
<https://id.analoggamemuseum.org/api/media/21446>,<http://omeka.org/s/vocabs/o#id>,,"""21446""^^<http://www.w3.org/2001/XMLSchema#integer>"
<https://id.analoggamemuseum.org/api/media/21447>,<http://omeka.org/s/vocabs/o#id>,,"""21447""^^<http://www.w3.org/2001/XMLSchema#integer>"
<https://id.analoggamemuseum.org/api/media/21448>,<http://omeka.org/s/vocabs/o#id>,,"""21448""^^<http://www.w3.org/2001/XMLSchema#integer>"
<https://id.analoggamemuseum.org/api/media/21449>,<http://omeka.org/s/vocabs/o#id>,,"""21449""^^<http://www.w3.org/2001/XMLSchema#integer>"
<https://id.analoggamemuseum.org/api/media/21450>,<http://omeka.org/s/vocabs/o#id>,,"""21450""^^<http://www.w3.org/2001/XMLSchema#integer>"
<https://id.analoggamemuseum.org/api/media/21451>,<http://omeka.org/s/vocabs/o#id>,,"""21451""^^<http://www.w3.org/2001/XMLSchema#integer>"
<https://id.analoggamemuseum.org/api/media/21452>,<http://omeka.org/s/vocabs/o#id>,,"""21452""^^<http://www.w3.org/2001/XMLSchema#integer>"
<https://id.analoggamemuseum.org/api/media/21453>,<http://omeka.org/s/vocabs/o#id>,,"""21453""^^<http://www.w3.org/2001/XMLSchema#integer>"
<https://id.analoggamemuseum.org/api/media/21454>,<http://omeka.org/s/vocabs/o#id>,,"""21454""^^<http://www.w3.org/2001/XMLSchema#integer>"
<https://id.analoggamemuseum.org/api/media/21455>,<http://omeka.org/s/vocabs/o#id>,,"""21455""^^<http://www.w3.org/2001/XMLSchema#integer>"
<https://id.analoggamemuseum.org/api/media/21456>,<http://omeka.org/s/vocabs/o#id>,,"""21456""^^<http://www.w3.org/2001/XMLSchema#integer>"
<https://id.analoggamemuseum.org/api/media/21457>,<http://omeka.org/s/vocabs/o#id>,,"""21457""^^<http://www.w3.org/2001/XMLSchema#integer>"
<https://id.analoggamemuseum.org/api/media/21458>,<http://omeka.org/s/vocabs/o#id>,,"""21458""^^<http://www.w3.org/2001/XMLSchema#integer>"
<https://id.analoggamemuseum.org/api/media/21459>,<http://omeka.org/s/vocabs/o#id>,,"""21459""^^<http://www.w3.org/2001/XMLSchema#integer>"
<https://id.analoggamemuseum.org/api/media/21460>,<http://omeka.org/s/vocabs/o#id>,,"""21460""^^<http://www.w3.org/2001/XMLSchema#integer>"
<https://id.analoggamemuseum.org/api/media/21461>,<http://omeka.org/s/vocabs/o#id>,,"""21461""^^<http://www.w3.org/2001/XMLSchema#integer>"
<https://id.analoggamemuseum.org/api/media/21462>,<http://omeka.org/s/vocabs/o#id>,,"""21462""^^<http://www.w3.org/2001/XMLSchema#integer>"
<https://id.analoggamemuseum.org/api/media/21463>,<http://omeka.org/s/vocabs/o#id>,,"""21463""^^<http://www.w3.org/2001/XMLSchema#integer>"
<https://id.analoggamemuseum.org/api/media/21464>,<http://omeka.org/s/vocabs/o#id>,,"""21464""^^<http://www.w3.org/2001/XMLSchema#integer>"
<https://id.analoggamemuseum.org/api/media/21465>,<http://omeka.org/s/vocabs/o#id>,,"""21465""^^<http://www.w3.org/2001/XMLSchema#integer>"
<https://id.analoggamemuseum.org/api/media/21466>,<http://omeka.org/s/vocabs/o#id>,,"""21466""^^<http://www.w3.org/2001/XMLSchema#integer>"
<https://id.analoggamemuseum.org/api/media/21467>,<http://omeka.org/s/vocabs/o#id>,,"""21467""^^<http://www.w3.org/2001/XMLSchema#integer>"
<https://id.analoggamemuseum.org/api/media/21468>,<http://omeka.org/s/vocabs/o#id>,,"""21468""^^<http://www.w3.org/2001/XMLSchema#integer>"
<https://id.analoggamemuseum.org/api/media/21469>,<http://omeka.org/s/vocabs/o#id>,,"""21469""^^<http://www.w3.org/2001/XMLSchema#integer>"
<https://id.analoggamemuseum.org/api/media/21470>,<http://omeka.org/s/vocabs/o#id>,,"""21470""^^<http://www.w3.org/2001/XMLSchema#integer>"
<https://id.analoggamemuseum.org/api/media/21471>,<http://omeka.org/s/vocabs/o#id>,,"""21471""^^<http://www.w3.org/2001/XMLSchema#integer>"
<https://id.analoggamemuseum.org/api/media/21472>,<http://omeka.org/s/vocabs/o#id>,,"""21472""^^<http://www.w3.org/2001/XMLSchema#integer>"
<https://id.analoggamemuseum.org/api/media/21473>,<http://omeka.org/s/vocabs/o#id>,,"""21473""^^<http://www.w3.org/2001/XMLSchema#integer>"
<https://id.analoggamemuseum.org/api/media/21474>,<http://omeka.org/s/vocabs/o#id>,,"""21474""^^<http://www.w3.org/2001/XMLSchema#integer>"
<https://id.analoggamemuseum.org/api/media/21475>,<http://omeka.org/s/vocabs/o#id>,,"""21475""^^<http://www.w3.org/2001/XMLSchema#integer>"
<https://id.analoggamemuseum.org/api/media/21476>,<http://omeka.org/s/vocabs/o#id>,,"""21476""^^<http://www.w3.org/2001/XMLSchema#integer>"
<https://id.analoggamemuseum.org/api/media/21477>,<http://omeka.org/s/vocabs/o#id>,,"""21477""^^<http://www.w3.org/2001/XMLSchema#integer>"
<https://id.analoggamemuseum.org/api/media/21478>,<http://omeka.org/s/vocabs/o#id>,,"""21478""^^<http://www.w3.org/2001/XMLSchema#integer>"
<https://id.analoggamemuseum.org/api/media/21479>,<http://omeka.org/s/vocabs/o#id>,,"""21479""^^<http://www.w3.org/2001/XMLSchema#integer>"
<https://id.analoggamemuseum.org/api/media/21480>,<http://omeka.org/s/vocabs/o#id>,,"""21480""^^<http://www.w3.org/2001/XMLSchema#integer>"
<https://id.analoggamemuseum.org/api/media/21481>,<http://omeka.org/s/vocabs/o#id>,,"""21481""^^<http://www.w3.org/2001/XMLSchema#integer>"
<https://id.analoggamemuseum.org/api/media/21482>,<http://omeka.org/s/vocabs/o#id>,,"""21482""^^<http://www.w3.org/2001/XMLSchema#integer>"
<https://id.analoggamemuseum.org/api/media/21483>,<http://omeka.org/s/vocabs/o#id>,,"""21483""^^<http://www.w3.org/2001/XMLSchema#integer>"
<https://id.analoggamemuseum.org/api/media/21484>,<http://omeka.org/s/vocabs/o#id>,,"""21484""^^<http://www.w3.org/2001/XMLSchema#integer>"
<https://id.analoggamemuseum.org/api/media/21485>,<http://omeka.org/s/vocabs/o#id>,,"""21485""^^<http://www.w3.org/2001/XMLSchema#integer>"
<https://id.analoggamemuseum.org/api/media/21486>,<http://omeka.org/s/vocabs/o#id>,,"""21486""^^<http://www.w3.org/2001/XMLSchema#integer>"
<https://id.analoggamemuseum.org/api/media/21487>,<http://omeka.org/s/vocabs/o#id>,,"""21487""^^<http://www.w3.org/2001/XMLSchema#integer>"
<https://id.analoggamemuseum.org/api/media/21488>,<http://omeka.org/s/vocabs/o#id>,,"""21488""^^<http://www.w3.org/2001/XMLSchema#integer>"
<https://id.analoggamemuseum.org/api/media/21489>,<http://omeka.org/s/vocabs/o#id>,,"""21489""^^<http://www.w3.org/2001/XMLSchema#integer>"
<https://id.analoggamemuseum.org/api/media/21490>,<http://omeka.org/s/vocabs/o#id>,,"""21490""^^<http://www.w3.org/2001/XMLSchema#integer>"
<https://id.analoggamemuseum.org/api/media/21491>,<http://omeka.org/s/vocabs/o#id>,,"""21491""^^<http://www.w3.org/2001/XMLSchema#integer>"
<https://id.analoggamemuseum.org/api/media/21492>,<http://omeka.org/s/vocabs/o#id>,,"""21492""^^<http://www.w3.org/2001/XMLSchema#integer>"
<https://id.analoggamemuseum.org/api/media/21493>,<http://omeka.org/s/vocabs/o#id>,,"""21493""^^<http://www.w3.org/2001/XMLSchema#integer>"
<https://id.analoggamemuseum.org/api/media/21494>,<http://omeka.org/s/vocabs/o#id>,,"""21494""^^<http://www.w3.org/2001/XMLSchema#integer>"
<https://id.analoggamemuseum.org/api/media/21495>,<http://omeka.org/s/vocabs/o#id>,,"""21495""^^<http://www.w3.org/2001/XMLSchema#integer>"
<https://id.analoggamemuseum.org/api/media/21496>,<http://omeka.org/s/vocabs/o#id>,,"""21496""^^<http://www.w3.org/2001/XMLSchema#integer>"
<https://id.analoggamemuseum.org/api/media/21497>,<http://omeka.org/s/vocabs/o#id>,,"""21497""^^<http://www.w3.org/2001/XMLSchema#integer>"
<https://id.analoggamemuseum.org/api/media/21498>,<http://omeka.org/s/vocabs/o#id>,,"""21498""^^<http://www.w3.org/2001/XMLSchema#integer>"
<https://id.analoggamemuseum.org/api/media/21499>,<http://omeka.org/s/vocabs/o#id>,,"""21499""^^<http://www.w3.org/2001/XMLSchema#integer>"
<https://id.analoggamemuseum.org/api/media/21500>,<http://omeka.org/s/vocabs/o#id>,,"""21500""^^<http://www.w3.org/2001/XMLSchema#integer>"
<https://id.analoggamemuseum.org/api/media/21501>,<http://omeka.org/s/vocabs/o#id>,,"""21501""^^<http://www.w3.org/2001/XMLSchema#integer>"
<https://id.analoggamemuseum.org/api/media/21502>,<http://omeka.org/s/vocabs/o#id>,,"""21502""^^<http://www.w3.org/2001/XMLSchema#integer>"
<https://id.analoggamemuseum.org/api/media/21503>,<http://omeka.org/s/vocabs/o#id>,,"""21503""^^<http://www.w3.org/2001/XMLSchema#integer>"
<https://id.analoggamemuseum.org/api/media/21504>,<http://omeka.org/s/vocabs/o#id>,,"""21504""^^<http://www.w3.org/2001/XMLSchema#integer>"
<https://id.analoggamemuseum.org/api/media/21505>,<http://omeka.org/s/vocabs/o#id>,,"""21505""^^<http://www.w3.org/2001/XMLSchema#integer>"
<https://id.analoggamemuseum.org/api/media/21506>,<http://omeka.org/s/vocabs/o#id>,,"""21506""^^<http://www.w3.org/2001/XMLSchema#integer>"
<https://id.analoggamemuseum.org/api/media/21507>,<http://omeka.org/s/vocabs/o#id>,,"""21507""^^<http://www.w3.org/2001/XMLSchema#integer>"
<https://id.analoggamemuseum.org/api/media/21508>,<http://omeka.org/s/vocabs/o#id>,,"""21508""^^<http://www.w3.org/2001/XMLSchema#integer>"
<https://id.analoggamemuseum.org/api/media/21509>,<http://omeka.org/s/vocabs/o#id>,,"""21509""^^<http://www.w3.org/2001/XMLSchema#integer>"
<https://id.analoggamemuseum.org/api/media/21510>,<http://omeka.org/s/vocabs/o#id>,,"""21510""^^<http://www.w3.org/2001/XMLSchema#integer>"
<https://id.analoggamemuseum.org/api/media/21511>,<http://omeka.org/s/vocabs/o#id>,,"""21511""^^<http://www.w3.org/2001/XMLSchema#integer>"
<https://id.analoggamemuseum.org/api/media/21512>,<http://omeka.org/s/vocabs/o#id>,,"""21512""^^<http://www.w3.org/2001/XMLSchema#integer>"
<https://id.analoggamemuseum.org/api/media/21513>,<http://omeka.org/s/vocabs/o#id>,,"""21513""^^<http://www.w3.org/2001/XMLSchema#integer>"
<https://id.analoggamemuseum.org/api/media/21514>,<http://omeka.org/s/vocabs/o#id>,,"""21514""^^<http://www.w3.org/2001/XMLSchema#integer>"
<https://id.analoggamemuseum.org/api/media/21515>,<http://omeka.org/s/vocabs/o#id>,,"""21515""^^<http://www.w3.org/2001/XMLSchema#integer>"
<https://id.analoggamemuseum.org/api/media/21516>,<http://omeka.org/s/vocabs/o#id>,,"""21516""^^<http://www.w3.org/2001/XMLSchema#integer>"
<https://id.analoggamemuseum.org/api/media/21517>,<http://omeka.org/s/vocabs/o#id>,,"""21517""^^<http://www.w3.org/2001/XMLSchema#integer>"
<https://id.analoggamemuseum.org/api/media/21518>,<http://omeka.org/s/vocabs/o#id>,,"""21518""^^<http://www.w3.org/2001/XMLSchema#integer>"
<https://id.analoggamemuseum.org/api/media/21519>,<http://omeka.org/s/vocabs/o#id>,,"""21519""^^<http://www.w3.org/2001/XMLSchema#integer>"
<https://id.analoggamemuseum.org/api/media/21520>,<http://omeka.org/s/vocabs/o#id>,,"""21520""^^<http://www.w3.org/2001/XMLSchema#integer>"
<https://id.analoggamemuseum.org/api/media/21521>,<http://omeka.org/s/vocabs/o#id>,,"""21521""^^<http://www.w3.org/2001/XMLSchema#integer>"
<https://id.analoggamemuseum.org/api/media/21522>,<http://omeka.org/s/vocabs/o#id>,,"""21522""^^<http://www.w3.org/2001/XMLSchema#integer>"
<https://id.analoggamemuseum.org/api/media/21523>,<http://omeka.org/s/vocabs/o#id>,,"""21523""^^<http://www.w3.org/2001/XMLSchema#integer>"
<https://id.analoggamemuseum.org/api/media/21524>,<http://omeka.org/s/vocabs/o#id>,,"""21524""^^<http://www.w3.org/2001/XMLSchema#integer>"
<https://id.analoggamemuseum.org/api/media/21525>,<http://omeka.org/s/vocabs/o#id>,,"""21525""^^<http://www.w3.org/2001/XMLSchema#integer>"
<https://id.analoggamemuseum.org/api/media/21526>,<http://omeka.org/s/vocabs/o#id>,,"""21526""^^<http://www.w3.org/2001/XMLSchema#integer>"
<https://id.analoggamemuseum.org/api/media/21527>,<http://omeka.org/s/vocabs/o#id>,,"""21527""^^<http://www.w3.org/2001/XMLSchema#integer>"
<https://id.analoggamemuseum.org/api/media/21528>,<http://omeka.org/s/vocabs/o#id>,,"""21528""^^<http://www.w3.org/2001/XMLSchema#integer>"
<https://id.analoggamemuseum.org/api/media/21529>,<http://omeka.org/s/vocabs/o#id>,,"""21529""^^<http://www.w3.org/2001/XMLSchema#integer>"
<https://id.analoggamemuseum.org/api/media/21530>,<http://omeka.org/s/vocabs/o#id>,,"""21530""^^<http://www.w3.org/2001/XMLSchema#integer>"
<https://id.analoggamemuseum.org/api/media/21531>,<http://omeka.org/s/vocabs/o#id>,,"""21531""^^<http://www.w3.org/2001/XMLSchema#integer>"
<https://id.analoggamemuseum.org/api/media/21532>,<http://omeka.org/s/vocabs/o#id>,,"""21532""^^<http://www.w3.org/2001/XMLSchema#integer>"
<https://id.analoggamemuseum.org/api/media/21533>,<http://omeka.org/s/vocabs/o#id>,,"""21533""^^<http://www.w3.org/2001/XMLSchema#integer>"
<https://id.analoggamemuseum.org/api/media/21534>,<http://omeka.org/s/vocabs/o#id>,,"""21534""^^<http://www.w3.org/2001/XMLSchema#integer>"
<https://id.analoggamemuseum.org/api/media/21535>,<http://omeka.org/s/vocabs/o#id>,,"""21535""^^<http://www.w3.org/2001/XMLSchema#integer>"
<https://id.analoggamemuseum.org/api/media/21536>,<http://omeka.org/s/vocabs/o#id>,,"""21536""^^<http://www.w3.org/2001/XMLSchema#integer>"
<https://id.analoggamemuseum.org/api/media/21537>,<http://omeka.org/s/vocabs/o#id>,,"""21537""^^<http://www.w3.org/2001/XMLSchema#integer>"
<https://id.analoggamemuseum.org/api/media/21538>,<http://omeka.org/s/vocabs/o#id>,,"""21538""^^<http://www.w3.org/2001/XMLSchema#integer>"
<https://id.analoggamemuseum.org/api/media/21539>,<http://omeka.org/s/vocabs/o#id>,,"""21539""^^<http://www.w3.org/2001/XMLSchema#integer>"
<https://id.analoggamemuseum.org/api/media/21540>,<http://omeka.org/s/vocabs/o#id>,,"""21540""^^<http://www.w3.org/2001/XMLSchema#integer>"
<https://id.analoggamemuseum.org/api/media/21541>,<http://omeka.org/s/vocabs/o#id>,,"""21541""^^<http://www.w3.org/2001/XMLSchema#integer>"
<https://id.analoggamemuseum.org/api/media/21542>,<http://omeka.org/s/vocabs/o#id>,,"""21542""^^<http://www.w3.org/2001/XMLSchema#integer>"
<https://id.analoggamemuseum.org/api/media/21543>,<http://omeka.org/s/vocabs/o#id>,,"""21543""^^<http://www.w3.org/2001/XMLSchema#integer>"
<https://id.analoggamemuseum.org/api/media/21544>,<http://omeka.org/s/vocabs/o#id>,,"""21544""^^<http://www.w3.org/2001/XMLSchema#integer>"
<https://id.analoggamemuseum.org/api/media/21545>,<http://omeka.org/s/vocabs/o#id>,,"""21545""^^<http://www.w3.org/2001/XMLSchema#integer>"
<https://id.analoggamemuseum.org/api/media/21546>,<http://omeka.org/s/vocabs/o#id>,,"""21546""^^<http://www.w3.org/2001/XMLSchema#integer>"
<https://id.analoggamemuseum.org/api/media/21547>,<http://omeka.org/s/vocabs/o#id>,,"""21547""^^<http://www.w3.org/2001/XMLSchema#integer>"
<https://id.analoggamemuseum.org/api/media/21548>,<http://omeka.org/s/vocabs/o#id>,,"""21548""^^<http://www.w3.org/2001/XMLSchema#integer>"
<https://id.analoggamemuseum.org/api/media/21549>,<http://omeka.org/s/vocabs/o#id>,,"""21549""^^<http://www.w3.org/2001/XMLSchema#integer>"
<https://id.analoggamemuseum.org/api/media/21550>,<http://omeka.org/s/vocabs/o#id>,,"""21550""^^<http://www.w3.org/2001/XMLSchema#integer>"
<https://id.analoggamemuseum.org/api/media/21551>,<http://omeka.org/s/vocabs/o#id>,,"""21551""^^<http://www.w3.org/2001/XMLSchema#integer>"
<https://id.analoggamemuseum.org/api/media/21552>,<http://omeka.org/s/vocabs/o#id>,,"""21552""^^<http://www.w3.org/2001/XMLSchema#integer>"
<https://id.analoggamemuseum.org/api/media/21553>,<http://omeka.org/s/vocabs/o#id>,,"""21553""^^<http://www.w3.org/2001/XMLSchema#integer>"
<https://id.analoggamemuseum.org/api/media/21554>,<http://omeka.org/s/vocabs/o#id>,,"""21554""^^<http://www.w3.org/2001/XMLSchema#integer>"
<https://id.analoggamemuseum.org/api/media/21555>,<http://omeka.org/s/vocabs/o#id>,,"""21555""^^<http://www.w3.org/2001/XMLSchema#integer>"
<https://id.analoggamemuseum.org/api/media/21556>,<http://omeka.org/s/vocabs/o#id>,,"""21556""^^<http://www.w3.org/2001/XMLSchema#integer>"
<https://id.analoggamemuseum.org/api/media/21557>,<http://omeka.org/s/vocabs/o#id>,,"""21557""^^<http://www.w3.org/2001/XMLSchema#integer>"
<https://id.analoggamemuseum.org/api/media/21558>,<http://omeka.org/s/vocabs/o#id>,,"""21558""^^<http://www.w3.org/2001/XMLSchema#integer>"
<https://id.analoggamemuseum.org/api/media/21559>,<http://omeka.org/s/vocabs/o#id>,,"""21559""^^<http://www.w3.org/2001/XMLSchema#integer>"
<https://id.analoggamemuseum.org/api/media/21560>,<http://omeka.org/s/vocabs/o#id>,,"""21560""^^<http://www.w3.org/2001/XMLSchema#integer>"
<https://id.analoggamemuseum.org/api/media/21561>,<http://omeka.org/s/vocabs/o#id>,,"""21561""^^<http://www.w3.org/2001/XMLSchema#integer>"
<https://id.analoggamemuseum.org/api/media/21562>,<http://omeka.org/s/vocabs/o#id>,,"""21562""^^<http://www.w3.org/2001/XMLSchema#integer>"
<https://id.analoggamemuseum.org/api/media/21563>,<http://omeka.org/s/vocabs/o#id>,,"""21563""^^<http://www.w3.org/2001/XMLSchema#integer>"
<https://id.analoggamemuseum.org/api/media/21564>,<http://omeka.org/s/vocabs/o#id>,,"""21564""^^<http://www.w3.org/2001/XMLSchema#integer>"
<https://id.analoggamemuseum.org/api/media/21565>,<http://omeka.org/s/vocabs/o#id>,,"""21565""^^<http://www.w3.org/2001/XMLSchema#integer>"
<https://id.analoggamemuseum.org/api/media/21566>,<http://omeka.org/s/vocabs/o#id>,,"""21566""^^<http://www.w3.org/2001/XMLSchema#integer>"
<https://id.analoggamemuseum.org/api/media/21567>,<http://omeka.org/s/vocabs/o#id>,,"""21567""^^<http://www.w3.org/2001/XMLSchema#integer>"
<https://id.analoggamemuseum.org/api/media/21568>,<http://omeka.org/s/vocabs/o#id>,,"""21568""^^<http://www.w3.org/2001/XMLSchema#integer>"
<https://id.analoggamemuseum.org/api/media/21569>,<http://omeka.org/s/vocabs/o#id>,,"""21569""^^<http://www.w3.org/2001/XMLSchema#integer>"
<https://id.analoggamemuseum.org/api/media/21570>,<http://omeka.org/s/vocabs/o#id>,,"""21570""^^<http://www.w3.org/2001/XMLSchema#integer>"
<https://id.analoggamemuseum.org/api/media/21571>,<http://omeka.org/s/vocabs/o#id>,,"""21571""^^<http://www.w3.org/2001/XMLSchema#integer>"
<https://id.analoggamemuseum.org/api/media/21572>,<http://omeka.org/s/vocabs/o#id>,,"""21572""^^<http://www.w3.org/2001/XMLSchema#integer>"
<https://id.analoggamemuseum.org/api/media/21573>,<http://omeka.org/s/vocabs/o#id>,,"""21573""^^<http://www.w3.org/2001/XMLSchema#integer>"
<https://id.analoggamemuseum.org/api/media/21574>,<http://omeka.org/s/vocabs/o#id>,,"""21574""^^<http://www.w3.org/2001/XMLSchema#integer>"
<https://id.analoggamemuseum.org/api/media/21575>,<http://omeka.org/s/vocabs/o#id>,,"""21575""^^<http://www.w3.org/2001/XMLSchema#integer>"
<https://id.analoggamemuseum.org/api/media/21576>,<http://omeka.org/s/vocabs/o#id>,,"""21576""^^<http://www.w3.org/2001/XMLSchema#integer>"
<https://id.analoggamemuseum.org/api/media/21577>,<http://omeka.org/s/vocabs/o#id>,,"""21577""^^<http://www.w3.org/2001/XMLSchema#integer>"
<https://id.analoggamemuseum.org/api/media/21578>,<http://omeka.org/s/vocabs/o#id>,,"""21578""^^<http://www.w3.org/2001/XMLSchema#integer>"
<https://id.analoggamemuseum.org/api/media/21579>,<http://omeka.org/s/vocabs/o#id>,,"""21579""^^<http://www.w3.org/2001/XMLSchema#integer>"
<https://id.analoggamemuseum.org/api/media/21580>,<http://omeka.org/s/vocabs/o#id>,,"""21580""^^<http://www.w3.org/2001/XMLSchema#integer>"
<https://id.analoggamemuseum.org/api/media/21581>,<http://omeka.org/s/vocabs/o#id>,,"""21581""^^<http://www.w3.org/2001/XMLSchema#integer>"
<https://id.analoggamemuseum.org/api/media/21582>,<http://omeka.org/s/vocabs/o#id>,,"""21582""^^<http://www.w3.org/2001/XMLSchema#integer>"
<https://id.analoggamemuseum.org/api/media/21583>,<http://omeka.org/s/vocabs/o#id>,,"""21583""^^<http://www.w3.org/2001/XMLSchema#integer>"
<https://id.analoggamemuseum.org/api/media/21584>,<http://omeka.org/s/vocabs/o#id>,,"""21584""^^<http://www.w3.org/2001/XMLSchema#integer>"
<https://id.analoggamemuseum.org/api/media/21585>,<http://omeka.org/s/vocabs/o#id>,,"""21585""^^<http://www.w3.org/2001/XMLSchema#integer>"
<https://id.analoggamemuseum.org/api/media/21586>,<http://omeka.org/s/vocabs/o#id>,,"""21586""^^<http://www.w3.org/2001/XMLSchema#integer>"
<https://id.analoggamemuseum.org/api/media/21587>,<http://omeka.org/s/vocabs/o#id>,,"""21587""^^<http://www.w3.org/2001/XMLSchema#integer>"
<https://id.analoggamemuseum.org/api/media/21588>,<http://omeka.org/s/vocabs/o#id>,,"""21588""^^<http://www.w3.org/2001/XMLSchema#integer>"
<https://id.analoggamemuseum.org/api/media/21589>,<http://omeka.org/s/vocabs/o#id>,,"""21589""^^<http://www.w3.org/2001/XMLSchema#integer>"
<https://id.analoggamemuseum.org/api/media/21590>,<http://omeka.org/s/vocabs/o#id>,,"""21590""^^<http://www.w3.org/2001/XMLSchema#integer>"
<https://id.analoggamemuseum.org/api/media/21591>,<http://omeka.org/s/vocabs/o#id>,,"""21591""^^<http://www.w3.org/2001/XMLSchema#integer>"
<https://id.analoggamemuseum.org/api/media/21592>,<http://omeka.org/s/vocabs/o#id>,,"""21592""^^<http://www.w3.org/2001/XMLSchema#integer>"
<https://id.analoggamemuseum.org/api/media/21593>,<http://omeka.org/s/vocabs/o#id>,,"""21593""^^<http://www.w3.org/2001/XMLSchema#integer>"
<https://id.analoggamemuseum.org/api/media/21594>,<http://omeka.org/s/vocabs/o#id>,,"""21594""^^<http://www.w3.org/2001/XMLSchema#integer>"
<https://id.analoggamemuseum.org/api/media/21595>,<http://omeka.org/s/vocabs/o#id>,,"""21595""^^<http://www.w3.org/2001/XMLSchema#integer>"
<https://id.analoggamemuseum.org/api/media/21596>,<http://omeka.org/s/vocabs/o#id>,,"""21596""^^<http://www.w3.org/2001/XMLSchema#integer>"
<https://id.analoggamemuseum.org/api/media/21597>,<http://omeka.org/s/vocabs/o#id>,,"""21597""^^<http://www.w3.org/2001/XMLSchema#integer>"
<https://id.analoggamemuseum.org/api/media/21598>,<http://omeka.org/s/vocabs/o#id>,,"""21598""^^<http://www.w3.org/2001/XMLSchema#integer>"
<https://id.analoggamemuseum.org/api/media/21599>,<http://omeka.org/s/vocabs/o#id>,,"""21599""^^<http://www.w3.org/2001/XMLSchema#integer>"
<https://id.analoggamemuseum.org/api/media/21600>,<http://omeka.org/s/vocabs/o#id>,,"""21600""^^<http://www.w3.org/2001/XMLSchema#integer>"
<https://id.analoggamemuseum.org/api/media/21601>,<http://omeka.org/s/vocabs/o#id>,,"""21601""^^<http://www.w3.org/2001/XMLSchema#integer>"
<https://id.analoggamemuseum.org/api/media/21602>,<http://omeka.org/s/vocabs/o#id>,,"""21602""^^<http://www.w3.org/2001/XMLSchema#integer>"
<https://id.analoggamemuseum.org/api/media/21603>,<http://omeka.org/s/vocabs/o#id>,,"""21603""^^<http://www.w3.org/2001/XMLSchema#integer>"
<https://id.analoggamemuseum.org/api/media/21604>,<http://omeka.org/s/vocabs/o#id>,,"""21604""^^<http://www.w3.org/2001/XMLSchema#integer>"
<https://id.analoggamemuseum.org/api/media/21605>,<http://omeka.org/s/vocabs/o#id>,,"""21605""^^<http://www.w3.org/2001/XMLSchema#integer>"
<https://id.analoggamemuseum.org/api/media/21606>,<http://omeka.org/s/vocabs/o#id>,,"""21606""^^<http://www.w3.org/2001/XMLSchema#integer>"
<https://id.analoggamemuseum.org/api/media/21607>,<http://omeka.org/s/vocabs/o#id>,,"""21607""^^<http://www.w3.org/2001/XMLSchema#integer>"
<https://id.analoggamemuseum.org/api/media/21608>,<http://omeka.org/s/vocabs/o#id>,,"""21608""^^<http://www.w3.org/2001/XMLSchema#integer>"
<https://id.analoggamemuseum.org/api/media/21609>,<http://omeka.org/s/vocabs/o#id>,,"""21609""^^<http://www.w3.org/2001/XMLSchema#integer>"
<https://id.analoggamemuseum.org/api/media/21610>,<http://omeka.org/s/vocabs/o#id>,,"""21610""^^<http://www.w3.org/2001/XMLSchema#integer>"
<https://id.analoggamemuseum.org/api/media/21611>,<http://omeka.org/s/vocabs/o#id>,,"""21611""^^<http://www.w3.org/2001/XMLSchema#integer>"
<https://id.analoggamemuseum.org/api/media/21612>,<http://omeka.org/s/vocabs/o#id>,,"""21612""^^<http://www.w3.org/2001/XMLSchema#integer>"
<https://id.analoggamemuseum.org/api/media/21613>,<http://omeka.org/s/vocabs/o#id>,,"""21613""^^<http://www.w3.org/2001/XMLSchema#integer>"
<https://id.analoggamemuseum.org/api/media/21614>,<http://omeka.org/s/vocabs/o#id>,,"""21614""^^<http://www.w3.org/2001/XMLSchema#integer>"
<https://id.analoggamemuseum.org/api/media/21615>,<http://omeka.org/s/vocabs/o#id>,,"""21615""^^<http://www.w3.org/2001/XMLSchema#integer>"
<https://id.analoggamemuseum.org/api/media/21616>,<http://omeka.org/s/vocabs/o#id>,,"""21616""^^<http://www.w3.org/2001/XMLSchema#integer>"
<https://id.analoggamemuseum.org/api/media/21617>,<http://omeka.org/s/vocabs/o#id>,,"""21617""^^<http://www.w3.org/2001/XMLSchema#integer>"
<https://id.analoggamemuseum.org/api/media/21618>,<http://omeka.org/s/vocabs/o#id>,,"""21618""^^<http://www.w3.org/2001/XMLSchema#integer>"
<https://id.analoggamemuseum.org/api/media/21619>,<http://omeka.org/s/vocabs/o#id>,,"""21619""^^<http://www.w3.org/2001/XMLSchema#integer>"
<https://id.analoggamemuseum.org/api/media/21620>,<http://omeka.org/s/vocabs/o#id>,,"""21620""^^<http://www.w3.org/2001/XMLSchema#integer>"
<https://id.analoggamemuseum.org/api/media/21621>,<http://omeka.org/s/vocabs/o#id>,,"""21621""^^<http://www.w3.org/2001/XMLSchema#integer>"
<https://id.analoggamemuseum.org/api/media/21622>,<http://omeka.org/s/vocabs/o#id>,,"""21622""^^<http://www.w3.org/2001/XMLSchema#integer>"
<https://id.analoggamemuseum.org/api/media/21623>,<http://omeka.org/s/vocabs/o#id>,,"""21623""^^<http://www.w3.org/2001/XMLSchema#integer>"
<https://id.analoggamemuseum.org/api/media/21624>,<http://omeka.org/s/vocabs/o#id>,,"""21624""^^<http://www.w3.org/2001/XMLSchema#integer>"
<https://id.analoggamemuseum.org/api/media/21625>,<http://omeka.org/s/vocabs/o#id>,,"""21625""^^<http://www.w3.org/2001/XMLSchema#integer>"
<https://id.analoggamemuseum.org/api/media/21626>,<http://omeka.org/s/vocabs/o#id>,,"""21626""^^<http://www.w3.org/2001/XMLSchema#integer>"
<https://id.analoggamemuseum.org/api/media/21627>,<http://omeka.org/s/vocabs/o#id>,,"""21627""^^<http://www.w3.org/2001/XMLSchema#integer>"
<https://id.analoggamemuseum.org/api/media/21628>,<http://omeka.org/s/vocabs/o#id>,,"""21628""^^<http://www.w3.org/2001/XMLSchema#integer>"
<https://id.analoggamemuseum.org/api/media/21629>,<http://omeka.org/s/vocabs/o#id>,,"""21629""^^<http://www.w3.org/2001/XMLSchema#integer>"
<https://id.analoggamemuseum.org/api/media/21630>,<http://omeka.org/s/vocabs/o#id>,,"""21630""^^<http://www.w3.org/2001/XMLSchema#integer>"
<https://id.analoggamemuseum.org/api/media/21631>,<http://omeka.org/s/vocabs/o#id>,,"""21631""^^<http://www.w3.org/2001/XMLSchema#integer>"
<https://id.analoggamemuseum.org/api/media/21632>,<http://omeka.org/s/vocabs/o#id>,,"""21632""^^<http://www.w3.org/2001/XMLSchema#integer>"
<https://id.analoggamemuseum.org/api/media/21633>,<http://omeka.org/s/vocabs/o#id>,,"""21633""^^<http://www.w3.org/2001/XMLSchema#integer>"
<https://id.analoggamemuseum.org/api/media/21634>,<http://omeka.org/s/vocabs/o#id>,,"""21634""^^<http://www.w3.org/2001/XMLSchema#integer>"
<https://id.analoggamemuseum.org/api/media/21635>,<http://omeka.org/s/vocabs/o#id>,,"""21635""^^<http://www.w3.org/2001/XMLSchema#integer>"
<https://id.analoggamemuseum.org/api/media/21636>,<http://omeka.org/s/vocabs/o#id>,,"""21636""^^<http://www.w3.org/2001/XMLSchema#integer>"
<https://id.analoggamemuseum.org/api/media/21637>,<http://omeka.org/s/vocabs/o#id>,,"""21637""^^<http://www.w3.org/2001/XMLSchema#integer>"
<https://id.analoggamemuseum.org/api/media/21638>,<http://omeka.org/s/vocabs/o#id>,,"""21638""^^<http://www.w3.org/2001/XMLSchema#integer>"
<https://id.analoggamemuseum.org/api/media/21639>,<http://omeka.org/s/vocabs/o#id>,,"""21639""^^<http://www.w3.org/2001/XMLSchema#integer>"
<https://id.analoggamemuseum.org/api/media/21640>,<http://omeka.org/s/vocabs/o#id>,,"""21640""^^<http://www.w3.org/2001/XMLSchema#integer>"
<https://id.analoggamemuseum.org/api/media/21641>,<http://omeka.org/s/vocabs/o#id>,,"""21641""^^<http://www.w3.org/2001/XMLSchema#integer>"
<https://id.analoggamemuseum.org/api/media/21642>,<http://omeka.org/s/vocabs/o#id>,,"""21642""^^<http://www.w3.org/2001/XMLSchema#integer>"
<https://id.analoggamemuseum.org/api/media/21643>,<http://omeka.org/s/vocabs/o#id>,,"""21643""^^<http://www.w3.org/2001/XMLSchema#integer>"
<https://id.analoggamemuseum.org/api/media/21644>,<http://omeka.org/s/vocabs/o#id>,,"""21644""^^<http://www.w3.org/2001/XMLSchema#integer>"
<https://id.analoggamemuseum.org/api/media/21645>,<http://omeka.org/s/vocabs/o#id>,,"""21645""^^<http://www.w3.org/2001/XMLSchema#integer>"
<https://id.analoggamemuseum.org/api/media/21646>,<http://omeka.org/s/vocabs/o#id>,,"""21646""^^<http://www.w3.org/2001/XMLSchema#integer>"
<https://id.analoggamemuseum.org/api/media/21647>,<http://omeka.org/s/vocabs/o#id>,,"""21647""^^<http://www.w3.org/2001/XMLSchema#integer>"
<https://id.analoggamemuseum.org/api/media/21648>,<http://omeka.org/s/vocabs/o#id>,,"""21648""^^<http://www.w3.org/2001/XMLSchema#integer>"
<https://id.analoggamemuseum.org/api/media/21649>,<http://omeka.org/s/vocabs/o#id>,,"""21649""^^<http://www.w3.org/2001/XMLSchema#integer>"
<https://id.analoggamemuseum.org/api/media/21650>,<http://omeka.org/s/vocabs/o#id>,,"""21650""^^<http://www.w3.org/2001/XMLSchema#integer>"
<https://id.analoggamemuseum.org/api/media/21651>,<http://omeka.org/s/vocabs/o#id>,,"""21651""^^<http://www.w3.org/2001/XMLSchema#integer>"
<https://id.analoggamemuseum.org/api/media/21652>,<http://omeka.org/s/vocabs/o#id>,,"""21652""^^<http://www.w3.org/2001/XMLSchema#integer>"
<https://id.analoggamemuseum.org/api/media/21653>,<http://omeka.org/s/vocabs/o#id>,,"""21653""^^<http://www.w3.org/2001/XMLSchema#integer>"
<https://id.analoggamemuseum.org/api/media/21654>,<http://omeka.org/s/vocabs/o#id>,,"""21654""^^<http://www.w3.org/2001/XMLSchema#integer>"
<https://id.analoggamemuseum.org/api/media/21655>,<http://omeka.org/s/vocabs/o#id>,,"""21655""^^<http://www.w3.org/2001/XMLSchema#integer>"
<https://id.analoggamemuseum.org/api/media/21656>,<http://omeka.org/s/vocabs/o#id>,,"""21656""^^<http://www.w3.org/2001/XMLSchema#integer>"
<https://id.analoggamemuseum.org/api/media/21657>,<http://omeka.org/s/vocabs/o#id>,,"""21657""^^<http://www.w3.org/2001/XMLSchema#integer>"
<https://id.analoggamemuseum.org/api/media/21658>,<http://omeka.org/s/vocabs/o#id>,,"""21658""^^<http://www.w3.org/2001/XMLSchema#integer>"
<https://id.analoggamemuseum.org/api/media/21659>,<http://omeka.org/s/vocabs/o#id>,,"""21659""^^<http://www.w3.org/2001/XMLSchema#integer>"
<https://id.analoggamemuseum.org/api/media/21660>,<http://omeka.org/s/vocabs/o#id>,,"""21660""^^<http://www.w3.org/2001/XMLSchema#integer>"
<https://id.analoggamemuseum.org/api/media/21661>,<http://omeka.org/s/vocabs/o#id>,,"""21661""^^<http://www.w3.org/2001/XMLSchema#integer>"
<https://id.analoggamemuseum.org/api/media/21662>,<http://omeka.org/s/vocabs/o#id>,,"""21662""^^<http://www.w3.org/2001/XMLSchema#integer>"
<https://id.analoggamemuseum.org/api/media/21663>,<http://omeka.org/s/vocabs/o#id>,,"""21663""^^<http://www.w3.org/2001/XMLSchema#integer>"
<https://id.analoggamemuseum.org/api/media/21664>,<http://omeka.org/s/vocabs/o#id>,,"""21664""^^<http://www.w3.org/2001/XMLSchema#integer>"
<https://id.analoggamemuseum.org/api/media/21665>,<http://omeka.org/s/vocabs/o#id>,,"""21665""^^<http://www.w3.org/2001/XMLSchema#integer>"
<https://id.analoggamemuseum.org/api/media/21666>,<http://omeka.org/s/vocabs/o#id>,,"""21666""^^<http://www.w3.org/2001/XMLSchema#integer>"
<https://id.analoggamemuseum.org/api/media/21667>,<http://omeka.org/s/vocabs/o#id>,,"""21667""^^<http://www.w3.org/2001/XMLSchema#integer>"
<https://id.analoggamemuseum.org/api/media/21668>,<http://omeka.org/s/vocabs/o#id>,,"""21668""^^<http://www.w3.org/2001/XMLSchema#integer>"
<https://id.analoggamemuseum.org/api/media/21669>,<http://omeka.org/s/vocabs/o#id>,,"""21669""^^<http://www.w3.org/2001/XMLSchema#integer>"
<https://id.analoggamemuseum.org/api/media/21670>,<http://omeka.org/s/vocabs/o#id>,,"""21670""^^<http://www.w3.org/2001/XMLSchema#integer>"
<https://id.analoggamemuseum.org/api/media/21671>,<http://omeka.org/s/vocabs/o#id>,,"""21671""^^<http://www.w3.org/2001/XMLSchema#integer>"
<https://id.analoggamemuseum.org/api/media/21672>,<http://omeka.org/s/vocabs/o#id>,,"""21672""^^<http://www.w3.org/2001/XMLSchema#integer>"
<https://id.analoggamemuseum.org/api/media/21673>,<http://omeka.org/s/vocabs/o#id>,,"""21673""^^<http://www.w3.org/2001/XMLSchema#integer>"
<https://id.analoggamemuseum.org/api/media/21674>,<http://omeka.org/s/vocabs/o#id>,,"""21674""^^<http://www.w3.org/2001/XMLSchema#integer>"
<https://id.analoggamemuseum.org/api/media/21675>,<http://omeka.org/s/vocabs/o#id>,,"""21675""^^<http://www.w3.org/2001/XMLSchema#integer>"
<https://id.analoggamemuseum.org/api/media/21676>,<http://omeka.org/s/vocabs/o#id>,,"""21676""^^<http://www.w3.org/2001/XMLSchema#integer>"
<https://id.analoggamemuseum.org/api/media/21677>,<http://omeka.org/s/vocabs/o#id>,,"""21677""^^<http://www.w3.org/2001/XMLSchema#integer>"
<https://id.analoggamemuseum.org/api/media/21678>,<http://omeka.org/s/vocabs/o#id>,,"""21678""^^<http://www.w3.org/2001/XMLSchema#integer>"
<https://id.analoggamemuseum.org/api/media/21679>,<http://omeka.org/s/vocabs/o#id>,,"""21679""^^<http://www.w3.org/2001/XMLSchema#integer>"
<https://id.analoggamemuseum.org/api/media/21680>,<http://omeka.org/s/vocabs/o#id>,,"""21680""^^<http://www.w3.org/2001/XMLSchema#integer>"
<https://id.analoggamemuseum.org/api/media/21681>,<http://omeka.org/s/vocabs/o#id>,,"""21681""^^<http://www.w3.org/2001/XMLSchema#integer>"
<https://id.analoggamemuseum.org/api/media/21682>,<http://omeka.org/s/vocabs/o#id>,,"""21682""^^<http://www.w3.org/2001/XMLSchema#integer>"
<https://id.analoggamemuseum.org/api/media/21683>,<http://omeka.org/s/vocabs/o#id>,,"""21683""^^<http://www.w3.org/2001/XMLSchema#integer>"
<https://id.analoggamemuseum.org/api/media/21684>,<http://omeka.org/s/vocabs/o#id>,,"""21684""^^<http://www.w3.org/2001/XMLSchema#integer>"
<https://id.analoggamemuseum.org/api/media/21685>,<http://omeka.org/s/vocabs/o#id>,,"""21685""^^<http://www.w3.org/2001/XMLSchema#integer>"
<https://id.analoggamemuseum.org/api/media/21686>,<http://omeka.org/s/vocabs/o#id>,,"""21686""^^<http://www.w3.org/2001/XMLSchema#integer>"
<https://id.analoggamemuseum.org/api/media/21687>,<http://omeka.org/s/vocabs/o#id>,,"""21687""^^<http://www.w3.org/2001/XMLSchema#integer>"
<https://id.analoggamemuseum.org/api/media/21688>,<http://omeka.org/s/vocabs/o#id>,,"""21688""^^<http://www.w3.org/2001/XMLSchema#integer>"
<https://id.analoggamemuseum.org/api/media/21689>,<http://omeka.org/s/vocabs/o#id>,,"""21689""^^<http://www.w3.org/2001/XMLSchema#integer>"
<https://id.analoggamemuseum.org/api/media/21690>,<http://omeka.org/s/vocabs/o#id>,,"""21690""^^<http://www.w3.org/2001/XMLSchema#integer>"
<https://id.analoggamemuseum.org/api/media/21691>,<http://omeka.org/s/vocabs/o#id>,,"""21691""^^<http://www.w3.org/2001/XMLSchema#integer>"
<https://id.analoggamemuseum.org/api/media/21692>,<http://omeka.org/s/vocabs/o#id>,,"""21692""^^<http://www.w3.org/2001/XMLSchema#integer>"
<https://id.analoggamemuseum.org/api/media/21693>,<http://omeka.org/s/vocabs/o#id>,,"""21693""^^<http://www.w3.org/2001/XMLSchema#integer>"
<https://id.analoggamemuseum.org/api/media/21694>,<http://omeka.org/s/vocabs/o#id>,,"""21694""^^<http://www.w3.org/2001/XMLSchema#integer>"
<https://id.analoggamemuseum.org/api/media/21695>,<http://omeka.org/s/vocabs/o#id>,,"""21695""^^<http://www.w3.org/2001/XMLSchema#integer>"
<https://id.analoggamemuseum.org/api/media/21696>,<http://omeka.org/s/vocabs/o#id>,,"""21696""^^<http://www.w3.org/2001/XMLSchema#integer>"
<https://id.analoggamemuseum.org/api/media/21697>,<http://omeka.org/s/vocabs/o#id>,,"""21697""^^<http://www.w3.org/2001/XMLSchema#integer>"
<https://id.analoggamemuseum.org/api/media/21698>,<http://omeka.org/s/vocabs/o#id>,,"""21698""^^<http://www.w3.org/2001/XMLSchema#integer>"
<https://id.analoggamemuseum.org/api/media/21699>,<http://omeka.org/s/vocabs/o#id>,,"""21699""^^<http://www.w3.org/2001/XMLSchema#integer>"
<https://id.analoggamemuseum.org/api/media/21700>,<http://omeka.org/s/vocabs/o#id>,,"""21700""^^<http://www.w3.org/2001/XMLSchema#integer>"
<https://id.analoggamemuseum.org/api/media/21701>,<http://omeka.org/s/vocabs/o#id>,,"""21701""^^<http://www.w3.org/2001/XMLSchema#integer>"
<https://id.analoggamemuseum.org/api/media/21702>,<http://omeka.org/s/vocabs/o#id>,,"""21702""^^<http://www.w3.org/2001/XMLSchema#integer>"
<https://id.analoggamemuseum.org/api/media/21703>,<http://omeka.org/s/vocabs/o#id>,,"""21703""^^<http://www.w3.org/2001/XMLSchema#integer>"
<https://id.analoggamemuseum.org/api/media/21704>,<http://omeka.org/s/vocabs/o#id>,,"""21704""^^<http://www.w3.org/2001/XMLSchema#integer>"
<https://id.analoggamemuseum.org/api/media/21705>,<http://omeka.org/s/vocabs/o#id>,,"""21705""^^<http://www.w3.org/2001/XMLSchema#integer>"
<https://id.analoggamemuseum.org/api/media/21706>,<http://omeka.org/s/vocabs/o#id>,,"""21706""^^<http://www.w3.org/2001/XMLSchema#integer>"
<https://id.analoggamemuseum.org/api/media/21707>,<http://omeka.org/s/vocabs/o#id>,,"""21707""^^<http://www.w3.org/2001/XMLSchema#integer>"
<https://id.analoggamemuseum.org/api/media/21708>,<http://omeka.org/s/vocabs/o#id>,,"""21708""^^<http://www.w3.org/2001/XMLSchema#integer>"
<https://id.analoggamemuseum.org/api/media/21709>,<http://omeka.org/s/vocabs/o#id>,,"""21709""^^<http://www.w3.org/2001/XMLSchema#integer>"
<https://id.analoggamemuseum.org/api/media/21710>,<http://omeka.org/s/vocabs/o#id>,,"""21710""^^<http://www.w3.org/2001/XMLSchema#integer>"
<https://id.analoggamemuseum.org/api/media/21711>,<http://omeka.org/s/vocabs/o#id>,,"""21711""^^<http://www.w3.org/2001/XMLSchema#integer>"
<https://id.analoggamemuseum.org/api/media/21712>,<http://omeka.org/s/vocabs/o#id>,,"""21712""^^<http://www.w3.org/2001/XMLSchema#integer>"
<https://id.analoggamemuseum.org/api/media/21713>,<http://omeka.org/s/vocabs/o#id>,,"""21713""^^<http://www.w3.org/2001/XMLSchema#integer>"
<https://id.analoggamemuseum.org/api/media/21714>,<http://omeka.org/s/vocabs/o#id>,,"""21714""^^<http://www.w3.org/2001/XMLSchema#integer>"
<https://id.analoggamemuseum.org/api/media/21715>,<http://omeka.org/s/vocabs/o#id>,,"""21715""^^<http://www.w3.org/2001/XMLSchema#integer>"
<https://id.analoggamemuseum.org/api/media/21716>,<http://omeka.org/s/vocabs/o#id>,,"""21716""^^<http://www.w3.org/2001/XMLSchema#integer>"
<https://id.analoggamemuseum.org/api/media/21717>,<http://omeka.org/s/vocabs/o#id>,,"""21717""^^<http://www.w3.org/2001/XMLSchema#integer>"
<https://id.analoggamemuseum.org/api/media/21718>,<http://omeka.org/s/vocabs/o#id>,,"""21718""^^<http://www.w3.org/2001/XMLSchema#integer>"
<https://id.analoggamemuseum.org/api/media/21719>,<http://omeka.org/s/vocabs/o#id>,,"""21719""^^<http://www.w3.org/2001/XMLSchema#integer>"
<https://id.analoggamemuseum.org/api/media/21720>,<http://omeka.org/s/vocabs/o#id>,,"""21720""^^<http://www.w3.org/2001/XMLSchema#integer>"
<https://id.analoggamemuseum.org/api/media/21721>,<http://omeka.org/s/vocabs/o#id>,,"""21721""^^<http://www.w3.org/2001/XMLSchema#integer>"
<https://id.analoggamemuseum.org/api/media/21722>,<http://omeka.org/s/vocabs/o#id>,,"""21722""^^<http://www.w3.org/2001/XMLSchema#integer>"
<https://id.analoggamemuseum.org/api/media/21723>,<http://omeka.org/s/vocabs/o#id>,,"""21723""^^<http://www.w3.org/2001/XMLSchema#integer>"
<https://id.analoggamemuseum.org/api/media/21724>,<http://omeka.org/s/vocabs/o#id>,,"""21724""^^<http://www.w3.org/2001/XMLSchema#integer>"
<https://id.analoggamemuseum.org/api/media/21725>,<http://omeka.org/s/vocabs/o#id>,,"""21725""^^<http://www.w3.org/2001/XMLSchema#integer>"
<https://id.analoggamemuseum.org/api/media/21726>,<http://omeka.org/s/vocabs/o#id>,,"""21726""^^<http://www.w3.org/2001/XMLSchema#integer>"
<https://id.analoggamemuseum.org/api/media/21727>,<http://omeka.org/s/vocabs/o#id>,,"""21727""^^<http://www.w3.org/2001/XMLSchema#integer>"
<https://id.analoggamemuseum.org/api/media/21728>,<http://omeka.org/s/vocabs/o#id>,,"""21728""^^<http://www.w3.org/2001/XMLSchema#integer>"
<https://id.analoggamemuseum.org/api/media/21729>,<http://omeka.org/s/vocabs/o#id>,,"""21729""^^<http://www.w3.org/2001/XMLSchema#integer>"
<https://id.analoggamemuseum.org/api/media/21730>,<http://omeka.org/s/vocabs/o#id>,,"""21730""^^<http://www.w3.org/2001/XMLSchema#integer>"
<https://id.analoggamemuseum.org/api/media/21731>,<http://omeka.org/s/vocabs/o#id>,,"""21731""^^<http://www.w3.org/2001/XMLSchema#integer>"
<https://id.analoggamemuseum.org/api/media/21732>,<http://omeka.org/s/vocabs/o#id>,,"""21732""^^<http://www.w3.org/2001/XMLSchema#integer>"
<https://id.analoggamemuseum.org/api/media/21733>,<http://omeka.org/s/vocabs/o#id>,,"""21733""^^<http://www.w3.org/2001/XMLSchema#integer>"
<https://id.analoggamemuseum.org/api/media/21734>,<http://omeka.org/s/vocabs/o#id>,,"""21734""^^<http://www.w3.org/2001/XMLSchema#integer>"
<https://id.analoggamemuseum.org/api/media/21735>,<http://omeka.org/s/vocabs/o#id>,,"""21735""^^<http://www.w3.org/2001/XMLSchema#integer>"
<https://id.analoggamemuseum.org/api/media/21736>,<http://omeka.org/s/vocabs/o#id>,,"""21736""^^<http://www.w3.org/2001/XMLSchema#integer>"
<https://id.analoggamemuseum.org/api/media/21737>,<http://omeka.org/s/vocabs/o#id>,,"""21737""^^<http://www.w3.org/2001/XMLSchema#integer>"
<https://id.analoggamemuseum.org/api/media/21738>,<http://omeka.org/s/vocabs/o#id>,,"""21738""^^<http://www.w3.org/2001/XMLSchema#integer>"
<https://id.analoggamemuseum.org/api/media/21739>,<http://omeka.org/s/vocabs/o#id>,,"""21739""^^<http://www.w3.org/2001/XMLSchema#integer>"
<https://id.analoggamemuseum.org/api/media/21740>,<http://omeka.org/s/vocabs/o#id>,,"""21740""^^<http://www.w3.org/2001/XMLSchema#integer>"
<https://id.analoggamemuseum.org/api/media/21741>,<http://omeka.org/s/vocabs/o#id>,,"""21741""^^<http://www.w3.org/2001/XMLSchema#integer>"
<https://id.analoggamemuseum.org/api/media/21742>,<http://omeka.org/s/vocabs/o#id>,,"""21742""^^<http://www.w3.org/2001/XMLSchema#integer>"
<https://id.analoggamemuseum.org/api/media/21743>,<http://omeka.org/s/vocabs/o#id>,,"""21743""^^<http://www.w3.org/2001/XMLSchema#integer>"
<https://id.analoggamemuseum.org/api/media/21744>,<http://omeka.org/s/vocabs/o#id>,,"""21744""^^<http://www.w3.org/2001/XMLSchema#integer>"
<https://id.analoggamemuseum.org/api/media/21745>,<http://omeka.org/s/vocabs/o#id>,,"""21745""^^<http://www.w3.org/2001/XMLSchema#integer>"
<https://id.analoggamemuseum.org/api/media/21746>,<http://omeka.org/s/vocabs/o#id>,,"""21746""^^<http://www.w3.org/2001/XMLSchema#integer>"
<https://id.analoggamemuseum.org/api/media/21747>,<http://omeka.org/s/vocabs/o#id>,,"""21747""^^<http://www.w3.org/2001/XMLSchema#integer>"
<https://id.analoggamemuseum.org/api/media/21748>,<http://omeka.org/s/vocabs/o#id>,,"""21748""^^<http://www.w3.org/2001/XMLSchema#integer>"
<https://id.analoggamemuseum.org/api/media/21749>,<http://omeka.org/s/vocabs/o#id>,,"""21749""^^<http://www.w3.org/2001/XMLSchema#integer>"
<https://id.analoggamemuseum.org/api/media/21750>,<http://omeka.org/s/vocabs/o#id>,,"""21750""^^<http://www.w3.org/2001/XMLSchema#integer>"
<https://id.analoggamemuseum.org/api/media/21751>,<http://omeka.org/s/vocabs/o#id>,,"""21751""^^<http://www.w3.org/2001/XMLSchema#integer>"
<https://id.analoggamemuseum.org/api/media/21752>,<http://omeka.org/s/vocabs/o#id>,,"""21752""^^<http://www.w3.org/2001/XMLSchema#integer>"
<https://id.analoggamemuseum.org/api/media/21753>,<http://omeka.org/s/vocabs/o#id>,,"""21753""^^<http://www.w3.org/2001/XMLSchema#integer>"
<https://id.analoggamemuseum.org/api/media/21754>,<http://omeka.org/s/vocabs/o#id>,,"""21754""^^<http://www.w3.org/2001/XMLSchema#integer>"
<https://id.analoggamemuseum.org/api/media/21755>,<http://omeka.org/s/vocabs/o#id>,,"""21755""^^<http://www.w3.org/2001/XMLSchema#integer>"
<https://id.analoggamemuseum.org/api/media/21756>,<http://omeka.org/s/vocabs/o#id>,,"""21756""^^<http://www.w3.org/2001/XMLSchema#integer>"
<https://id.analoggamemuseum.org/api/media/21757>,<http://omeka.org/s/vocabs/o#id>,,"""21757""^^<http://www.w3.org/2001/XMLSchema#integer>"
<https://id.analoggamemuseum.org/api/media/21758>,<http://omeka.org/s/vocabs/o#id>,,"""21758""^^<http://www.w3.org/2001/XMLSchema#integer>"
<https://id.analoggamemuseum.org/api/media/21759>,<http://omeka.org/s/vocabs/o#id>,,"""21759""^^<http://www.w3.org/2001/XMLSchema#integer>"
<https://id.analoggamemuseum.org/api/media/21760>,<http://omeka.org/s/vocabs/o#id>,,"""21760""^^<http://www.w3.org/2001/XMLSchema#integer>"
<https://id.analoggamemuseum.org/api/media/21761>,<http://omeka.org/s/vocabs/o#id>,,"""21761""^^<http://www.w3.org/2001/XMLSchema#integer>"
<https://id.analoggamemuseum.org/api/media/21762>,<http://omeka.org/s/vocabs/o#id>,,"""21762""^^<http://www.w3.org/2001/XMLSchema#integer>"
<https://id.analoggamemuseum.org/api/media/21763>,<http://omeka.org/s/vocabs/o#id>,,"""21763""^^<http://www.w3.org/2001/XMLSchema#integer>"
<https://id.analoggamemuseum.org/api/media/21764>,<http://omeka.org/s/vocabs/o#id>,,"""21764""^^<http://www.w3.org/2001/XMLSchema#integer>"
<https://id.analoggamemuseum.org/api/media/21765>,<http://omeka.org/s/vocabs/o#id>,,"""21765""^^<http://www.w3.org/2001/XMLSchema#integer>"
<https://id.analoggamemuseum.org/api/media/21766>,<http://omeka.org/s/vocabs/o#id>,,"""21766""^^<http://www.w3.org/2001/XMLSchema#integer>"
<https://id.analoggamemuseum.org/api/media/21767>,<http://omeka.org/s/vocabs/o#id>,,"""21767""^^<http://www.w3.org/2001/XMLSchema#integer>"
<https://id.analoggamemuseum.org/api/media/21768>,<http://omeka.org/s/vocabs/o#id>,,"""21768""^^<http://www.w3.org/2001/XMLSchema#integer>"
<https://id.analoggamemuseum.org/api/media/21769>,<http://omeka.org/s/vocabs/o#id>,,"""21769""^^<http://www.w3.org/2001/XMLSchema#integer>"
<https://id.analoggamemuseum.org/api/media/21770>,<http://omeka.org/s/vocabs/o#id>,,"""21770""^^<http://www.w3.org/2001/XMLSchema#integer>"
<https://id.analoggamemuseum.org/api/media/21771>,<http://omeka.org/s/vocabs/o#id>,,"""21771""^^<http://www.w3.org/2001/XMLSchema#integer>"
<https://id.analoggamemuseum.org/api/media/21772>,<http://omeka.org/s/vocabs/o#id>,,"""21772""^^<http://www.w3.org/2001/XMLSchema#integer>"
<https://id.analoggamemuseum.org/api/media/21773>,<http://omeka.org/s/vocabs/o#id>,,"""21773""^^<http://www.w3.org/2001/XMLSchema#integer>"
<https://id.analoggamemuseum.org/api/media/21774>,<http://omeka.org/s/vocabs/o#id>,,"""21774""^^<http://www.w3.org/2001/XMLSchema#integer>"
<https://id.analoggamemuseum.org/api/media/21775>,<http://omeka.org/s/vocabs/o#id>,,"""21775""^^<http://www.w3.org/2001/XMLSchema#integer>"
<https://id.analoggamemuseum.org/api/media/21776>,<http://omeka.org/s/vocabs/o#id>,,"""21776""^^<http://www.w3.org/2001/XMLSchema#integer>"
<https://id.analoggamemuseum.org/api/media/21777>,<http://omeka.org/s/vocabs/o#id>,,"""21777""^^<http://www.w3.org/2001/XMLSchema#integer>"
<https://id.analoggamemuseum.org/api/media/21778>,<http://omeka.org/s/vocabs/o#id>,,"""21778""^^<http://www.w3.org/2001/XMLSchema#integer>"
